full_content,sentiment_label
Amenaza de tiroteo en campus de la usm ,neutral
Finalmente: Criptoquesitos afuera de la USM Sede Viña del Mar ,neutral
"Soy el estudiante que ""sapeó"" que en las redes estatales habían descargas P2P, AmA Soy un estudiante que va en tercer semestre de ing informática en la USM qué hace unos meses realizó 2 investigaciones respecto a redes estatales y descargas p2p [1](https://www.biobiochile.cl/especial/bbcl-investiga/noticias/cronicas/2022/02/22/de-peacemaker-a-eternals-descargas-ilegales-desde-redes-del-gobierno-bajo-la-lupa-de-contraloria.shtml) , [2](https://www.biobiochile.cl/especial/bbcl-investiga/noticias/de-pasillo/2022/04/07/el-triple-x-del-gobierno-descubren-descarga-de-peliculas-porno-a-traves-de-red-estatal.shtml), estuve hasta en el ministerio del interior hace un tiempo por el descubrimiento junto con algunos canales de TV.

Y bueno, quise hacer este AmA porque me gustaría responder preguntas sobre el tema y/o algunas random! 

Los Leo",neutral
"Resultados Best of r/Chile 2022 *(música de fondo* [*https://youtu.be/8yS5qiXpDOw?t=60*](https://youtu.be/8yS5qiXpDOw?t=60)*)*

¡[Bienvenides](https://i.imgur.com/wl2YJ4Z.png) a esta nueva ceremonia de [The Best of rChile](https://i.imgur.com/Qpf2PQD.png)!

Ya estamos casi a mitad de año, por lo que es un buen momento para rememorar lo mejor del 2022. ¿Cómo va este año rediturres? ¿Han cumplido algunas de sus metas propuestas? 

Más allá de eso, les traemos lo mejor de lo mejor, la creme de la creme. Desde las propias nominaciones hechas por ustedes y los mismos [votos](https://i.imgur.com/WajuiOR.png) que ustedes dieron, tenemos 5 categorias ~~que son casi iguales~~ con 206 votos validamente emitidos.

[!Gracias por todos los que fueron parte de este evento allá hace varios meses atrás¡](https://i.imgur.com/9iNGWUk.png)


Las categorías son:

# Mejor Shitpost

Cada año, entre invaluable y riquísimo debate filosofico y [cultural](https://i.imgur.com/KJQMcCc.png), sale uno que otro contenido que entra en la categoría de Shitpost. Aquí se escoge a lo mejor, ¿este mejor es el más mierda o el menos mierda?

Los finalistas son:


* [Huaso Elden Ring](https://www.reddit.com/r/chile/comments/td6bi0/meanwhile_in_the_lands_between_of_chile/)
* [Disfrazado de Pinochet en 8vo](https://www.reddit.com/r/chile/comments/y92z02/comment/it3z33u/?&amp;context=3)
* [El niño que estaba en primera fila para el evento del apruebo en Valpo](https://www.reddit.com/r/chile/comments/wzmhnw/no_les_voy_a_mentir_no_esperaba_un_auto_golazo/)



Entre estos competidores aquel que se lleva el copihue con el 31% de las preferencias, el mejor shitpost del 2022 es para: &gt;!El huaso Elden Ring!&lt;


# Mejor OC

Como la categoría anterior solo que aqui se supone que lo hizo el usuario que posteo. 

Los finalistas son:


* [Fonasa](https://www.reddit.com/r/chile/comments/vdtnr5/fonasa/)
* [r/Chile en r/Place](https://www.reddit.com/comments/twg4tx)
* [Conversación de Whatsapp sobre un arriendo](https://www.reddit.com/r/chile/comments/upgqs4/conversaci%C3%B3n_de_whatsapp_que_tuve_donde_la_due%C3%B1a/)

Con el 42.6% de las preferencias, el primer lugar es para &gt;!r/Chile en r/Place!&lt;


# Mejor Comentario

Cada año nos llevamos de las más elocuentes voces y ustedes escogieron a aquel comentario que quedará en los anales de r/Chile.

Los finalistas son:


* [El comentario de todos los lunes](https://www.reddit.com/r/chile/comments/10p1cst/ultimo_l_u_n_e_s_de_enero/j6i98dw/)
* [Una pregunta para la campeona regional de Yu-Gi-Oh!](https://www.reddit.com/r/chile/comments/uz3h93/soy_campeona_regional_de_yugioh_ama/ia84y4m/)
* [Sobre la amenaza de tiroteo en la USM](https://www.reddit.com/r/chile/comments/u6j0w1/amenaza_de_tiroteo_en_campus_de_la_usm/i58o4jq/?context=3)


Con 43.1%, el comentario más perpicaz, quien se lleva el copihue es &gt;!la pregunta a la campeona de Yu-Gi-Oh!&lt;


# Mejor Post

Entre un mar de inagotable creatividad, cada post de r/Chile 

* [Funa a gato de TurBus](https://www.reddit.com/r/chile/comments/us298w/hola_funo_a_este_weon_que_no_me_atendió_en_el/)
* [Pudú Shiny](https://www.reddit.com/r/chile/comments/t6spi4/avistamiento_de_pud%C3%BA_albino_en_cucao_chilo%C3%A9/)
* [Chile manda el primer nugget de Amogus al casi espacio](https://www.reddit.com/r/chile/comments/xsvqfi/chile_env%C3%ADa_el_primer_nugget_de_amogus_al_espacio/)

Con solo un 18.5% de las preferencias (que peleado señores!) el copihue se lo lleva &gt;!la funa al gato de TurBus!&lt;



# Mención Honrosa

Como en cada edición solo aceptamos post/comentarios de usuarios que se encuentran no-eliminados (para las nominaciones por lo menos) hubieron algunas pequeñas joyas que se perdieron en el abismo del [deleted](https://i.imgur.com/gqO77Tu.png).

Por ello queremos recordar con una mención honrosa dos publicaciones:

* Tal vez muchos recordarán el [AMA del Stripper](https://www.reddit.com/r/chile/comments/xvht6o/comment/) perdido entre nukeos y deletes. Será recordado en [nuestra memoria](https://i.imgur.com/yU26re9.png) como uno de los mejores AMAs del sub.
* [Una historia de esfuerzo y dedicación que muestra como reciclando se pueden lograr grandes cosas](https://www.reddit.com/r/chile/comments/umigx7/les_vengo_a_contar_una_historia_de_esfuerzo_y/)


# Mejor Usuario

Cada año celebramos al top 3 de usuarios en el sub. Sabemos que muchos lurkean, pero entre tantos comentarios siempre hay algunos usuarios que por una u otra razón son recordados. Es por eso que les pedimos que nominaran y votaran por aquellos usuarios que creen que deben obtener la codiciada Palta de Oro.

Este año los ganadores son:

* La palta de Bronce se la lleva aquel personaje que dice vivir en mansiones, con una vida llena de lujos y deporte, además de una religiosidad que convierte al págano que se le cruce en el camino. BROMA HOMBRE!!! Así es, la Palta de Bronce es para &gt;!u/proletarianpanzer!&lt; !!!

* Uno de los usuarios más antiguos del sub, que recuerda aquellos tiempos donde todo esto era campo y tiene una afición por cachurear en las ferias y hacer funcionar tecnología vieja. Así es, la Palta de Plata es para alguien que vuelve al top 3 &gt;!u/ozzraven!&lt; !!!

* Finalmente, un usuario también que lleva muchos años en el sub y supo darle alegria a todos por muchos meses cada lunes. Con una creatividad envidiable y una edición fantástica, supo darle un giro a la [pregunta](https://i.imgur.com/q2YHFKt.png) que todos los hacemos los lunes en la mañana. Así es, este año la Palta de Oro 2022 es para &gt;!u/UgaTEC!&lt; !!!

Los ganadores de esta categoría favor comentar para recibir su premio.


Así termina otra ceremonia de The Best of rChile. Esperamos que esta instancia haya servido para recordar y rememorar aquel 2022 ya tan [lejano](https://i.imgur.com/WEfqFr7.png). No olviden guardar post y comentarios para ser nominados a fin de año en una nueva versión de The Best of rChile [este 2023](https://i.imgur.com/b8FKCBM.png).

Desde el [equipo](https://i.imgur.com/0Amci1P.png) de [moderación](https://i.imgur.com/gzFQrxq.png) les [queremos](https://i.imgur.com/Na4mqWq.png) agradecer por su participación que hace posible encontrarnos con una ceremonia como esta. Sin ustedes nada de esto sería posible.

¡[Gracias](https://i.imgur.com/kr1ORrF.png) por participar!",neutral
USM presenta: Ingeniería en ingeniería ,neutral
"Siento que soy un fracasado y que no tengo las capacidades de nada, ¿y si mejor me suicidio? Buenas noches, soy nuevo en este sitio y estoy probando si alguien me puede orientar una ayudita sobre mi situación.

Les cuento, soy un estudiante de 21 años que está en la universidad actualmente, a los 18 años di mi PSU con un super buen NEM y Ranking (tanto así que obtuve el derecho también de estudiar con el CAE), aunque lo que me facilitó más entrar fue por la vía de admisión especial, estaba muy entusiasmado a entrar a la universidad ese día (USM) y muy feliz cuando me llegó la noticia que fui seleccionado, no lo podía creer.

Siempre he sido un súper buen alumno bueno para la computación, matemáticas y física, y es por eso que me incliné a Ingeniería Civil Informática.

Luego llegó la pandemia, a pesar de que uno de mis deseos era conocer más gente porque creía que podía tener más afinidad y gustos similares con ellos, no fue motivo para desmotivarme para por lo menos hacer una clase online de igual forma, ya que estaba feliz de haber entrado en la universidad. 

Apenas me tocaron los primeros días de clases en la universidad de forma remota me hizo que estuviese más o menos porque sentía que de esa modalidad no aprendía nada de nada, siempre habían problemas de conexión, y no estoy acostumbrado a aprender por esa vía y es ahí cuando mi salud mental paulatinamente empezó a empeorar...

Estaba esperanzado de aprender programación en la universidad cuando reprobé el ramo, a pesar de hacer el primer semestre aprobando los primeros cuatro ramos y el profesor me recomendó que des inscribiera uno para no atrasarme, me hizo sentir peor.

Y como mi salud mental, estrés, encierro me hizo empeorar, decidí congelar el segundo semestre del 2020 para tomarme un receso.

Volví el 2021 y me pasó lo mismo en el primer semestre, no aprendí nada y de nuevo congelé a mitad del semestre, cada día más confundido. Es ahí cuando acudo a un profesional médico para seguir una terapia, en donde ahora tengo rasgos obsesivos de que me va a ir mal a cada rato, que no tengo las capacidades, que soy un fracaso.

Durante el 2022 iba a volver en marzo presencial, pero todavía no estaba listo y tenía muchos miedos desde la pandemia, así que el médico me recomendó volver en Agosto en forma paulatina porque perdí el ritmo sin estudiar ya que estaba mejorando mi salud mental, hice el tratamiento para cambiar mis pensamientos y mi forma de ser y al fin y a cabo fue un súper gran avance porque ahora podía hacer cosas que antes por mi negatividad no podía hacer. 

Estaba entusiasmado cuando fue agosto, esperaba conocer gente en los primeros días y aún no se me ha dado la oportunidad, además soy muy tímido y siento que me trabo mucho al hablar y no tengo tema de conversación. Volví presencial a unas clases de Programación, Física y otros ramos, en programación el profesor fue super servicial conmigo y ahora le estoy agarrando más ritmo, pero no me pasó lo mismo en física, tuve una muy mala experiencia (y eso que era bueno en el colegio y en 3ro y 4to veía electivos de física y hacían pruebas sacadas de la UC), entonces traté de estudiar por mi propia cuenta ese ramo y siento que me cuesta mucho más que antes física, que ahora me demoro más en pensar y analizar los ejercicios, y eso que me puse la meta de estudiar 2 horas diarias por materia.

Entonces me volvió a desmotivar eso y ahora siento que no seré nadie en la vida, entonces no sé para qué sigo con eso si nunca tengo el resultado obtenido, y eso que estuve desde el 2020 y solo hice el primer semestre de ese año. Siento que soy un fracasado, no logré realmente al 100% lo que quería hacer, no puedo hacer nada bien y a veces cuando estudio me pongo nervioso y me duele el cuerpo anatómicamente por eso mismo, creo que no debo seguir viviendo más porque soy un estúpido, estoy poniendo presión a mis papás a pesar de que creen en mí y dicen que soy capaz, al igual que todo el mundo, pero yo no lo veo así. Mi única solución que se me ocurre o que a veces pienso es en el suicidio porque gente como yo no vale la pena. No sé que hacer con mi vida.",neutral
"Experiencias y opiniones de la USM? Contexto: estoy en 4to medio

Quiero estudiar ingenieria civil (electrica o mecanica preferiblemente) y varios me han dicho que si quiero ingenieria busque en la Federico

Hace rato la tengo como una opcion, el tema es que todos dicen el tipico ""no es que es muy cabezona"" ""no vai a tener vida"" ""puro estudiar"", pero todos siempre hablan de afuera sin saber mucho 

Asi que pregunto aca, los que estudian, estudiaron o tienen algun conocido que estudia, y los que no tambien. Que saben sobre estudiar en la USM?",neutral
"Mercado Laboral He visto por lo menos desde junio, que mucha gente, desde auxiliares de aseo, pasando por vendedores de retail hasta profesionales (y no malos, he visto abogados de la uchile, ingerieros de la usm) que no logran encontrar pega, hay pocas vacantes, una cantidad enorme de postulante y suelen ser mal pagadas

¿Objetivamente el escenario laboral esta mal?, tengo a mi hermano menor de 18 que precisamente ha pedido en retail, en pizzerias y comida rapida y no han llamado de ninguna parte, a diferencia de las veces anteriores que siempre lo consideraban.",negative
Porcentaje de hombres y mujeres por carrera en la USM - Casa Central [OC] ,neutral
"Consejos para hacer clases particulares Hola, soy un estudiante que está terminando segundo año de universidad (USM) y me gustaría tener un ingreso haciendo clases particulares de matemática o física (fui puntaje nacional de matemáticas en 2019). Solo he hecho clases particulares un par de veces en el pasado, a petición de mi familia para que ayude a alguien que conocen, pero nunca lo he buscado activamente, como sí quiero hacer ahora.

En su experiencia, cual es la mejor forma de ofrecer servicios de clases particulares?  Y que otros consejos tendrían para alguien como yo que quiere empezar (y que ademas es algo tímido y no muy activo en redes sociales)?

Igual creo que justo cuando esta terminando el año escolar quizas no sea la época de mayor demanda para esto xd",neutral
"Pregunta a estudiantes de ingeniería civil industrial (mucho texto) :( *resumen : Soy un ctm que copió pa pasar las mates, y ahora me cuestan muchos los ramos pq tengo que aplicarlas, y quiero enmendar el cagaso.*

Hola, soy estudiante de Ingeniería civil industrial de 3er año de la USM, y la verdad es que ando complicado, explico:

Yo en el colegio era el ctm que no estudiaba y le iba la raja, y en todo, la wea es que por eso no se estudiar, nunca estudié, nunca lo necesité, yo entendía todo en la clase. El tema, es que en la universidad es imposible aprender solo de la clase, pq es mucha más materia. la wea es que el primer año todo bien (excepto por un paro de 3 meses xd) pero pase mis ramos bien, las mates me costaron mas que la chucha, pero pase todo al final. El tema es que ya en 3er semestre, con pandemia, full online, clases como el pico, osea aprendía menos en la clase, estudiaba menos pq estaba en mi casa y toda la wea, entonces me costó caleta, y pase mate 3 copiando ( si soy un ctm, me lo recuerdo todos los días) . La wea es que, obvio, como no sabia nada de mate 3, en mate 4 pase copiando también, y después física 2 (electricidad y magnetismo) como que al final el hecho de tener clases online alimento mi flojera y busqué el camino más fácil y puta, ahora estoy en 3er año, con unos vacíos enormes por esas mates y esa física (todo lo demás lo he pasado honestamente), sin saber estudiar todavía, una conciencia como el pico, y me siento terrible atrapado y angustiado. Y quiero solucionar mi situación de alguna manera, me carga estar pasando a costa del resto. Tengo varias opciones: cambiar de U, de Carrera, tomar clases particulares, etc. y quería saber si algún alma benevolente podría responderme y guiarme a pesar de ser una escoria.

1. Si alguien es de la USM o de otra universidad sabe si, después del 3 año, necesito mucho las mates? se que obvio tengo que usar lo básico, integrales, derivadas, matrices probablemente, pero es mucho? o la verdad es que se vuelve más teórica la carrera? o necesitaría llenar ese vacío de conocimientos para seguir avanzando? adjunto mi malla, rayado con rojo lo que ya pasé o se que pasaré este semestre ( termo y electrotecnia me tienen complicado)
2. Tengo entendido que en la USM las mates tan cuáticas, y me di cuenta que no me gustan tanto como pensaba en el colegio, entonces mi duda es si es que en otra universidad (y en cual) la carrera de ingeniero civil industrial es menos enfocada en las mates, osea que los ramos que siguen, obvio tienen mates, pero quizás se van mas en la volá teórica, que se me hace más fácil a mi. ( ojo, no estoy buscando algo más fácil, pero en una de esas otra U tiene un enfoque que me acomoda más)(ojalá no sea muy cara, el arancel de la usm actualmente es 4.7 millones anuales, ojalá que no se aleje mucho de eso:( )
3. Si alguien por casualidad conoce sobre la posición de la universidad en términos de calidad según el mercado laboral. osea cuando le llegan los currículos a un wn en una empresa, los de USM son importantes, o son cualquier wea? o eso no existe? Es típico que dicen que algunas empresas onda agarran los CV de ciertas universidades la chile y la cato ponte tu, y el resto no los pescan, es un mito? sjksj
4. ¿Cuánto costarían unas clases particulares para poder ponerme al día con las mates? 
5. Cualquier otro consejo sobre metodologías de estudio, la carrera, la/s universidad/es u otra cosa es super bienvenido

No quiero que se malentienda, me gusta mucho mi carrera, o siento que me gusta, tampoco he tenido muchas experiencias cercanas debido a clases online. y para mi es importante que me vaya bien y entender las cosas. Cometí el error de caer en la tentación de copiar, y ahora estoy pagando por eso, y de verdad quiero enmendarlo, pero la situación me abruma mucho:(

pd: las mates en la USM son conjuntas, osea Mate 1 es calculo 1 y algebra 1 en un ramo, por lo que es caleta de materia

Sorry todo el texto, tengo 0 capacidad de explicarme en pocas palabras xd",negative
"Ingeniería civil informática USM vs PUCV Hola cabros/as, quiero estudiar ingeniería civil informática el próximo año entre la utfsm y la pucv. Soy de viña y no estoy seguro en cual sea la más adecuada :( 

Según experiencias que me han contado sobre la usm, las mallas son súper rígidas y es un ambiente individualista y competitivo ¿Qué tan cierto es eso? También me han dicho que la matemática y las ciencias son mucho más densas que en la pucv.",negative
"[Ayuda] Crédito Universitario con Banco \[M29\] Hola a todos los redditors!!, es mi primer post.  
Resulta que entré a la USM el 2014 a estudiar Ing. Civil Informática, por la situación económica de mi vieja, al presentar mis informes sociales, lamentablemente no me dieron el CAE, pero por mi buen puntaje PSU, me ofrecieron un crédito de pregrado en el Banco de Chile.

Obviamente no podía pagar la mensualidad, así que seguí estudiando con mi crédito, me daban un vale vista al año el cuál presentaba en la universidad y pagaba.  
Durante el 2018 tomé la sana decisión de cambiarme de universidad, aproveché de cambiarme a Ing. Civil Industrial ya que me convalidaban casi los mismos ramos y estaba medio desencantado con la informática. Entré a la UDP, en donde tomé de a 6 ramos por semestre y orgullosamente superé mi exámen de grado, egresando de la carrera en enero 2023 ( cuando me dieron la nota del exámen ).

Resulta que hace 1 semana me llega un correo de la SOCOFIN (cobranza del Bco de Chile), en donde debo 63 millones de pesos y que debo pagar en una cuota, resultaba que mi ejecutiva del banco no había hecho mi crédito de salida y llegó inmediatamente a la cobradora. Al llamar a mi ejecutiva me dice que sacará el monto y cuándo tengo que empezar a pagar. Me responde el día de ayer diciendome que el plazo del crédito se calcula descontando a 20 años, los años que me demoré en estudiar, por lo que me lo tira a 12 años, quedandome en una cuota de 750 mensuales por 12 años.

Esto obviamente me pilló descolocado, es básicamente el 70% de mi sueldo, y me inhabilita completamente para ya sea independizarme, ahorrar, etc..., lo que lo encontré inhumano, más aún con un crédito universitario. El contrato me lo dieron hace 8 años y he estado buscándolo a lo loco, pero no logro encontrarlo, mi ejecutiva del banco de chile me dice que como pasaron más de 5 años ya se destruyó el documento que firmé por lo que no me lo puede hacer llegar y ojalá lo encuentre.  


Qué puedo hacer en esta situación?, Me recomiendan tomar algún abogado?  
Será posible negociar con el banco de alguna manera? o esos créditos son más o menos fijos?  
He estado angustiadísimo estas últimas horas y no me encontraba así hace muchos años, espero me puedan ayudar en algo :(  
",neutral
"Título chileno sirve en el extranjero? Hola, actualmente estoy estudiando ingeniería civil industrial en la usm y quería saber si pescan ese título en el extranjero. Alguien de acá ha tenido alguna experiencia trabajando en otro país con sus títulos chilenos?",neutral
"Estaré estudiando en Chile durante el 2019, me gustaría hacerles unas preguntas acerca de mi viaje Buenas tardes!

Hace unos 2 meses pregunté en un thread semanal sobre realizar un post acerca de este tema y me dijeron que estaba todo correcto, que no me iban a apalear. Buena onda en general

Les paso a comentar, entonces. Soy un argentino que odia su país con todo su amor y quiere ir a Santiago a continuar sus estudios a un país como la gente. Quizás muchos de acá me digan que no coinciden con eso de que Chile no sea un ""país como la gente"" pero cuando visité durante este verano me encantó. Y la verdad, a diferencia de tener que convivir con argentinos prefiero estar solo para toda la vida.

En ese thread había ya hecho una pregunta que era fácil: Santiago de Chile o Valparaíso? Un 100% fue a favor de la primera opción, así que no lo pensé dos veces.

Voy a dar más contexto a esto porque realmente me gustaría toda la ayuda posible. Voy a estudiar en la Técnica Santa María (sede Vitacura) desde febrero a julio del 2019 (si hay alguien que vaya a dicha universidad les juro que soy amigable). Estudiaré 'Industrias' e 'Ingeniería Comercial'.

En base a esto, aquí van todas mis dudas/preguntas/etc.:

1) ¿Puedo trabajar en pasantía con mi visa de estudiante? En caso que no, ¿necesitaría una visa aparte Y, además, la aceptación de la USM? 

2) ¿Cuál es el promedio de materias que suelen hacerse en Chile? En Argentina varía mucho según la Universidad, pero el mínimo suele ser 2 y el máximo 5.

3) Para los que conozcan de la USM ¿cuántas horas semanales son por materia? Ejemplo: Macroeconomía 1 es una matería de 3 créditos, ¿eso significa que son 3 horas semanales o no tiene relación alguna?

4) ¿Mayor cantidad de créditos significa que más duran las clases o que son más difíciles? Realmente no entiendo mucho de este tema.

5) Viva Chile

6) ¿Cuál es una buena zona para hospedarse? Cuando visité Santiago durante el verano me quedé en Recoleta y digamos que no fue demasiado agradable. No digo que haya sido una fea experiencia, pero a la noche... las cosas se ponían un poco turbias.

7) ¿Son recomendables las residencias universitarias? Estuve averiguando sobre precios en algunas (solo me pude contactar con Livinn de momento) y los precios me parecieron realmente exagerados. Llegan a pedir unos 800 dólares mensuales, algo que está fuera de mi rango (aún si pudiese conseguir ese trabajo que les comenté no me alcanzaría para ayudar a mis viejos con el pago). En caso de que residencia &gt; arriendo de departamento, ¿alguien conoce alguna con un precio lógico?

8) ¿Cómo es el clima de febrero a julio? 

9) ¿Dónde conviene hacer las compras a un estudiante? 

10) ¿Suele la gente (sobre todo en medios de transporte) ser amigable con extranjeros? Me dijo un pajarito que los conductores de bus no son de lo mejorcito para eso.

Aunque solo puedan responder una pregunta ya me ayudan un montón :)

Muchísimas gracias!",positive
"Cuales son las mejores universidades para ingeniería civil en Santiago? Hola, este año doy la PAES y tengo planeado estudiar ingeniería civil (en obras civiles) en Santiago, con el gol de ser piloto comercial mas adelante. La ingeniería no es necesaria para esto, pero es mejor tener un titulo por la experiencia y en caso de que eso no resulte.

Ya he investigado pero aun no tengo muy claras las opciones, he escuchado que la USM es buena pero la vida estudiantil es pésima, y que la USACH y la UCHILE se la pasan en paro, luego están la AI, la Católica y la UDD, pero esas son caras obviamente y no tengo muy claro la calidad de la carrera en esas, por eso aun no tengo claro alguna en concreto.

Cualquier cosa que tengan para aportar me sirve, gracias.",negative
"Hola gente, me preguntaba si alguno podría ayudarme a elegir una universidad en donde estudiar Ing. Informática No se si este es el mejor lugar para preguntar pero es lo único que tengo. Debo decir que soy bastante ignorante en lo que respecta a universidades, por lo que he oído siempre dicen que la USM es la mejor en ingenierías pero quisiera saber que opinan ustedes.",neutral
"¿Donde estudiar para ser piloto comercial en Chile? Se más o menos las opciones principales, que serían la escuela Golden Eagle, la academia de ciencias aeronáuticas de la Usm y la escuela aeromet, pero de estas tres cual es mejor?

Alguien con experiencia en el tema que sepa o que pueda compartir más info en el tema, cualquier cosa se agradece.",neutral
"No me postule al FUAS 2021 Fui aweonao y quedare en bancarrota si me meto a la USM ? 

No entiendo nada help. Este año salí de 4to Medio y quiero entrar a la U y los aranceles anuales son de 2 hasta 4 millones.

El FUAS me habría ayudado bastante con varias temas economicos?",negative
"Consulta para informáticos Hace unos días hice un post preguntando cómo eligieron sus carreras los usuarios del sub, a raíz de eso estoy considerando salirme de mi actual carrera e irme al área de la informática, la cosa es que no quiero una carrera de 5-6 años (ingeniería civil en informática), y estaba considerando el técnico en informática en la usm de conce y hacer ahí mismo la continuidad a ing en ejecución de software en formato vespertino, teniendo el técnico.
Mi miedo y dudas van en que no tengo claras las diferencias entre ing civil/ejecución/técnico, y que si decido el camino del técnico-&gt;ejecución, estaré en desventaja frente a sacar la ingeniería civil, también el tema de post grados y eso :(",negative
"Ingeniería civil informática o Ingeniería informática? Buenas, estoy en 4° Medio y me toca elegir una carrera. Estoy muy interesado en Ing. informática (exactamente en la USM) y me tope que existe Ing. civil en Informática e Ing. Informática. Quisiera saber si vale la pena sacar la civil ya sea por los sueldos en comparación a la normal, oportunidades laborales y como es la pega en si. Algunos me dicen que la civil es como para ser el ""jefe"" y la normal como para el que hace la pega de terreno, no se si me explico jaja. De antemano muchas gracias ;)",neutral
"USM o UC? Alguien me puede recomendar a que universidad postular, me gustaría estudiar astro-ingeniería pero no estoy seguro a que U ir.",neutral
"Para los informáticos Hola, acabo de cursar mi primer semestre de técnico en informática en la usm, el tema es que estoy dudando bastante de la desición que tome al estudiar esta wea, sobre todo porque un profe nos dijo así textualmente que no llegaríamos a nada con el título, que si o si deberemos seguir estudiando, el tema es que no tengo idea de si las universidades convalidan cosas como para sacar una ingeniería o algo después o si mi profe de mierda desmotivador está equivocado, en estos momentos siento que la cague, y tampoco tengo los recursos para salirme y meterme a otra carrera y weas, ya sería la segunda vez si lo hago, no sé, que puedo hacer con el título si lo saco? Hay universidades en las que podría convalidar algo y no tener que estudiar 5-6 años más? Es tan inútil el título como dijo mi profesor? Debería salirme a la mierda?",negative
"Hola, soy brasileño, voy a vivir en Chile el Febrero del próximo año (Por favor, corrijan **cualquier** falta de español que yo haga)

Hola, soy brasileño y el próximo año tendré el placer de ir a Chile para un intercambio de un semestre en Valparaíso, en la Universidad de Santa María (USM o UTFSM, nunca sé cuál sigla usar)

Estoy planeando ya bastante cosas para mi viaje. Llego en Febrero y tendré que cuidar de varias cosas: encontrar un departamento (piso?) de estudiantes con gente que me caiga bien, obtener mi RUT, abrir una cuenta en un banco

Estoy muy contento de poder conocer y vivir en este país y espero hacer muchas amistades. Me gustaría pedirles algunos consejos:

- Primero, tienen algún consejo sobre cómo encontrar un departamento de estudiantes para dividir? Yo pretendo vivir con chilenos pues quiero entrenar mi español y, además, no quiero gastar mucha plata de renta. Si saben de grupos de Whatsapp, Facebook, etc. me ayudaría un montón.

- Segundo, necesito una cuenta en un banco. Me gustaría una cuenta gratis o muy barata, pero que, posiblemente, no me cobre para hacer cosas como pagar por retiradas/saques de dinero del cajero automático (ATM?). Cuáles bancos de Chile me recomiendan?

- Tercero, es sobre eventos culturales e ir de fiesta. Hay algún sitio o grupo donde yo pueda saber de eventos y fiestas en Valparaíso? Y qué tan gay-friendly creen que es Valparaíso y Chile, en general? 

- Cuarto, algún consejo más que me se les ocurre y quieran decirme?

Estoy muy feliz de poder conocer este país. Me encantaría que Febrero llegara pronto jajajajaja

Muchas gracias a todos!",positive
"PUC o USM? (Ambas en San Joaquín) Denme sus opiniones acerca de las dos. Es mucha la diferencia? Para estudiar física, siendo más claro",neutral
"Dudas sobre un area ""nueva"" y continuidad, cuenta tu experiencia Hola gente hermosa y no tan hermosa de este sub, tengo 26 y queria sus opiniones de gente más experimentada y no tan experimentada.  


Estoy terminando un tecnico ([este](https://portales.inacap.cl/carreras/Area-Automatizacion-y-Robotica/Tec-en-Automatizacion-y-Robotica/index)). Resulta que nunca he sido el estudiante más brillante y me cuestan bastante los numeros, por gracia (y desgracia) tras haber trabajado en pegas ~~de mierda~~  no cualificadas (8 años al ingresar, y si, de los 16 trabajo) y ver el trato hacia todos en general de quienes si tenian estudios por minimo que fueran decidí quemar mis ahorros en estudiar.

¿Que pasó? resulta que mi meta como la muchos imagino, es trabajar lo menos posible pero ganar algo que me permita desarrollarme a medida que escalan mis prioridades en la vida. ¿Que tan rentable se ve?  
Entré y me he quemado la mente  unicamente por la plata, por cosas del destino me terminó gustando y pensaba lo siguiente:  


* Como tecnico me puede ir muy bien, aunque soy bien ignorante del sueldo promedio a corto plazo. Entonces como mi meta es ganar plata pensaba en hacer una continuidad [acá](https://usm.cl/admision/carreras-vespertinas/ing-ejec-control-instrumentacion/), mientras se trabaja no se ve tan salado teniedo 3 clases a la semana y cosas que ""ya sé"". Pero leyendo por ahí, varios dicen que es mucho mejor irse a electricista para conseguir la licencia SEC A que se otorga solo a ingenieros electricos y afin. Esto no es afin, o eso entiendo por mucho que se vea arto cableado, calculos, fisica, etc. PERO ¿monetariamente cual rentaria más? (recuerdando que la idea es trabajar lo minimo por plata para ser feliz, no asquerosamente platudo)
* Otra opción de vida que tenia era ahorrar y ver si ganaba alguna working hollyday para ver si me quedo trabajando en algún lado y mandarle a mis hermanos chicos para que estudien. ¿Alguien a estudiado algo similar y se fue? ¿Que tan cotizado es fuera? ¿Porque el chileno inventa tanto nombre de carrera? Me a costado un mundo encontrar el bachelor degree equivalente y sigo dudoso.  
Mi ingles es decente, jugue  **albion online** ~~es un mmorpg no lineal en el que escribes tu propia historia~~ antes de ser un juego de compra-venta de divisas para paises tercermundistas y tuve la suerte de conocer gente muy linda que me enseñó en base a practica tanto oral como escrita el idioma. La meta seria Nueva Zelanda o el pais donde todo quiere matarte (meme).",neutral
"CIVIL INDUSTRIAL U. de Chile o USM Hola tenía dudas entre estas dos universidades y quería saber si me podían dar sus opiniones. 
PD: Hasta el momento me estoy inclinando por la chile. ",neutral
"Duda convalidaciones de universidad externa a PUC Buenas Tardes, quiero cambiarme de la USM a la PUC y tengo la duda entre la diferencia en cuanto a las convalidaciones en cuanto a la admision,  ¿ Tanto por admision regular via PTU o admision especial convalidan ramos o es solamente por admision especial donde te convalidan los ramos?  Gracias de antemano a quien haya hecho algo similar",neutral
"Ing. Civil química Usach Hola alguien que estudie ingeniería Civil Química en la usach y me de su opinión, soy de la usm y por salud mental me quiero cambiar. HELP p",neutral
"Duda sobre la comunidad universitaria en Viña/Valparaíso Soy un estudiante de 4to medio de Valdivia que el próximo año quiere irse a estudiar a la Universidad Federico Santa María y tenía una duda en relación a como son los estudiantes allá, porque me han dicho que la mayoría de los que se van a estudiar allá son zorrones debido a las universidades que hay en ese sector. Es esto verdad? Alguien que haya estudiado en la USM o en otra universidad de viña que pueda contarme su experiencia?",neutral
"Usm o usach para ing. Electrica/industrial Más que nada lo del título, tengo pensado en 2 años más estudiar ingenieria civil en electricidad o industrial, pero con un ""plus"", en su jornada vespertina ya que soy ingeniero de ejecución electrica.

Para los conocedores, alguna recomendación como que cosa debería saber, que tipo de asignatura son en las que se debe tener más atención y si la gestión de la universidad es ordenada, dejo la publicación tal vez para aquellos que van en 4to medio y se preguntan lo mismo.",neutral
"Alguien me explica las distintas miradas de Civil Industrial, se que la USM tiene una distinta a la U de Chile o a la UAI, que está más enfocada en procesos, pero nose a que se refiere y también desconozco las miradas de las universidades que mencione. #Help ",negative
"Emprendedores/as que hayan partido en una incubadora de negocios, les quiero preguntar sobre su experiencia Tengo una idea para una startup de base tecnológica y quiero buscar orientación sobre cómo llevarla a la realidad mediante una incubadora, o mejor dicho pre incubadora. Qué tan desarrollado debería estar para poder presentarla? Aparte estudio en la USM y por defecto consultaría con el 3IE.

También me gustaría leer sus experiencias, lo bueno y malo, qué incubadora escogieron y que lecciones rescatan. Los leo, gracias por su tiempo.",neutral
"Ayuda Cambio USM a PUC Hola a todos, me he estado planteando cambiarme desde la USM a la PUC, la PUC era mi primera opcion y la USM mi tercera opcion al momento de dar la la psu el año pasado pero por razones personales no rendi lo suficiente y me faltaron puntos por lo que quiero volver a dar la PSU  este año o Prueba de transicion, sin embargo quiero convalidar este año donde estare en la USM donde  estudio Ingeneria Civil Quimica, entiendo que en la PUC se comienza con un plan comun y luego se especializa. En mi caso,¿como se irian a convalidar los ramos en el sistema de la PUC, cuantos podre convalidar y como me afectaria en la cantidad de semestres en la PUC?",neutral
"¿Ingenieria civil industrial en la USM, PUCV o UAI? Buenas nochess, soy nuevo en esto de reddit siendo este mi primer post, asi que antes que nada me disculpo si etiqueto o me doy a expresar mal jajaja.

Mi pregunta no va mas allá que la del título, y ojala me puedan responder sobretodo quienes tengan experiencia en cualquiera de estas universidades, ya sea en la carrera precisamente o en alguna ingeniería afin. Soy viñamarino, por lo que estudiaría en las sedes de aca nomas, aunque en todo caso cualquier opinión es bienvenida :D",neutral
"Cambio de universidad (USM a otra) &amp;#x200B;

Buenas chic@s, les cuento: Soy mechón en Ingeniería civil informática en la USM, y claro, nunca esperé que la universidad fuera fácil, es obvio que tendría que cambiar mis hábitos de estudio y adaptarme a algo mucho mas difícil.

El problema comienza aquí, tengo amigos en diversas universidades y no veo absolutamente a ninguno con tanta carga académica, los veo jugando hasta altas horas de la noche, findes y demás, y no es que no sienta que no me la pueda, pero ¿realmente lo vale?

Ojala poder contactar a gente que se haya cambiado desde esta Universidad a otra, y que me cuenten un poquito su experiencia, estaría muuuuuuy agradecido 📷

Info: Soy de la región metropolitana, y en especial me interesa algo mas la UC y la UAI, pero como estoy estudiando con gratuidad creo que me queda 1 sola opción jaja.

Atte: Un mechón que no sabe que hacer",neutral
"Recomiendan la carrera ing. Civil metalúrgica en la usm Estoy recién saliendo de 4•medio y tengo muchas dudas respecto a que carrera escoger, por una parte me gustaría estudiar metalurgia pero también he considerado ing. Civil Industrial.
Sinceramente creo que sería más interesante metalúrgica pero industrial tiene un campo laboral más amplio.
Personas que hayan estudiado en la usm o que estén estudiando estas carreras, las recomiendan, son muy difíciles, es muy difícil el primer año?",neutral
Ingeniería civil eléctrica usm vs pucv [removed],neutral
"universidad para estudiar ingeniería civil industrial en chile? el próximo año me toca estudiar y no se cual universidad elegir para estudiar ingeniería civil industrial tengo entendido que si un ingeniero saca la carrera en una universidad penca no son muy contratados o solicitados  a comparación de una universidad top o tradicional  esto es verdad o solo es un tabú que tienen con las universidades ?

ya que siempre escucho o leo de gente diciendo que por penca que es una universidad no los contratan y otros que dicen que son de la chile  y aun asi no hay mucha diferencia hablando ya sea de infraestructura y profesores  entre otros

si estudio ingeniería como por ejemplo en la u mayor en ves de una tradicional como la chile o la usm habrá mucha diferencia profesionalmente mas adelante ?

&amp;#x200B;

&amp;#x200B;",negative
"Orientacion de u Hola chic@s, me termine echando ingenieria civil en informatica en la usm, quisiera saber que opciones recomiendan para continuar mis estudios, pues tenia pensado esperar 1 año y volver a entrar a civil, tengo la opcion de irme a otra sede a estudiar solo ingenieria en informatica, o ya derechamente hacer un tecnico. Tmb podria cambiarme a otra carrera dentro de la misma sede(arquitectura,idp) que piensan podria ser la opcion mas sabia, pues vi que es dificil que me acepten en otras u porque me eche un ramo de primer año. ",neutral
"Mejores universidades para Ingeniería Informática Wena cabros,me llegaron los resultados de la pesheú y estoy investigando cual es mi mejor opción para informática,tengo 4 universidades en mente,la Católica,la Chile,Usach y la Federico Santa María. A la usm y la usach entro cagado de risa,en la Chile estoy como 6 puntos más arriba del ptje de corte y el la cato no entro de momento(ojalá baje el ptje), afortunadamente lo económico no tengo mucho problema(aunque igual estoy viendo si puedo postular a becas y beneficios) así que lo que más me preocupa es cual de estas son las que tienen mejor desempeño en está carrera. De momento mi orden de postulación es 1-UC/2-Chile/3-Santa María o Usach, así que si pueden orientarme en esto les agradecería.",neutral
"Notebook para universidad y juegos casuales Holap, este año entro a ingenieria civil en informatica en la usm y bueno, llevo trabajando en una fruticola desde el 10 de dic y tengo ahorrado mas o menos 500k para un notebook,  tengo pensado [este](https://www.solotodo.com/products/50966-asus-vivobook-s15-s510un-i7-8550u-8gb-1tb-16gb-optane), pero resulta que yo como no se mucho del tema lo que hago es buscar reviews y estadisticas y en una pagina salia que no era una compra recomendada, y la cosa es que como trabajé caleta quiero hacer una buena compra y no arrepentirme jeje.

Como dice el titulo el notebook lo usaria para la universidad y para sus juegos casuales (isaac, lol, y quizas fortnite ya que un amigo me pide que lo juegue) , para mi lo ideal serian que dure harto la bateria, pese poquito, que tenga 8gb de ram y otra duda que tengo, ¿Es mejor comprar uno de 4 o de 8 gb de ram? en el sentido de que si sale mejor comprar el de 4 y comprar 4gb. ¿Es mejor?¿Sale mas barato?

No se si este post esta en el lugar correcto porque la verdad llevo ocupando reddit como unas 2 semanas :P

Gracias.",neutral
"Ingeniería civil electrónica en la usm o en la pucv? Hola cabros, apenas soy nuevo en Reddit y más que nada quería ver si me podían ayudar un poco.

Ahora mismo estoy en 4to medio y por ahora tengo planeado estudiar ingeniería civil electrónica. El problema es que no se en cual universidad estudiar, si en la usm, o en la pucv.

(Elegí estas dos ya que en ambas esta la carrera y también porque, según lo que tengo entendido, son consideradas como las mejores universidades para estudiar ingeniería en Chile)

He escuchado que en la usm el ambiente y los alumnos son muy competitivos entre si y que la u te hace cagar la salud mental pero que obtienes mejores oportunidades laborales al egresar, mientras que el pucv es más tranquilo y relajado. Pero la verdad no estoy seguro de que tan cierto será esto.

¿Qué me recomiendan?

Volví a escribir este post porque me di cuenta que en el anterior puse ing. civil informática y en realidad era ing. civil electrónica XD",neutral
MBA EN LA USM [removed],neutral
Inicie en Técnico en informática en la USM en concepción y quería algunas recomendaciones [removed],neutral
¿Estudiar o no Técnico en Ciencia de Datos USM (Universidad Técnica Federico Santa María)? [removed],neutral
Alguien que cache de Ing Informática en la usm? [removed],neutral
"Duda existencial wena los brocacochi. 1era vez que posteo en el sub y espero que alguno me pueda dar su consejo piola.

Resulta que estoy a portas de terminar mi carrera de T.U. en admin de empresas en la USM y me estan dando la opcion de sacar la ingeco en vespertino , pero he visto caleta de amigos y gente en el sub diciendo que esta mas o menos el tema de la empleabilidad.

A la par tuve un semestre afuera de intercambio en EU(1ra vez que sali del pais) y quede loco wn las ues afuera son dms pro. Frente a esto he considerado seriamente si me conviene sacar un bachelors afuera en Eu o USA respecto a gastar mas plata aca con un vespertino. Sumando tbn que tengo 25 años y me siendo relativamente viejo pa entrar a estudiar de nuevo :c. ¿Hay alguien en este sub que haya hecho el cambio de tecnico a sacar un bachiller afuera?¿cual fue su experiencia?. eso saludos cordiales: C:",neutral
Ingenieria comercial USM [removed],neutral
"buena gente, necesito asesoramiento, ojala alguien que trabaje en el area de la informática o que haya salido de la USM [removed]",neutral
programacion en la pucv o usm? [removed],neutral
Posgrado en UChile o USM? [removed],neutral
gente de arquitectura usm necesito su ayuda [removed],neutral
"Que bootcamp de programación recomiendan? Soy civil industrial de la USM de 28 años y me tinca irme hacia el lado de la programación para trabajar en startups.
Que recomiendan y cuanto cuestan?",neutral
"Transferencia USM -> UChile Eso, ahora con los resultados de las postulaciones ví que quedé fuera de la Chile (tanto de bachillerato como de ingeniería) pero quedé en mi siguiente opción que era Astrofísica en la USM. No tengo nada en contra de la USM, sino todo lo contrario, respeto mucho a los sansanos, pero específicamente para lo que me interesa (temas relacionados a la astronomía), creo que la Chile/Cato son mejores opciones.

Entonces, venía a preguntar si alguien tiene idea de si sería posible eventualmente cambiarme a la Chile/la Cato, incluso si dando la PAES de nuevo no me alcanzara el puntaje, y si es que sí, cómo afectaría esto a la gratuidad. Por ejemplo, si quisiese pasarme a Ingeniería UChile y en vez de hacer la licenciatura en Astronomia me pasase a alguna ingeniería que dura 6 años (vs 4 de las licenciaturas), ¿Cuántos años tendría que pagar por mi cuenta? ¿Sería posible aplicar alguna otra beca del estado entonces?",neutral
"Preparación de verano para la U Este año entraré a la U (Quedo casi seguro en Bachillerato UChile - Astrofísica/Ingeniería Física USM como siguientes opciones seguras) y quería preguntar por sugerencias de qué intentar aprender o preparar durante el verano para estar lo más listo posible al entrar.

En 4to medio tuve la suerte de que a mi profe de matemáticas se motivó, logró hacer un nuevo electivo, y pude pasar las primeras bases de cálculo I (sucesiones, límites, derivadas, y un poquitito de Integrales), a si que aprendí muchísimo en ese sentido, pero igual me gustaría estar más preparado.

Que este post sirva también para futura referencia si alguien se motiva a dar sugerencias generales o incluso para carreras que no estén relacionadas, demás que a más de uno le termina sirviendo.

&amp;#x200B;",positive
Udec o Usm para ingeniería civil informática [removed],neutral
"Bachillerato UChile o carrera directa UTFSM Lo del título. Ahora con los puntajes de la PAES, estaba revisando y no me alcanza para entrar directo al plan común de la Chile (culpo al NEM, 2020), pero sí para Bachillerato o cualquier carrera de la UTFSM (que es mi segunda opción real).

Después de Bachillerato planeaba pasarme a Ingeniería, pero ahora estoy pensando en sí valdría la pena ""ahorrarme"" ese año yendo directo a la USM. En la USM me interesan Ingeniería Física y Astrofísica (ambas son carreras bastante nuevas en la U, pero se ven entretenidas y no de lo más terrible en cuanto a campo laboral), y en la Chile por ahora tengo vista Ingeniería Eléctrica y Astronomía (sé que se pueden hacer ambas a la vez), entonces, venía a preguntar ~~en la infinita sabiduría de~~ r/Chile  por cuál opción me recomendarían tomar. Tengo una predilección clara ante temas de física/astronomía, y sé que eso es un tema igual fuerte en la UChile, pero no creo que sea suficiente como para descartar a la Federico.

A si que eso, si alguien tiene experiencias directas o de conocidos en alguna de estas (especialmente en Ingeniería Física/Astrofísica USM), sería de gran ayuda.",neutral
Estudiar en la USM y UAI [removed],neutral
"Ingenieria civil, Pucv o Usm? [removed]",neutral
"Carrera de Ingeniería Física Para los que conozcan la carrera, ¿Les parece que tiene algo de proyección laboral, particularmente sobre la licenciatura en física/astronomía? Estoy viendo qué poner como tercera y cuarta opción de carreras, y hace un tiempo me topé con la Ingeniería Física en la USACH y la Federico Santa María, pero no sé si realmente valga la pena.

Me interesa poder tener la opción de hacer postgrados para dedicarme a investigación, pero no sé si con ésta carrera sea suficiente.

Y en cuanto a la dificultad, siempre escucho que la USM es insanamente difícil y todo eso, aunque por malla, me parece más entretenida que la USACH (por la rama de Instrumentación, me interesa mucho trabajar en el rubro de Astronomía), además, en la USM terminas con licenciatura en ciencias de la ingeniería, mientras que en la USACH te dan una ""licenciatura en física aplicada"", aunque ni idea de cómo me pueda afectar eso en el mundo académico.",negative
"Hola, pa los nerds de la guitarra Wena cabros, vengo en busca de ayuda porque un amigo me pidió vender una guitarra que tenia tirada y desconozco su calidad y precio. Es una parker p-40 con unas hambucker duncan usm, es china y tiene su numero de serie y todo
Eso, agradecería orientación de los q le saben al tema",neutral
"Campo laboral técnico ambiental Hola, tengo pensado estudiar técnico en control del medio ambiente en la usm el año que viene, pude hablar con la jefa de carrera y me dijo que todos salían con pega de sus mismas prácticas. Pero quería preguntarles si alguien de acá sabe que tan bueno es el campo laboral por lo menos en la Región de Valparaíso",neutral
"Carreras Técnicas Hola! Como estai, espero q bien jiji soy un cabro de 23 años que quiere entrar a estudiar

&#x200B;

Mira te cuento, estoy viendo que estudiar... La verdad, me interesa mucho el área Industrial, estaba viendo carreras técnicas como:  


\-Técnico en Mecanica Industrial (USM)

\-Técnico en Mantenimiento Industrial (USM)  
\-Técnico en Electricidad (USM)  
\-Técnico en Automatización y Control

Esas cuatro Carreras son de mi interés, la verdad no he visto en Institutos Profesionales, solo he visto en la Universidad Santa Maria.   


Si me puedes orientar, dejar opinión, aconsejar o cualquier cosilla te lo agradecería un montón

&#x200B;

&#x200B;

&#x200B;",neutral
usm o udec? [removed],neutral
"donde estudiar ingenieria civil electronica?  hola buenas dias a todos
estoy en 4 medio y mi sueño es ingeniero civil electronico  pero tengo una duda muy grande, en que universidad estudiar la verdad soy de santiago y hay opciones como u mayor o utem aunque me gustaria irme a la cato de valpo o la usm de valpo
alguien que haya estudiado esto y opine o me de algun consejo??",neutral
Algún ingeniero civil de la USM? [removed],neutral
Es buena opción estudiar Ing Comercial en la USM? [removed],neutral
Deuda arancel USM [removed],neutral
Ingeniería civil informática en la usm [removed],neutral
"Matricula de asignaturas Hola, estudiante usm aca, termine primer año y estoy en periodo de matricula de asignaturas, pero la pagina es un absoluto desastre, mi duda es si voy ala u alguien de ahi me podría  ayudar con el proceso? O tengo que si o si hacerlo yo solo?",negative
de verdad es tan terrible la usm? [removed],negative
"Donde buscar trabajo en Chile Ya he visto varios post donde ponen que o no hay trabajo o tiran CV y no sale, etc, y me ha pasado con amigos que tirar CV es editar linkedin y listo, así que quería hacer una recopilación de bolsas de trabajo. voy a tirar algunas e iré actualizando la lista según vayan tirando mas datos:  


* [Universidad de Chile](https://externouchile.trabajando.cl/) \-- Acá he visto que los concursos llegan a quedar desiertos por falta de postulantes
* [USM](https://usm.hiringroom.com/jobs) \-- Aca postule solo 1 vez y no quede, pero si pase por las entrevistas, asi que rinde tambien  


&amp;#x200B;",negative
"Cuanto gana un ingeniero en aviación comercial? En la USM imparten esa carrera, la cual en corto te prepara para trabajar resguardando procedimientos de calidad o trabajando en el área administrativa de empresas aeronáuticas. Me interesa mucho para estudiarla, pero no logro pillar en ningún lado la empleabilidad o el sueldo promedio.",neutral
"PUC, UCH o USM? [removed]",neutral
"Ingenieria Civil Informatica en la ""USM"" [removed]",neutral
USACH v/s USM [removed],neutral
ingeniería civil telematica o ingeniería civil informatica en la USM? [removed],neutral
"""Limpiaremos Chile comenzando por ustedes"": USM denuncia amenazas de muerte contra docentes [deleted]",negative
"Cuál es mejor Beauchef o la Usm?? wena cabros quiero entrar a la u y necesito ayuda, a rasgos  generales, ¿Cuál es mejor?",neutral
¿PUC o USM en física? [deleted],neutral
"Ingeniería comercial USM/PUCV o Ingeniería en información y control de gestión UV. Bueno me estoy decidiendo por carrera y soy de la región de Valparaíso, quisiera saber qué pasa con la empleabilidad, cual es mejor, porque en foros que tu carrera.cl o mifuturo no sé no sé me hacen confiables, he leído que hay supuestos datos del SII pero no entiendo ni dónde se ven.",negative
Que opinan de la nueva carrera de ciencia de datos enla usm ? Aún no se que estudiar estoy entre esa o informática en el duoc . Está muy difícil que entre al técnico en la usm también por la lista de espera ,neutral
"Me trajeron a la fuerza a un evento de anime en la usm AMA Lo del título, estoy hasta las weas, si nunca han venido pregunten lo que quieran, no se pierden de nada.",negative
USM lanza rediseño de ingenierías civiles en diez semestres ,neutral
"Me eché 4 ramos en la USM y quedé eliminado. ¿Qué hago? Estoy estudiando un Técnico Universitario en Electrónica en la USM, y siendo mi segundo año, me eché 4 ramos este semestre.

Uno de ellos siendo Mate 2, que ya habia reprobado por primera vez el segundo semestre del 2023.

Este semestre fue horrible para mi en general, con la mayoria de marzo habiendo tenido problemas de ratones en el departamento que estoy arrendando y el resto de meses teniendo problemas personales (amigos, novia, familia, etc.).

Mi desempeño en el año académico fue, cuanto menos, callampa. No sentia la motivacion ni las ganas de levantarme siquiera a bañarme o alimentarme, mucho menos asistir a clases.

Esto causó que tuviera una asistencia a clases deplorable y muy poco entendimiento de la materia, lo cual derivó a que tuviera un rendimiento horrible en las pruebas, echandome asi los 4 ramos que ya dije.

He visto a varios compañeros que llevan más de 3 años en la carrera (carrera que solo dura 4 semestres curricularmente), pero creo que nunca habian estado en una situación como la mia, lo cual me hace dudar aún más de lo que me puede esperar.

El primer semestre fui un alumno a destacar segun los profesores, teniendo notas bastante buenas. El segundo semestre estas notas cayeron un poco, pero todas (menos Mate 2) eran suficientes para aprobar y un poco más.

He contado con la ayuda de varios profesores, pero el miedo a verme como un aprovechado de su bondad me impidió poder acercarme a hablar con ellos los ultimos dias de clases, ahora teniendo que solo contar con la ayuda de formularios oficiales y solicitudes formales.

¿Alguien tiene alguna idea de como poder salir de este aprieto?
",negative
Posgrado UChile o USM?  [removed],neutral
USM Valpo vs San Joaquin [removed],neutral
"Eliminaron a mi hermana de la u, que podemos hacer? Mi hermana esta estudiando la carrera de sus sueños,  pero la u ha sido muy bastarda (usm). 
El primer semestre se echo varios ramos. El segundo semestre tuvo problemas de salud y, a pesar de que no le dieron pruebas recuperativas para nada (incluso con justificativo médico), aprobó todos menos uno.
En la madrugada de hoy (31 de diciembre), le llega un correo que fue eliminada de la carrera sin explicar motivos. Había tenido que mandar un carta, por motivo del ramo que se echo nuevamente, como hace 1 mes, pero nunca tuvo respuesta. 
Lamentablemente la facultad en la que está no tiene un reglamento en línea, pero no cumple condiciones para ser eliminada según las otras facultades.
Fuera de lo penca que es mandar un correo así en víspera de año nuevo, quería saber si alguno de ustedes pasó por algo así? Como fue? Que hicieron? Que pasa con la gratuidad? En una de esas es un proceso automatico y en todo caso vamos a hablar el martes con la u. Mi hermana ya había informado su intención de cambiarse de u por la pésima gestión durante su enfermedad, así que era algo que ya estábamos mirando, aunque hubiera sido luego de dar la paes de invierno(o como se llame ahora).",negative
Udec o USM [removed],neutral
¿Cómo es estudiar ing civil informática en la USM de San Joaquín o en la uchile en la sede de Beauchef? [removed],neutral
Cambio de universidad (usm a otra? [removed],neutral
CONTINUIDAD DE INGENIERÍA A I. CIVIL USM/UTFSM [removed],neutral
"Que puedo hacer si me expulsan de la u Hola, buenas queria comentar mi situacion ya que necesito cierta orientacion en el tema, sucede que voy en la usm(stgo) y por una serie de eventos desafortunados ( de enfermedad y problemas familiares, mudanza ) me afecto gravemente en mis ultimas notas, lo cual hizo que me fuera a 2 globales los cuales no se si pase, la cosa es que uno de eso ramos lo estaba dando por 3era vez y el otro por segunda, que puedo hacer en caso de que me expulsen? Estoy muy desesperado y triste la vdd, pero asumo totalmente mi persona sobre las consecuencias, habra alguna posibilidad de que me pueda seguir quedando en la u? ",negative
Primer semestre USM no se salva y Quiero saber si me van a expulsar [removed],negative
"embarazo adolescente Tengo 18 años (recién egresado de 4to medio), empecé a pololear a inicios de año con una compañera de curso y todo fue bonito durante  los siguientes meses, como cualquier pareja consideramos tirar como a los 2 meses de andar, todo esto habiendo discutido métodos anticonceptivos etc. etc. La cosa es que ella decidió optar por el diu (dispositivo intra uterino) y yo considere que era la mejor opción ya que tiene +99% de efectividad.
Cuento corto, me gane la ruleta de la mala cuea y voy a ser papá a pesar de tomar todas las  precauciones necesarias para no serlo, me pase todo el año estudiando para la PAES y entrar a la UTFSM, me fue la raja en la prueba y ahora no se con que cara mirar a mis papás.

Todo por hacer lo que todos hacen eventualmente de la forma más responsable posible, solo escribo esto para desahogarme por qué la verdad tampoco creo q ustedes puedan sacarme de este hoyo.",neutral
"Alguien sabe como terminan los egresados de una carrera científica en Chile? Tenía planeado licenciarme en física, porque en el colegio me iba siempre bien sietes piola y me gusta,  di la PTU me fue bien y en general pondero entre 740, pero con la llegada de la pandemia/clases online me decidí tomarme el año para ayudar el negocio familiar. El punto es que dudo de estudiar la carrera, pq el sesgo general es que te dediques a estudiar una ingeniería si eres bueno para la matemática, pero nunca me tinco mucho la idea en comparación de ser científico afín. Aún así, ver que la investigación es bastante competitivo y el financiamiento es escaso, aún hablando en el contexto al salir al extranjero, desmotiva. A la vez, tampoco se si al terminar hayan muchas oportunidades dentro de Chile. Entonces quería saber si vale la pena estudiar carreras en el área de la ciencia o que alguien que este estudiando y que quiera compartir su experiencia.

P.D : En cuestión a la hora elegir u, cuál creen que es mejor en general, ambiente y en facultades?  (PUC, UDEC, UCH, UTFSM)",neutral
"Para todos los titulados chilenos. tl;dr: ¿afectan las notas de la educación superior en la pega del mañana?

Como estudiante universitario de segundo año con notas más o menos decentes (poquito más de promedio 5), me he estado cuestionando mi rendimiento académico. Lo anterior se debe a que he estado leyendo algunos subreddits donde la duda generalizada entre estudiantes (estadounidenses) es ""¿podré optar a tal cargo/empresa si mi GPA es ...?"", lo que evidentemente implica que las calificaciones obtenidas durante la educación superior tienen una gran incidencia en el futuro de sus carreras.

Ahora, ¿es aplicable lo anterior en Chile? ¿es más valioso el título de una universidad prestigiosa (UCH, PUC, UdeC, UTFSM, etcétera) con promedio 4 que uno de una universidad ""no tan buena"" (UNAB, UDD, UFRO, etcétera) con promedio 6? ¿cuánto me afecta si paso todo a puros 4? ¿hay discriminación salarial por notas?

Agradezco anticipadamente sus respuestas.

",negative
"Mejores universidades para estudiar informatica?  Lo del titulo básicamente. Quiero estudiar ing. civil informática/computación, pero no se cuales son las mejores de chile para estudiar eso. Hasta ahora la PUCV y la UDP son como mis principales candidatas, pero también he visto la usach, uchile, puc, utfsm y la udec. 

  Cuáles crean que sean las mejores? Tipo, por lo que han escuchado o demás. Por ahora, dependiendo de si me dan becas o no, yo creo que estoy tirándome más por la UDP porque Santiago es Chile y puedo conseguirme una beca parcial, pero igual quiero ver qué opina mi sub querido.",neutral
"Me arriesgo a meterme a una U para estudiar ingeniería en informática o me meto al duoc y filo? Sé que ya hay muchos post de esto pero como mañana se entregan los resultados de las postulaciones y luego empieza el proceso de matrículas estiy desesperada y todavía no sé por qué chucha decidirme, y la verdad me ayudaría muchosi alguien de ustedes pudiera aconsejarme :(

Me interesa ess carrera y postulé a la unab, la usach, la udd y la utfsm. Hasta lo que ví quedo en todas, pero el tema es que no sé si dar el siguiente paso y matricularme en alguna pq me da demasiado miedo que me hagan mierda a puras matemáticas y no poder aguantar. He estado revisando las mallas curriculares y hasta ahora la que se ve más """"""piola"""""" es la de la utfsm, pero otra cosa es con guitarra ya una vez dentro de la u misma.

Estos últimos meses me he dado cuenta de que las matemáticas me gustan y que si le meto color las puedo entender (Contexto: en el colegio no les di mucha bola y me iba más o menos pero ahora que me tuve que poner a estudiar para la paes le puse color y hasta me fue bien en la M1 pq me di el tiempo de estudiar y entender materia a la que antes me la pasaba por el ñackson). Pero aún así sé que en la universidad ya es distinto. Pienso que, si me meto a alguna de esas universidades, voy a tratar de repasar lo que más pueda la materia de la malla o lo que me sirva para nivelarme, pq he visto que está lleno de clases de eso en youtube y hasta hay clases de las universidades subidas ahí mismo (No las había revisado antes por temas de tiempo y pq tampoco alcancé a estudiar todo pa la m1 y m2, so igual me siento media desnivelada).

También he leído mucho por aquí que en informática el lugar de donde saliste importa poco, sobre todo pa irse a trabajar  otros países (Que es una de mis metas), e incluso lo he visto a través de miembros de mi familia que estudiaron en institutos pencas y ahora tienen buen sueldo y viven de lo más bien (Porfa no me digan que les pregunte a ellos pq con esas personas actualmente tengo 0 contacto y/o simpatía). Por eso también creo que tal vez sea innecesario meterme a una U a quemarme las neuronas si puedo meterme a un instituto y, aunque tal vez me cueste un poco más al principio, lograr lo mismo que lograría habiendo salido de una U.

Mi opción de instituto es el duoc, del que he visto buenas opiniones y me llama la atención el hecho de que después podría sacar diplomados en la católica (no sé si sirvan tanto pero igual me llama la atención) o tal vez hacer lo mismo en otras universidades. También me atrae el hecho de que en dos años podría sacar el título de analista porgramadora y empezar a trabajar mientras estudio para sacar la ingeniería, y así podría ir ganando experiencia laboral y también ir juntando money.

Siento que debería arriesgarme con una U y poder probarme que soy capaz, pero también dudo de ser capaz de poder sacar los estudios en una universidad.

Qué opinan ustedes? Algún consejo que puedan darme? Qué saben de las universidades que nombré y/o del duoc? Cualquier ayuda me serviría y se las agradecería muchísimo:), las/los leo.",negative
"Ayuda. Soy extremadamente inseguro. Dudas varias. Estimada comunidad. Me dirijo a ustedes con el siguiente dilema para ver desde otro punto de vista mis problemas :)

&amp;#x200B;

El principal problema que tengo es que soy más inseguro que la CTM. Frente a un problema me cuesta DEMASIADO tomar una desición. Una vez me decido por una, pienso que otra es aún mejor. Entonces echo todo para atrás y vuelvo al mismo punto. Cómo podría mejorar esto? alguna sugerencia?

&amp;#x200B;

Dilema actual: llevo como 5 años trabajando en lo que me titulé pero la verdad mi carrera no me gusta nada. El trabajo es escaso, mal pagado y explotador. La mayoria del tiempo he boletiado y he tenido pega máximo 9 meses al año. Por esto he decidido estudiar para cambiar de rubro. He reducido mis opciones a las siguientes:

&amp;#x200B;

1.- Estudiar ""algo"" en el extranjero. Algo que complemente mi carrera. La verdad, de lo que he averiguado nada me convence/atrae.

&amp;#x200B;

2.- Prosecución de estudios, ingeniería comercial. La usach y la utfsm tienen esta opción de estudios. Sería estudiar 2.5 años aprox de noche. Lo ideal sería buscar un trabajo part time que sea en el área mientras estudio. 

&amp;#x200B;

Siento que la primera opción es mejor, se vería mejor mi CV. La segunda requiere menos esfuerzo (por lo menos me quedo viviendo en mi casa) pero creo que se vería raro para los encargados de selección un CV de un tipo treintón con poca a nula experiencia en el área. Igual son como 10kk, cualesquier dinero. Además tampoco es como que me mate la idea de ser ing com, pero tengo la tincada de que tener trabajo estable (con contrato indefinido que me permita comprar un depa y vivir solo) es más probable que con el título que tengo.

&amp;#x200B;

Una tercera opción es mandar todo a la chucha un tiempo e irse un año a working holiday, pero siento que es atrasar todo un año y al regresar estaría en el mismo punto que ahora. Comentarios de amigos que están ahora en Australia con esta visa me han hecho dejar de lado esta opción. 

&amp;#x200B;

Cabe mencionar que no se que cresta hacer con mi vida jajaja.

&amp;#x200B;

PD: late 30, agrónomo. Santiago, Chile. ",negative
"¿Cuales de estas universidades son buenas? (U mayor, UNIACC, UDLA y U Gabriela Mistral) Les cuanto que me he querido cambiar de carrera a animacón digital.

El tema es que vivo en viña y solo existe una institución que la imparte que es el DUOC. Pero al no ser universidad y como me fue bien en la PSU (709 prom) mis papas no quieren que estudie ahí y quieren que considere alguna universidad de Santiago (Porque el DUOC ahi solo va la gente que no les alcanza al parecer /s)

Tampoco hay muchas universidades que la imparten en Santiago pero existen la U mayor, UNIACC, UDLA y U Gabriela Mistral.

¿Saben como son estas universidades en general?¿Infraestructura calidad de educación, etc? (Y si alguien sabe como son las carreras de animación digital en esos lugares agradecería mucho su opinión.

Vengo saliendo de la UTFSM así que ahí hay un punto de comparación jeje.",negative
"duda futuro Hola Reddits, actualmente estoy cursando mi octavo semestre de ing comercial en la UTFSM y quiero irme de intercambio a un pais, sin embargo no estoy seguro. Debería irme de intercambio? por que? pro y contras de realizar intercambio?",neutral
"Estudiante Ingeniería, Busco Práctica Este es quizás el medio más informal que hay, pero no pierdo nada con intentarlo. Estudio Ing Civil Electrónica en la UTFSM y busco práctica profesional ojalá que esté relacionada con control e instrumentación de procesos. Ya postulé a CODELCO y algunas otras empresas, cualquier dato o tip se agradece. 
Saludos",neutral
"Consulta Técnico Informática Hola. Tengo una duda sobre la carrera que quiero estudiar, si me pueden ayudar se los agradecería.
Me gusta el área de la informática. Mi idea es estudiar una técnica primero, durante ella aprender por mi cuenta todo lo que pueda y especializarme con cursos en un área especifica. Cuál será mi mejor opción?

- Técnico en Informática en la UTFSM
- Analista Programador DUOC
- Analista Programados INACAP

He recibido buenos y malos comentarios de las 3.
Si hay alguien que esté estudiando o se haya titulado de alguna de estas carreras, para saber también su empleabilidad.
Muchas gracias!

PD: También he considerado estudiar Ingeniería en Informática",neutral
"Dudas de primer sueldo como egresado Wena los K, les comento:
Soy recién egresado como Técnico en Electrónica de la UTFSM y estoy pronto a terminar mi práctica dentro de un mes. 
La weá es que dentro de mi familia no hay nadie que haya estudiado alguna weá remotamente parecida a mi carrera y tengo poca y nada de referencia respecto a los sueldos como egresados. Agradecería caleta si alguien que haya estudiado esta carrera me ayude a cachar más o menos el panorama actual respecto a los sueldos. 
Gracias!",negative
"Consejos para un extranjero que va a Valparaíso el próximo viernes? Estoy yendo allá sin lugar dónde vivir y necesito encontrar un lugar para quedarme hasta el fín de julio. Voy a hacer intercambio en la UTFSM  


Tienen consejos sobre cómo buscar un lugar dónde vivir en Valparaíso? Busco un lugar barato, vivir junto de otros estudiantes buena onda y no muy lejos de la universidad. He encontrado el sitio \[compartodpto\]([https://www.compartodepto.cl](https://www.compartodepto.cl)) y es de bastante ayuda, pero me gustaría saber si hay otros métodos  


Mi plan es encontrar los lugares que arriendan online, quedarme algunos días en AirBnB y visitar los lugares para saber cuál me gusta. Muchas gracias!",neutral
"UTFSM, alguna experiencia que quieras compartir? [removed]",neutral
"¿Alguien sabe cuales son los puntajes de corte de la UTFSM?, ¿Que puntajes se necesitan? [removed]",neutral
"¿Sueldo de Ingeniero Civil Industrial sin experiencia? (Tips para encontrar trabajo se agradecen igual) Hola, feliz martes.  


El año pasado me titulé de Ingeniero Civil Industrial de la UTFSM, Casa Central. Después de darme un descanso estos meses, estoy comenzando a postular a trabajos, pero respecto a la pregunta de ""pretensiones de renta"" me queda la duda de cuánto es un monto razonable a pedir (líquido).  


Según MiFuturo, el suelo bruto de ICI de primer año para el 2023 fue de de 1.719.151 CLP mensuales ([MiFuturo](https://www.mifuturo.cl/buscador-de-estadisticas-por-carrera/)). Considerando impuesto a la renta, AFP, Fonasa y descuentos menores, entiendo esto debiera derivar en torno a un sueldo líquido de 1.4M.  


He escuchado sueldos líquidos en torno a 1.3M y 1.5M, pero quería consultarles igualmente.

Quería saber si alguien me podría ayudar con esto; si ustedes saben o conocen de alguien que haya encontrado trabajo el año pasado o este, en qué y su sueldo líquido aproximado.

Igualmente, agradecería cualquier tip que tengan para encontrar buen empleo.

Muchas gracias.",neutral
"Qué tal es Ing Civil Informática en la UDP? Hola, está llegando el día de los resultados de la PAES y estoy haciendo un gran resumen de las universidades a las que me interesaría entrar. Tengo entendido que esa carrera es buena en la PUC, la UChile y la UTFSM (aunque después de leer los últimos posts ya no me tinca tanto esta última), pero dudo que me de el puntaje para una U de esas 3, por lo tanto me gustaría saber en que otras universidades me recomiendan estudiar ing civil informática. Muchas gracias",neutral
"Trabajar en la UTFSM? Hola gente! Llevo un tiempo analizando ofertas laborales y me gustaría saber si alguien en este sub cuenta con experiencia laboral en la Universidad Santa Maria? Que tal es el ambiente? Recomiendan ese lugar? O saben de algún amigo o cercano que tenga esa experiencia?

Los leo, la verdad me ayudaría bastante para analizar opciones.
 
Muchas gracias!",neutral
De diurno a vespertino UTFSM. [removed],neutral
Denuncia. UTFSM despide a decenas de trabajadores aludiendo a proceso de reestructuración ,negative
Astronomía UChile vs PUC vs USACH vs UTFSM [removed],neutral
"Magister en énergia Hola a todos! (yo de nuevo xd)

Tal cimo reza el tîtulo: Estoy recolectando experiencias sobre magisteres en el àmbito electricidad/énergie. Acudo a sus experiencias y sapiencia: ¿Vale la pena?

He visto la UC , UTFSM y UAI. Creo que ese es el orden de interés. 

Mi duda grande también es si es mejor el magister en ciencias de la ing o seguir alguno de estos programas , cuyo caràcter es profesionalizante.

De verdad, toda ayuda me sirve.

Gracias a todos!

",neutral
"ABRO Ama DE DUDAS DE BECAS CAMBIO DE CARRERA y DE U; ELIMINACIONES DE CARRERA, CONVALIDACIONES, estudios de ING CIVIL... Eso, redditores,  estuve primero en un IP con el nombre del libro de Ercilla (conta) de ahí trabajé, pasé a la UTFSM en el 2019,  mal año , a civil industrial y me cambié a la USACH sobreviviendo de una fea (carta de eliminación injustificada).... bueno he visto, he ayudado, fui ayudante de la u, estuve apoyando en inclusión, la VRA y a las asistentes sociales. Pregunten lo que quieran y con gusto ayudo. La idea es que no se dupliquen las dudas.

Ams, además pueden preguntarme por becas y gratuidad, FSCU y CAE.

&amp;#x200B;

Los leo.",neutral
Ing Eléctrica en Duoc o UTFSM? [removed],neutral
"Ayúdenme a escoger una U porfa Bueno, la cosa es que soy de Conchalí y soy una wna bastante pava que no sale nunca (literal) de su casa y no tiene nada de calle, y con el puntaje que saqué en la paes lo único que me queda cerca para postular es química y farmacia en la Chile, que queda en independencia. Quedaría altiro por mi puntaje y me tinca mucho esa carrera, pero para las otras opciones que debo poner no sé bien cuáles escoger por temas de ubicación.

Me alcanza para estudiar qyf e ingenierías en la usach y la utfsm, pero ambas me quedan lejos y hasta lo que sé ambas quedan en lugares donde igual hay harta delincuencia (Por lo menos hasta lo que siempre veo de Estación Central y por lo que algunas personas me han dicho de San Joaquín). Y aunque son universidades de prestigio, y me enorgullecería harto sacar un título en cualquiera de las dos, el andar sola por esos lados igual me asusta porque, como dije antes, no soy más tonta para andar en la calle simplemente porque no nací antes.

La otra opción que me tinca es civil informática en la udp, que por lo que me han dicho tiene buena preparación y buena empleabilidad, y la ubicación de su sede no me complica tanto. Pero es privada y no de mucho prestigio, lo que igual me preocupa a la hora de tener que buscar pega pq sé que aunque en informática importa más la experiencia de todas formas al recién partir hacen un filtro según donde uno haya estudiado.

Y eso, ¿Qué me recomiendan ustedes? Cualquier consejo que me puedan dar se los agradecería mucho c:",neutral
"Ingeniería Civil Informatica, USACH O UTFSM(San joaquin) [removed]",neutral
Traslado externo utfsm a U de chile [removed],neutral
"La cagué con las preferencias de las universidades, no hay nada que pueda hacer? Buenas, resulta que postulé a 5 universidades, la u de chile, usach, utfsm(San Joaquin), la udec y la unab, todas en la carrera de civil informática y en ese orden de preferencia. Al principio estaba confiado del orden en el que las puse, pero después empecé a sentirme muy inseguro, mis puntajes fueron estos: M1=830 LENG=788 M2=734 Ciencias=798 NEM=823 y Ranking=824, en casi todas las universidades pondero más de 800, el tema es que me arrepentí y me dieron ganas de irme a la UdeC :/ en la UCH sé que no voy a quedar, en la USACH lo dudo igual ya que piden mucho nem y ranking, y como las generaciones de pandemia se boostearon las notas de más que quedo fuera, la que me preocupa es la UTFSM, no sé si mis puntajes fueron taaaaan buenos o solo es un puntaje promedio, si me pueden comentar puntajes que hayan visto sería genial, pq si me fue como a todo el mundo entonces dudo que quede en la UTFSM, y creo que quedaría en la udec justito.

 También me gustaría saber los promedios que hayan visto, supongo que todo el mundo tuvo más de 6,4 por la pandemia? Si tienen más puntaje que yo me harán feliz ksks",negative
¿Estudiar ingeniería civil electrónica en la PUCV o la UTFSM? [removed],neutral
¿Estudiar ingeniería civil electrónica en la PUCV o la UTFSM? [removed],neutral
Ing. civil en minas (UTFSM o USACH) [removed],neutral
¿Humano egresad@ de tec. Química utfsm? Os leo.🦦,neutral
"Alguien , ing. informática UTFSM viña del mar? Hola ! , Alguien sabe si en la de Usm, campus viña del mar, ¿ingeniería en informática es una buena opción ? O si vale la pena estudiar una ingeniería a secas y no civil .

Cualquier cosa que sepan sirve (^-^ ) , gracias :3.",neutral
Algún Consejo? Quiero entrar a Ing Civil Plan Común en la UTFSM de Santiago pero no se si vale la pena entrar a esa universidad si no estay en Valpo [removed],neutral
"Desfederarse... ¿que opinan? Me pregunto, [¿que opina la gente de la desfederación?](https://www.facebook.com/estudianteslibresdeChile/posts/616144472072655), en mi caso conocí a Dusan Vilicic (todo un personaje el wn, [se dedicaba a wear en los paros](https://www.youtube.com/watch?v=WQofMViEiaE) y [postulaba solo en las listas](http://www.soychile.cl/Valparaiso/Sociedad/2013/12/06/217997/Un-estudiante-de-la-UTFSM-es-el-unico-integrante-de-una-lista-para-la-eleccion-de-la-federacion.aspx)) en la UTFSM ya que estábamos en la misma carrera (informática) y durante el ultimo en el que estuve los profes se comunicaban con el para realizar las pruebas y disertaciones (ya que aunque la federación votaba paro el se había salido de la federación)

Además, me acuerdo que se rumoreaba que la federación tenia que pagar la plata del juicio y tenían miedo de que todos empezaran a desfederarse o inclusive crear otra federación, pero nunca ocurrió una salida masiva, a lo más uno o dos locos desfederados más no más.",neutral
"20 de Diciembre de 1907, un día antes de la matanza de la escuela Santa Maria de Iquique ",neutral
"Average house: Puente Alto vs Santa Maria Manquehue, Santiago, Chile. [deleted]",neutral
"Copypastas de frases chilenas Hola gente, creo que es necesario dejar un registro de copypastas para usarlos con sabiduría máxima. Si se me pasó alguno por alto haganme saber y veo que puedo hacer para conseguirmelo.

Aqui van:

Pd: hay un par del huevito rey, descubran de quienes son los otros! Y otra cosa más, no tengo bien claro a que flair podría aplicar este post ya que en verdad esto no es un shitpost y ese es el flair que creo que más encjaría este post.

1.-

Grande Mysterion, Mysterion lo más grande. Choche, chupa el pico maricon culiao. Toma conchetumare. Chancho culiao Chancho culiao Chancho culiao Chancho culiao Cerdo, muerete cerdo asqueroso. Cerdo culiao asqueroso me cago en vo' cerdo culiao y en los canales. Canales de televisión, vengan todos los reporteros a chuparme el pico igual que mega maricones culiaos comanme el moco. Maricones chupenme la raja con caca. Maricones culiaos. Me cago en todos los cerdos. Choche, muerte cerdo culiao amariconao. Ay, acusalo con tu mama, ""Acusalo con tu mama quico"". Acusame con tu mama conchetumare y con los reporterosme limpio el pico y la raja con todo el universo, maricones culiaos

2.-

viska spilli fudbar, vilus spille time...memey? vilus spille memey? yeah, viska spilli fudbar, ah? como reise ti Viña, obisnake vis-visnake herr

3.-

Así que Dross, soy una Amenaza para ti? Por Fin me reconoces como Enemigo digno. sabes Dross, te acabas de meter con el Gamer equivocado, mmhhjajajajajaja Tu crees que amenazandome de la forma que lo hiciste, Pequeño malvado, Me vas a intimidar a mi A VARDOC aquel que se ah terminado todos los i wanna be the guy Practicamente existentes! JajajJajajajaja ahaaaa, INSOLENTE. Dross déjame decirte que acepto el duelo, aquí ahora lo acepto con todas las condiciones y con todas sus reglas! sufrirás al ver el momento, de haberte metido conmigo, GAME OVER que está en mi espalda, me proteja de todos los peligros que vengan de aquí en adelante, dross ,te lo vuelvo a decir ,acepto el duelo y espero que seas bastante hombre, bastante macho, bastante gurerrero, bastante vikingo para aceptar las palabras que has dicho, así es, jugaré battletoads double dragon! y me lo terminaré solo en 7 días desde ahora, este día y el subsiguiente serán muy largos, por más difícil que sea el juego, por más complicado que sean las cosas, yo no me rindo, no como otros, que juegan i wanna be the guy, i wanna be the fangame, mueren y mueren y mueren y no logran avanzar, yo soy un ejemplo para la gente, tu no eres un ejemplo para la gente dross, no , no eres un ejemplo, mi ejemplo es, yo doy la perseverancia a la gente, les demuestro que con perseverancia las cosas se logran, tú que demuestras? mh jajajaja , perdedor, esta es una pelea de 1 a 1 de hombre a hombre así que subscriptores de dross y subscriptores mios, no spameen nuestros canales con comentarios o ni nos insulten a ambos, este es un duelo entre dross y yo, subscriban se a ambos canales, seguirán el duelo día y día, día por día, los 7 días completaré el duelo, llegaré al final y dross perderá, crees que battletoads vs doubledragon es dificil?, crees eso?, como se nota que no has jugado a los demás juegos dross, cuando dices te has terminado todos los i games, mhjajaja no te creo , para que veas que esto no es una broma, me tiraré a mi piscina, para que veas que este es mi verdadero compromiso y no estoy jugando contigo dross, esta agua me purificara de tu mal, del mal que tu emites, verás que saldré victorioso, AAAAAAAH, mha mha mha mha \*suspiros\*, vamos a jugar.4.-

SOPAIPILLAS CHILENAS

Para unas 30 sopaipillas medianas, 20 grandesIngredientes:

* 1 taza de puré de zapallo molido (yo uso en 1/2 lata de pumpkin puree en EEUU)
* 2 tazas de harina
* 2 cucharaditas de polvos de hornear
* 1 cucharadita de sal fina
* 3 cucharadas de manteca vegetal, margarina o mantequilla derretida

Preparación:

1. Colocar la harina, polvos de hornear y la sal en la procesadora de alimentos y pulsar un par de veces para mezclar, agregar el resto de los ingredientes y pulsar hasta obtener una masa suave.
2. O colocar la harina, los polvos de hornear y la sal en un bol amplio y revolver bien para mezclar. Agregar la manteca derretida y el puré de zapallo al centro y amasar hasta obtener una masa homogénea y suave.
3. Dejar reposar 20 minutos.
4. Uslerear sobre el mesón enharinado hasta dejarla del grosor deseado, a mi me gustan delgadas, de 1/2 cm. mas o menos.
5. Calentar el aceite a 180C o 350F.
6. Freír unos 2-3 minutos por lado. Deben quedar bien doradas
7. Sacar a un plato cubierto con toalla de papel para que absorba el aceite sobrante.

5.-

Sabes que tengo rimas muy Buenas Solamente lo viene sacando  Sabes que tengo estilo muy bueno solamente Pulento Sabes que tengo una rima tan buena que al toque te viene matando Raperos parece por eso no pueden hacerlo con todo el estilo en esto mira como tengo una rima tan buena que al toque te viene matando. Mira mi Pana no Puede como yo ya vengo con toda la rima Mas encima mi pana no puede meterlo mira como en el micro yo te gano mira como hablar de velocidad al frente de franchesco

6.-

Wena po barney!

Wena po viejo qlo

¿A cuanto la mano de falopa?

A 8 lukitas para usted mi rey

Wena po palezoico shushetumare ¿aer como está?

\- sonidos inentendibles-

7.-

\-- : Ahora en exclusiva tenemos en nuestro estudio, a un controvertido entrevistado, una  persona que la sociedad, ha ignorado por completo. Sr. Invisible Mudo, buenas tardes

\-- : Cuenteme Sr. Invisible Mudo ¿Por que se querelló?

\-- :¡Pero Sr. Invisible Mudo! ¡Usted esta acusando a una persona realmente famosa! ¡¿Se da cuenta de lo que está haciendo?

\-- : ¡No no no no no no no! No voy a aceptar insultos Sr. Invisible Mudo ¡Es mi programa! Lo siento, su tiempo se acabó, hasta aqui nomas llegó la entrevista

8.-

\+ Alo?

\- Soy yo el chupa

\+ Que pasa hermano

\- Aonde tay?

\+ oe

\- Que?

\+ oe hermano voy con el seba hueón va pegao hermano hueón!!!

\- Quien?

\+ El seba hueón!!

\+ Oe

\- Que?

\+ Oe

\- Este culiao esta pegao en la cara atraezao de un balazo se arranco de la comisaria lo taba esperando al frente.. ta pegao hermanooo! le pegaron en el mate hermano!!!

\+ EL OREJON?

\- Siii hermano vente pa la clinica davila urgente recoleta hermano,  me lo traje pa aca hermano, haga el aguante hermano

\+ Ya..ya ya.

\- Hacela corta oye oye, voh teni alguna persona que cubra pa no llearlo pá alla? improvise hermano no se que hacer conchetumare!!

\+ Aonde tan????

\- Voy pa la clinica davila recoleta hermanoo, vo teni una persona que le vea el mate hermano? le atravezo la cara hermano

\+ Noooo si esa wea es brigido po chuchetumare esa wea es brigidoo loco AONDE TAAAN LOCOO?

\- EN RECOLETA CHUCHETUMARE A ONDE QUERI QUE ME LO LLEVEE? SI EL MACHUCAO TA MAL PO HERMANO, QUE HAGO?

\+ LLEVATELO PAL HOSPITAL QUERI QUE SE MUERA BASTARDO CONCHETUMARE.....ja,ja,ja,ja,ja.

\-CHUCHETUMARE, OE PERKIN Y LA CONCHETUMARE, ME LO LLEVO PÁ LA CLINICA, GUSANO Y LA CONCHETUMARE TE OA SACARTE LA CONCHETUMARE TE IGO ALTIRO, GUSANO Y LA CONCHETUMARE MARICÓN Y LA CONCHETUMARE, VOY CON MI HERMANO HERIDO PÁ LA CAGÁ CHUCHETUMARE TE OA SACARTE LA CONCHETUMARE, JAIKRIL Y LA CONCHETUMARE, TE OA PITIARTE, TE OA CHUCHETUMARE, MI HERMANO SE VA MURIENDO QUE HABLAI WEAS BACAYO Y LA CONCHETUMARE.

\+ HERMANO, CHUCHETUMARE AONDE ESTAN LLEATELO PÁ LA CLINICA LOCO..QUE HUAAÁ...

\-VOY PÁ LA CLINICA DAVILA CHUCHETUMARE, SOY EL UNICO, VOY AQUI CHUCHETUMARE, TOY COMO LOCO, QUE ME HABLAI CHUCHETUMARE VOY LLORANDO SAPO Y LA CONCHETUMARE, VOY LLORANDO...

\+ AONDE..

\- CLÍNICA DAVILA RECOLETA, SAPO CONCHETUMARE...

\+ VAI ESPANTAMOIL LONGI CULIAO. Biiiip.

\- Alo?

\+ Oe hermano, hermano, él él loco es de kinesiologo hueón, no sirve el loco hueón, dice que él lo puee tenerlo, pero es de kinesiologo, eh otra wea na que ver. (Voces) Mira nosotros vamos pá lla pá tu casa ya?.

\+ Hermano, dice que es kinesiologo el loco y no sirve, dice el chupa, no sirve. (Voces) Pura Carne.

\- Oe pá onde lo llean?  Ahhh..pá que lao lo llean?

\+ Ibamos a tirar pa puente hermano.

\- Que yo ando con el taita aquí, porque no y allá en puente que..que.

\+ Oye...no te escucho bien hermanito, dime hablame tranquilo, que paso?

\- Pá que lao lo llevan? (Voces) Llevemolo!!!! Llevemolo!!!

\- Ando con el papá aqui.

\+ Hermano....dime hermano que no te escucho hueón!!!

\- Pa onde lo llean?

\+ Dice pa onde amo a llearlo a la finale poh...el chupa..el chupa.

\+ Pa puente.

\- Ya, ya.

\- Alo?

\+ Quien es?

\- Yo el chupa hermanoo.

\+ Chupa escuchame, escuchame, este culiao esta, esta este culiao esta reaccio reacciona me habla, sae too, sae too, esta atraesao de la cara, pero no del cerebro, este culiao lo lleamos pa la clinica davila. Escuchame!!! Lo lleamos a la clinica davila y ahora me dijo que lo lleve pá la Indisa, un poquito mah arria, asi que seguí por Santa Maria derecho, pá la Indisa (conchetumare!! Los pacos)

9.-

Dijiste tula? Tula la bebida energetica de todos los chilenos. Tomas podrias pasarme la tula ancha .. ahi va la tula. Dijiste Tula? Nueva tula boca ancha sabor pomelo suave que importa el nombre?. Tula la bebida energetica de todos los chilenos, que importa el nombre? .. Nanato Nanato bajame la tula?, Dijiste Tula?? .. por supuesto Tomas, ohh la tula chica ... nueva tula chica para gente grande ! . Tula la bebida energetica de todos los chilenos, que importa el nombre? ... Rodolfo tremenda tula !, dijiste tula? ... nueva bebida gigante tula de 3 litros para los que les gusta la tula y gozan de la tula, que importa el nombre? .. Tula la bebida energetica de todos los chilenos, que importa el nombre? ...Me encanta la tula, la tula si que me refrescaahh .. Tula, te dejara impresionado (OHHHH) .. se me antoja una tula, dijiste tula?, yo te tengo la de siempre .. la chica? SIII, Tula la bebida energetica de todos los chilenos, que importa el nombre? .. TUULAA, EMPIEZA CON TUUU, este si que tiene tula. Tula la bebida energética de todos lo chilenos, que importa el nombre?

10.-

Kung leo ya ha pasado a otro nivel, ahora juega sin mirar, ¡sólo de oído!, observen... ojos cerrados, no hay pillería, no hay trampa, solo instinto. Sonido de Mortal Kombat ¡Brigidoooo! Continúan los sonidos del juego ¡Ahhh, casi! Sonidos del juego ¡BRIIGIDOOOOO, AJAJAJAJAJAJAAAA, SOY EL MÁS BRIGIDO DEL MUNDOOO.

11.-

Mira feo sarnoso y la conchetumare, hijo de la maraca culiá más fea que nadie se quizo culiar por que tenía la zorra olor a reineta y la champa con tiña y unos piojos del porte de un guarén con hormonas por lo que nadie le quizo jamás meter la punta del pico en la mancha con bigotes por temor a contraer gonorrea y andar con la callampa como coliflor y los cocos más irritados que el culo de reo maraco, así que tuviste que mal nacer gracias a que el borracho de tu padre un dia llegó moto yla ramera buena pal ciclope de tu madre se lo violó con la choronga fétida hasta conseguir una gota miserable de eyaculación que cayó al suelo por lo cual se tuvo que resfregar hora y media con la zorra pegada al piso como pulpo para ver si algun espermatozoide rancio le entraba por la vulva leprosa con arestín para después de 9 meses dar a luz al hijo de puta más aweonao que este mundo pudo llegar a albergar al cual no le queda más opción que seguir su destino y prostituirse analmente como taxy boy hasta quedar con hemorroides con el culo tirando besos como boca con colágeno, chupa pico y la perra culia de tu hermana seca pa pintarse los labios menores con la pichula de su perro cachorro por que dice que parece rush la puta culia buena pa la cabeza de haba a la cual me he culiado en reiteradas veces hasta dejarle el choro humeando como volcán de chaiten, y la circcunferencia anal del chico julio como neumático de camión minero. Ese prospecto de mojón caminante culiao capaz de crear este tema imbécil digno de pendejo pokemon amariconado hueco como cuchiflí barquillo sin la mas mínima neurona culia en su microscópico cerebro.

12.-

 Dijiste Tula? Did you say Tula?  Het jy tula gesê? Hast du Tula gesagt? 툴라라고 했니? Tula dicitur? 你说图拉? あなたはTulaと言ったのですか？ Вы сказали, что? Λέξατε την Τούλα; Avez-vous dit Tula? Ar deir tú Tula? Sagde du Tula? Uthi iTula? Hai detto Tula?  Kas te ütlesite Tula? Na u itse Tula? Tula သနည်းဟုမေး Koj puas tau hais tias Tula? Você disse Tula? Hutt Dir gesot datt Tula? Bạn đã nói Tula chưa? -.. .. .--- .. ... - . / - ..- .-.. .- .-.-. 01000100 01101001 01101010 01101001 01110011 01110100 01100101 00100000 01010100 01110101 01101100 01100001 00111111  44 69 6a 69 73 74 65 20 54 75 6c 61 3f  RGlqaXN0ZSBUdWxhPw==  68 105 106 105 115 116 101 32 84 117 108 97 63  104 151 152 151 163 164 145 40 124 165 154 141 77 

13.-

\- Trae el bolso pa’cá pa que echemos choclo, por primera vez que ando robando choclos yo… - ¿Pero los llevamos pa’ Santiago? - Sí, los llevamos pa’ Santiago pa’ que hagamo’ humita’ - Mire, sonría… - Vamos a hacer humitas y pastel, ¿ya? - ¡Sonría! - Sonría, ya… ‘Tan lindos los choclos, primera vez- - Oh, graba bacán la cámara (¡¿Quién anda ahí mierda?!) - ¡Ah! Sht, sht, sht… (¡Oye María, sentí un ruido por allá!) - ¡Nos pillaron! Nos pillaron... - Nos pillaron con-pa… (¡Están robando los choclos estas mierdas!) - ¡Apaga la cámara conchetumare!, nos pillaron… Ahh… Apágala… (¡… mierda!) - ¿Qué pasa? (¡¿Quién ‘ta robando choclos ahí?!) - ¡Nosotros! ¡¿Por qué, conchetumare?! (María, ¡llama a los pacos, mierda!) - Qué te creí, culiao, que porque te roban un choclo vení a webiar, ¡huaso conchetumare! Y vo, vieja maraca culiá, qué te vení a meter vieja conchetumare, ¡te voy a entubar los choclos en la raja! ¡Aquí están tus weas, métetela’ en la raja conchetumare! - Tía… Tía Nana… - ¡Vieja maraca culiá! ¡Huaso culiao!  Corte - Ya Nana vámonos…  - …choclos vieja conchetumare, ¡métetela en la raja! ¡Entúbatelo conchetumare! Ahí están tus choclos, ¡vieja culiá! - Ya Nana, vamos… Arroja mazorca -¡arranca! - ¡Nana, arranca weona! ¡Arra-apreta cachete vieja culiá! - Mira los tomates conchetumar... conchetumare ¡oh! - ¡Weón apúrate, levántate! - ¡Deja pararme conchetumare! - Ya, oye si- - ¡Arranca! - ¡Ya po' Nana! ¡Ya dale weona! - ¡Arranca…! - Conchetu... ¡ah! ¡Puta, quedé todo entomata'o por la chucha…! Ya, apúrate weona, apúrate - ¡Apaga la cámara conchetumare!. 

14.-

&amp;#x200B",neutral
"Trabajé en diversas radios de noticias en regiones AMA Trabajé en diversas radios tanto de cadena (El Conquistador y Bio Bio) como en Radio Santa Maria en Coyhaique.

Mis roles fueron desfe Reportero en Calle, Productor, Locutor y Jefe de Prensa entre el 2008 y el 2014",neutral
"Una ayudita al recién egresado estudiante de 4to camino a la universidad porfa Ya cabros, llego esta época del año denuevo, y como siempre seguramente se llene de posts de esta wea. (Ojala hagan un ""megathread"" donde podamos preguntar weas vocacionales, pero si quieren nmas ph). Ya, la cosa es q igual tengo varias dudas q ojala alguien pueda guiarme. En general me llaman la atencion las ingenierias (nada de lado humanista por supuesto) me estoy decantando por civil informática porq hace unos años tome un mini curso de programación y estuvo entretenía la wea (trabajamos con java, pero mas q dedicarnos a aprender a programar algo, nos enseñaron q hacia cada comando). Siempre he sido medio computin pa mis weas, desde chico asi q creo q me puede llamar la atencion la carrera.

1. Ahora, cuando me puse a mirar las carreras de la u, me empezé a dar cuenta q habian caleta weas similares, pero lo q me llamo la atencion es q ""ing civil informatica"" es una carrera distinta que ""ingenieria civil en computacion"", pa mi siendo un estudiante recien salido de 4to medio las 2 weas suenan igual o q tratan temas muy similares, pero si alguien me puede explicar la diferencia le toy agradecido &lt;2
2. ¿A q universidad debería irme? Se q igual es super subjetiva la pregunta, onda tambn depende de como me vaya el la ptu y tal (igual me he preparado bn el año asi q espero un buen puntaje ph) pero asumiendo el mejor caso, q universidades son las mas prestigiadas en esta carrera? he recibido recomendaciones de:

* La u de chile (Clasica recomendación de la gente)
* La u católica de chile (No me la han nombrao na mucho pero tengo entendido q es buena)
* Universidad Federico Santa Maria (Nombre ql largo pa una u, pero me lo he terminado aprendiendo de memoria con tantas veces q me la han recomendado)
* Usach (Nada q decir, no cacho mucho de esta u)

Y esas son por ahora, si pueden recomendar alguna mas de pana. Tal vez no deberia estar preguntando este tipo de weas por aca, pero ya fue, hoy en dia donde chucha pregunto wn, no voy a ir a ig o facebook a publicar una wea asi de larga, medio testamento y no me pesca nadie ph. Igual puede ser q este no sea el mejor subreddit pa preguntar esta wea tambn, pero si me pueden linkear al correcto mejor. 

Un saludito y buena suerte a los q dan la ptu conmigo este año!",neutral
"Tablatura Cantata santa maria de iquique Ola, quería mostrar que estoy pasando la partitura de la Cantata ( [Partitura de Santa María de Iquique: cantata popular - Memoria Chilena, Biblioteca Nacional de Chile](http://www.memoriachilena.gob.cl/602/w3-article-54105.html) ) al Guitar Pro para tenerla interactiva y hacer una tablatura o lo que sea. No sé si ya exista algo así pero cualquier cosa me avisan. Si quieren me pueden cooperar

No soy profesional en esto y estoy haciendolo para probar y divertirme noma

https://preview.redd.it/q6ebcb0s24ib1.png?width=1920&amp;format=png&amp;auto=webp&amp;s=71f958ed1163af35b62c0bf30e806b798464f786",neutral
"¿Que recuerdan del 9/11 Gringo? Para quienes estaban vivos y concientes en la fecha.

Yo trabajaba en la Torre Santa maría en esos tiempos.

Recuerdo haber visto la primera foto de tal surreal noticia en un email en la oficina (no teniamos acceso libre a internet ni televisión)

Confieso que me estresé igual, porque estar en un edificio de altura similar a las torres gemelas durante ese evento, era pa frikearse sobre todo siendo un vil veinteañero ( y recordando el incendio de la torre santa maria).

Recuerdo el Internet post 911, y una cantidad de sitios conspiratorios gigante (la mayoria ya no existen)

y obviamente ese suceso adiciono un poco de miedo para la primera vez que me subi a un avión.

",negative
ahhh que bonito el sur de chile (foto tomada en santa maria de pua) ,positive
"Ingenieria civil en la Federico Santa Maria vs FEN en la U de Chile El martes se entregan los resultados de la PTU y aun no estoy seguro de que estudiar. 

Como dice el titulo, estaba pensando en entrar a ingenieria civil electrica en la Federico Santa Maria o alguna carrera de la FEN. 

Me han recomendado que es mejor estudiar una ingenieria civil, ya que pagan mejor, pero no estoy seguro de que haya mucha diferencia con la FEN. 

Anyways, me preguntaba que piensan ustedes, si alguna vez han tenido problemas con la empleabilidad viniendo de la Federico o de la FEN. Tambien me interesa tener un desk job y me dijeron que la Federico te prepara para ejercer y la Chile para administrar. Agradezco toda la info que me puedan aportar.

PD: En temas de cual me gusta mas, hace poco me empezaron a interesar el tema de inversiones, pero nada mas allá.",negative
"Duda sobre sector en San Joaquin Entonces, casi todos sabemos q en la zona sur de santiago es algo complicada. Pero sucede, que el próximo año entro a la Federico Santa Maria, y he estado buscando departamentos cerca de esta, y lo mejor que encontré, fue un depa en El Pinar. Mi duda, es de como es el sector, debido a que soy de sector, y no conozco perfectamente como es la zona cerca de la Avenida Vicuña Mackenna. Desde ya, gracias.",neutral
"ingeniería informática en la USM hola soy de conce y estoy pensando en estudiar ingeniería informática en la santa maria de concepción hay alguien que haya salido de ahí? si es asi me podria decir que tal es y si es verdad que la única intención que tienen los profesores es que te eches el ramo

p.d: al parecer la carrera es nueva en conce, pero la malla es igual a las otras :) gracias",neutral
"no se que universidad escoger El próximo año entro a la universidad y me gustaría estudiar ing informática o ing industrial, tengo algunas universidades en mente, La uc, la federico Santa Maria, la autónoma, la u de chile y la Andres bello, no se que tan buenas sean, alguien que estudie ingeniería en esas universidades me diga que tal son, no sé si sea de utilidad pero en un futuro me gustaría enfocarme en lo que es la ciencia de datos",neutral
"Best place/site to rent a room in Santiago? Hi!

Sorry in advance if this isn't the right place to post this. I'm going to Santiago to study at UC Chile and I'm currently lost about where to find a room (not a whole apartment) to rent during the stay (\~6 months). Would you say airbnb is a good place, or is it too overpriced? I've looked a bit and apparently I can find a room for about $300-450 USD per month there (including internet access etc). Is there any other commonly used sites for renting rooms specifically?

Could you recommend a specific neighborhood? From what I could see, apparently there's a subway station near UC Chile (Santa Maria), so I believe any neighborhood that is connected with subway would do the job, but I don't know much about the city. Any help (or tips in general) is very appreciated, and sorry again if this isn't the right subreddit to post this!",neutral
"No me siento bien conmigo mismo Hola, siento que reddit es más para hacer consultas pero queria conversar con gente anonima, solo por eso quiero explicar mi situacion durante este último año.
Los últimos años de colegio sali con buenos promedios y me fue bien en la paes y me decidi por entrar a una buena universidad para estudiar la carrera que me gusta (informatica). Y elegi la usachita pq siempre me ha gustado su malla, aunque la ubicación no sea muy buena, la considere mi primera opción y luego deje la chile y la santa maria.
Entre a la usach, quede en un puesto alto me senti feliz pq habia entrado a la universidad que me gustaba para estudiar. Le conté a mi familia y dijeron que pq no me fui por la chile y la cato que eran mejores que la usach, les dije que no me gustaba la malla y en la cato no me gustaba el ambiente (quiero recalcar que yo de meses antes de hacer la paes les dije que me gustaba la usach, asi que no deberia haber sido una sorpresa para ellos)y se termino la conversación, pero senti que estaban decepcionados de mi, no abrieron más la boca ni para felicitarme, con cuea me preguntan como me ha ido en la u y wn, mi prima estudia medicina en la chile y a ella le bombardean de preguntas sobre como le ha ido, no sé si estare haciendo mucho berrinche pero desde que empece la u he estado arrepintiendome de mi elección y hay veces que no me llegá la motivacion para seguir estudiando cuando realmente me gustan mis profes y mis amigos de la u, me gusta mi u. No sé que hacer pq hay varias veces que ese pensamiento me llegá y no me gusta hablar de mi universidad pq siento que la gente se va a decepcionar de mi por solo un nombre???? En mi familia siempre ha habido el tema de hablar de las notas y las universidades para sacar pica con los hijos de uno y otros y me da lata por mi papá pq siento que no hice la elección correcta, dice que esta bien q si me gustaba y yo era feliz, era lo mejor pero hrmno, me siento tan inseguro, realmente fue lo mejor? Siento que hay veces que me falta apoyo y tengo un amigo que se burla de mi por mi universidad tb, sé que es de broma pero de todas forma me llega afectar su comentario pq recuerdo a mi familia. Quisiera saber que piensan ustedes, que deberia hacer pq no siento que cambiarme a la chile lo solucione. Quiero mucho a la usachita pero este problema no me deja concentrarme en mis estudios.
Puedes decirme lo que quieran, acepto que me reten. Los leo",positive
"Canciones oscuras/Densas/Perturbadoras de autores Chilenos? Aprovechando que fue halloween hace 2 días jjjjaa.
Me interesan estas 2 cosas: el terror/lo oscuro y la música. He estado tratando de averiguar canciones con trasfondos densos u oscuros, o también su sonido. Como ejemplo puedo dar ""Confesiones de un psicópata en La Dehesa"" de Cevlade, hablando sobre el Tila. También la cantata de La matanza de la escuela de Santa Maria de iquique (siendo más, un ""álbum""). Las canciones de ""Neblinum"" también caben, estoy acostumbrado a la música que suena fuerte y densa, pero me impactó cuando se ponía a llorar en una de sus canciones... y bueno, ahí pueden mencionar algunas!",neutral
"Qué tan confiables son los resultados de exámenes de laboratorio en Chile? Hola gente, mi señora se ha estado haciendo exámenes rutinarios y nos entró la duda de que tan confiable son los resultados de laboratorio? Yo pensaría que las clínicas mandan a analizar a terceros y que básicamente todos tienen el mismo proveedor de análisis de resultados.  
Ustedes creen que por ejemplo tomarse un exámen en Integramedica versus una clínica más grande, onda Indisa/Santa Maria/Alemana arrojaría resultados distintos?",neutral
"Opinion Tecnico Telecomunicaciones y conectividad USM hola, tengo varias dudas respecto a la carrera ya mencionada, actualmente lo estoy cursando en la santa maria, considero que la universidad es solida en ámbitos académicos e internacionales pero fuera de eso.

¿creen que es una buena carrera? 

me gustaría especializarme en ciberseguridad, me gusta el código también pero desconozco el campo que puede existir en Chile como en el extranjero.

¿Qué opinan ustedes? los ven necesario?",neutral
"Estudiantes del Liceo Domingo Santa Maria de la ciudad de Arica, denuncian que sus profesores y carabineros entraron de forma violenta y a desmantar la toma de dicho liceo, golpeando a los estudiantes de por medio. [deleted]",negative
"Vale la pena estudiar un tecnico en energias renovables? (santa maria) me estoy volviendo viejo y me urge estudiar alguna wea, esta es de las pocas cosas que me han llamado la antencion. valdra la pena estudiar esta carrera? ta buena la malla o deberia buscar otras opciones?",neutral
alguien de la santa maria (usm) que me pueda ayudar [removed],neutral
alguien de la santa maria (usm) que me pueda ayudar [removed],neutral
"Estudiantes del Liceo Domingo Santa Maria de la ciudad de Arica, denuncian que sus profesores y carabineros entraron de forma violenta a desmantelar la toma de dicho liceo, golpeando a los estudiantes de por medio. ",negative
MBA en la universidad  santa maria [removed],neutral
"Hombres que se han hecho una lipo o procedimientos esteticos Buenas amigos redditores, quisiera saber si podrian compartir sus experiencias con este procedimiento.

Hago deporte y en general me cuido harto pero hay una grasa que definitivamente no baja, siempre que hago procesos de definicion bajo mucho de peso y gano masa muscular pero la zona del pecho y abdomen bajo no baja al punto de como quiero que se vea. Asi que fui por un hack y estoy cotizando una lipo en esas mismas zonas, el doc me ofreció lipo + retraction para la zona del pecho y abdomen en la Santa Maria.  
Lo has hecho o conoces a alguien que lo haya hecho? Me compartirias tu experiencia?

1. Cuanto pagaste.
2. Recomiendas algun lugar?
3. Valio la pena?

Muchas gracias!",neutral
"Canon literario Chileno? Que libros consideran ustedes que son obras fundamentales de la literatura de Chile? 

Quiero empezar a leer, hacerme mi librería y me di cuenta que fuera de los libros que leí en la escuela no tengo mucho conocimiento de autores nacionales ni tampoco de la literatura del país.

Mi idea es leer obras que capturen la identidad Chilena o sucesos que hayan ocurrido (como Santa Maria de las Flores Negras)

Cuales son algunos que consideran ustedes?",neutral
"Consultas de sector para comprar depto Hola! estoy viendo unos deptos en el sector de provi pero cruzando el puente entre salvador-manuel montt, literal quedan como a 1 cuadra de canal 13 y TVN.

  
Es buen sector para vivir? sé que es bellavista pero está harto alejado del webeo de baquedano-pio nono, de hecho están mas arriba que la clinica santa maria.

  
Eso, cualquier opinion ayuda, gracias!",neutral
Universidad Técnica Federico de Santa Maria duda semestre par o impar [removed],neutral
"Como es ing civil informatica en la UV (universidad de valpo)? Buenas kbros/as, queria saber como es estudiar ing civil informatica en la universidad de valparaíso. Queria la santa maria pero no me dio el puntaje, lo mismo con la cato de valpo XD. 
Segun me fije tiene la misma malla que la de la pucv, pero igual cache en un lado que al salir se gana mas en la cato y los profes enseñan bn.
Eso gente, disculpen las molestias.",neutral
Ingeniería en informática Hola este es mi primer post y quería preguntarles si hay alguno que haya estudiado en el duoc ing en informática ya que me gusta el ámbito de la informática y quiero estudiarla y si esta trabajando cuanto es lo que mas o menos gana ya que he visto que muchos dicen que es mejor estudiar ing en informática en una universidad como la universidad federico santa maria ya que ganarías mas,neutral
holaa alguien de la santa maria bueno/a pa fisica?? [removed],neutral
"Ingeniería Civil electrónica USM VS Ingeniería Major Robótica Minor Inteligencia computacional UC vs otros ¿Cuál recomiendan? Estoy viendo carreras, me interesan carreras en areas de tecnología y esas dos me llaman la atención, aunque no rechazo carreras afines. 

Alguien que se dedique a esas áreas o estudió en esas casas de estudio me podría hablar desde su experiencia, de como fue internamente su experiencia, a qué se dedican actualmente, qué herramientas les dio la U, los profesores y compañeros como son, como es la percepción lo que hacen frente a otros profesionales y mitos del perfil que no debo tomar en cuenta. También me sirve la experiencia de aquellos que se fueron a estudiar fuera de su region, para así tomar una decisión más completa. 

Datos a considerar:  
1. Soy de quinta región y la USM me queda a una micro de llegar al frontis, aunque no significa que no pueda ir a Santiago de ser necesario (Asumir que el área monetaria no es limitante, mas bien emocional de no tener la familia cerca).  
2. Si bien sus mallas se parecen harto, me gusta más que sea más abierta a cambios la UC (Dígase que al final tengo una percepción errónea y realmente me quiero ir por otra rama), dígase de paso que las menciones de Electrónica en la USM no me atraen tanto ¿Es posible algo así como solo hacer licenciatura de una carrera y hacer magister en otra (Me gusta mucho el area de IA y la UC, o la UAI si es que me quedo en la quinta región, tiene ese magister pero la USM no)?  
3. La USM se ubica en electronica entre las mejores (A nivel Latinoamérica), al menos eso me han contado ¿Cómo es posible verificarlo? ¿Implica los conocimiento que son capaces de generar dentro de la universidad o más bien la calidad de egresados?   
4. No soy fanático de irme a paro (Conocidos sansanos me dicen que debo estar mentalizado para estar en paros largos)  
5. Es más probable me den beneficios la USM que la UC por notas y también que me va bien en los ensayos de mate como para un año no tener que pagar  
6. He conocido ambos campus, no son determinantes, aunque me gusta el concepto de UC San Joaquin como una ciudadela.",neutral
