full_content,sentiment_label
"¿Por qué los aranceles universitarios han crecido sostenidamente los últimos años ? ¿Tiene que ver con la gratuidad ? Las preguntas del título. Estudio en la USM y cuando entré, el arancel estaba en 4.4M y este año está en 6.2M, lo más probable es que el próximo año esté en 6.8M. Se que en la católica, uchile y usach la tendencia ha sido la misma. La verdad es que investigue de forma rápida y no encontré nada, si fuera por inflación al menos los aranceles referenciales (valor con que el estado tasa la carrera) subirían de igual forma pero esto no ha sido así (3.7M 2019, 3.9M 2024). 

Además he escuchado que encima mi universidad está teniendo problemas de solvencia. Iniciaron un plan para subir las cátedras que son de 30 alumnos a 50 en sala y están haciendo despido masivo a profesores.

¿Algún entendido del tema podría explicarmelo?",neutral
"Cuantos ramos es normal echarse? Gente del reddit, estoy en primer año de ingeniería civil plan común en la USM y ahora mismo (A casi nada de terminar el segundo semestre) me eché fisica 110, el semestre pasado reprobé química (La puedo dar el próximo semestre) y matemáticas (La pasé este semestre), la cosa es, mis compañeros en su mayoria han reprobado maximo 1 ramo, entonces ando con modo depre por lo mismo, es normal echarse 3 ramos en una carrera, o realmente estoy siendo muy porro, (Me hice cagar estudiando los últimos 2 semestres y vengo de un liceo que vivió en paro).",negative
"Que harían si fuese yo? Últimamente he tenido un caos en la cabeza, les explico mi contexto, tengo 20 años, mi familia es de bajos recursos, tengo hermanos pequeños con dificultades de aprendizaje y en mi familia sabemos que su trabajo en la vida no será por el lado profesional… El tema es que antes estaba en una carrera humanista, muy saturada, me cambié a civil informática en la usm ya que en mifuturo.cl me llamó la atención la empleabilidad e ingresos, ahora estoy viendo como miles de personas están entrando a informática y el campo se está saturando, hacemos un gran sacrificio para que pueda estudiar, y no quiero que todo eso sea en vano para salir y ser un cesante ilustrado más, he pensado en perder la gratuidad nomas y cambiarme a medicina y sacarla con el cae, pero es una misión casi imposible, por mi nem y ranking la que más me conviene es la u mayor por las pruebas que consideran para la ponderación, pero tendría que sacar 950 en cada una, es muy complicado, la ultima vez que las di me saqué la chucha y llegue a 850 nomas. Estudiaría medicina únicamente porque garantiza empleabilidad e ingresos sólidos, ya la vocación me da lo mismo, no tengo vocación por algo en específico, personalmente veo los estudios únicamente como una inversión, sé que la usm es una buena u y todo, pero el futuro de informática no se ve muy prometedor, y medicina sería un todo o nada, no se que hacer, no sé si continuar en la carrera y esforzarme el doble, o jugarme la vida por medicina, estoy en un punto en el cual  no sé qué hacer, no quiero desperdiciar mi juventud, quiero que el sacrificio realmente valga la pena, no sé qué harían ustedes, o si tienen algún consejo que dar, eso gente, gracias por leer.",negative
"No sé si soy buena en matemáticas  Muchas veces a la semana estudio matemáticas, no específicamente para sacar buen puntaje para la PAES, sino para nivelarme en mate. La cosa es que en mi Preu (el filadd) los ejercicios en los ensayos de los ejes se me hacen muy complicados, tengo que muchas veces usar la IA que te deja usar el ensayo para poder hacer problemas (Gen IA creo). Últimamente he empezado a tener problemas de seguridad con mi inteligencia en matemática, trato de no prestarle atención y convencerme que siempre me saque buenas notas en el colegio (saldré con NEM 6,7/6,5). 

Mi mamá es profesora de matemática en una U buena y es exageradamente buena en matemática, hace ejercicios por diversión, razona muy bien, hizo una investigación en dónde creo una ecuación para explicar algo e hizo lo mismo en su tesis. Así que quiero al menos ser decente en matemática, Pero en todos los ensayos de la usm, cpech y filadd me saco entre 350 y 480 puntos, Pero cuando hice el expediente secreto de M30M (preguntas reales de la PAES) tuve de 26 unas 23 buenas y las hice rápido. Así que mi problema es matemática en si.

Mi pololo me dice que debo descansar al menos dos o un día a la semana, porque si no, no podré hacer bien los ejercicios y me costará pensar. Se que tiene razón e intentado no estudiar un día, pero cuando lo hago termino dejando de estudiar como 3 o 4 días, porque me da miedo hacer ejercicios normales sin saber toda la teoría. Si se preguntan mi mamá no me puede ayudar mucho, pues está mucho rato en la u y llega a responder correos y corregir pruebas, le ayudo en cosas que no entiendo su razón o ejemplos (como inecuaciones). 

Quería preguntarles por donde debería empezar a estudiar, si hay videos en Youtube o como puedo mejorar el razonamiento de problemas 🫠",negative
"Miedo a no tener tiempo en la universidad Hola, queria preguntar por esto, es tan terrible como se dice que aveces no hay tiempo para nada o uno debe saber hacerse su rutina y asi tener tiempo de ocio-pasatiempos-salidas con amigos etc, pienso estudiar alguna ingenieria del tipo industrial,informatica, electrica y tal vez como opcion mecanica-mecatronica en alguna universidad bkn y tradicional como la puc, beauchef, la usach o usm, mi pregunta es si depende de la u que tan brigido sera todo, o la ingenieria escogida, o que factores pueden influir. ",negative
"LA ACREDITACIÓN DE LA CNA es realmente confiable? Bueno gente ya mucho post de que universidad puedo elegir y esas cosas.

AHORA tengo una duda que me surgió justo antes de dormir anoche, bueno , como ven en el título , es sobre si la acreditación que lleva a cabo la CNA y todo ese proceso, es realmente confiable?

Y por qué preguntó, bueno como saben estuve poco menos de un mes en la Udla , la cual está acreditada por 5 años, pero bueno , la encontré mala etc (toda mi experiencia en el post que hice de eso) y pensé ;

""la wea mala si , y está acreditada 5 años...como serán entonces las universidades acreditadas 6 años , como la Usm, Udp , UAI , Unab?? ""
 Ya que en cuanto a años de acreditación no hay ""casi"" diferencia... solamente un año.

Y por lo mismo me surgió la duda si realmente es buen indicativo basarse en los años de acreditación de una universidad, ya que la misma Udla saca pecho esa cosa y por ende entran más y más weones ahí.

Otras universidades como la U mayor , UCEN , Uah , creo que no son tan pencas como la Udla.....NI SIQUIERA LA UTEM que está en 4 años...

Que opinan ustedes?",negative
"Quien es el súper mechon? Llevo tiempo leyendo en esta comunidad y me he topado con varios comentarios cada tanto que hablan del ""súper mechon"" de la usm, me da risa la expresión pero me surgió la duda real jsjsja, es real el súper mechon? O es una wea que se inventaron los de la santa maria? ",neutral
"Ciencias de la computacion o ingenieria civil informatica? Bueno, lo que pasa es que ya quedan pocos dias para decidir que estudiar y estoy entre estas dos carreras; Licenciatura en ingenieria en ciencia de la computacion en la PUC [https://admision.uc.cl/carreras/licenciatura-en-ingenieria-en-ciencia-de-la-computacion/](https://admision.uc.cl/carreras/licenciatura-en-ingenieria-en-ciencia-de-la-computacion/), o Ingenieria civil informatica en la USM [https://usm.cl/admision/carreras/ingenieria-civil-informatica/](https://usm.cl/admision/carreras/ingenieria-civil-informatica/), quisiera saber cuales son las principales diferencias y cual seria lo mas conveniente para mi, ya que mi plan es trabajar en un futuro en algo relacionado con la programacion mas que nada, me gustaria trabajar para alguna empresa gringa y luego irme a EEUU, por eso tengo el ojo en la licenciatura, pero no se si valdra mas estudiar 2 años mas para sacar la ingenieria civil (se que dura 5 pero dudo que lo saque en 5 teniendo en cuenta la dificultad de la USM), o 2 años de exp ya con la licenciatura, que seria un computer sciencie degree para los grigos, si alguien me podria orientar porfavor, muchas gracias",neutral
"Ingeniería Comercial en la UCH o la USM? Hola, este año me salí de comercial en la UC debido a que no me sentía bien ahí, nunca encajé socialmente y nunca hice un grupo de amigos o algo por el estilo lo que hizo que odiara la universidad y no tuviera ningún tipo de motivación por la universidad. Daré la PAES para entrar el 2026 pero no sé si elegir la UCH o la USM, no quiero algo muy enfocado en economía pero si una malla que me entregue herramientas que pueda usar para el mercado laboral futuro, me da miedo la dificultad de la USM (he hablado con personas que dicen que las mates son rajonas pero ramos de carrera son llevaderos) también me da miedo la dificultad de la UCH (segun yo es más dificil en todas las areas) y también me da miedo no encajar de nuevo. Cuál debería elegir? (Soy mujer)",negative
"Libros de cálculo??? Buenas, quería consultar si es que alguien me pudiera comentar que libros son piola para estudiar cálculo (de una variable) ya que me ha parecido divertido e interesante 

Tiendo a ser alguien que se inclina más por analizar y entender a que ser más práctico en cuanto a la mate y estoy planeando estudiar el plan común de la usm para ver qué tal 

Eso! Porfavor y muchas gracias de antemano por todas las respuestas! ",positive
"Estudié técnico y no sé q estudiar ahora pa complementar Holas, como dice el título, estudié tecnico universitario en electrónica en la usm, y quería meterme a ingenieria en la cato (pq supuestamente ahi si me convalidaban ramos, no como en la usm) y resulta q entré y no me convalidaron nada. Al final salí de la carrera y me metí a trabajar, porque no me iba a meter a estudiar otros 5 o 6 años pa salir de ingeniero a los 30 y tantos sin experiencia po, niun brillo.

La cosa es q no cacho q tan rentable seria seguir la ingenieria, pq igual podría estudiar ingenieria en instrumentación de vespertino en la usm, el tema es q trabajando y estudiando me quedarian como 4 horas de sueño XD. También podría tomar un postgrado, pero ahí cacho menos como hacerlo o que estudiar.",negative
"Ing civil ¿Matemática? Esta carrera me tiene en la duda, desde que la descubrí quiero estudiarla, pero no se realmente cual es el campo, area de desempeño, ni empleabilidad, de hecho apenas se para que sirve, tampoco sesi es muy dificil entrar, tengo promedio 6.6+ sin estudiar nada en 3o medio, tengo 2 electivos de mates y , segun mis profes, si estudiara algo (y no me equivocara leyendo mis jeroglifos desordenados) me iría a puro 7 :d soy nulo pa historia, biologia lo pase con promedio 2.9, como para contextualizar. Muchas gracias a todos por adelantado. El objetivo es ir a la usm :b",neutral
"Usm y Udp, una gran diferencia? Hola gente, ya estamos a poco más de un mes para la paes de invierno, y bueno , he estado viendo ing Civil industrial como carrera para estudiar y sinceramente creo que eso es lo que más me llama la atención hasta ahora (llevo desde marzo) así que probablemente esa sea mi elección.

Sin embargo la universidad es algo que sigo evaluando, la Uch y la Puc no son opción.

Estuve en el debate de Udp Usm y Usach, pero sinceramente me gusta más la Udp que la Usach, por lo que quedaría el orden así ;

Usm / Udp
Usach

Bien es verdad que la Usm ES EXCELENTE en ingeniería y la Udp bueno...no es de los fuertes de la universidad, sin embargo para tomar una decisión estuve viendo que este año sale la acreditación de ingeniería, no se si tenga alguna importancia real, pero estaba viendo si esperar a ese resultado para seguir tomando la decisión.

He escuchado que la Usm es brígida y la salud mental y que los compañeros no eran lo mejor, y de la Udp lo contrario, solamente que ingeniería no es uno de los fuertes de la U.

Por gusto personal me iría por la Udp , pero se que es mejor por mucho la Usm , entonces no se que podría elegir realmente. (La Usach no está al 100% descartada si)

Quiero saber sus opiniones.",neutral
"Como está el campo laboral para un matemático? Como dice el titulo, quiero estudiar esta carrera porque solo me gustan las mates, sin embargo no se que se puede hacer con el licenciado de este, no me complica hacer magister pero creo que son 3 especialidades que son ing matemático, estadístico y profesor. Mis otras 2 opciones es ing civil matemáticas en la USM o ing civil en matemática y datos acá en Rancagua",neutral
"Opiniones de la USACH para estudiar ing. mecánica Buenas, salí el año pasado de 4to medio y este años voy a volver a dar la PAES, para rendir la M2.

Quiero estudiar ing. mecánica y tengo como opciones la USACH, USM y la Chile. Estaba haciendo números y me di cuenta que con lo que saque y sacando como 500pts. entro volando a la usach, entonces, quería saber si es buena casa de estudio o mejor por otras.",neutral
"Más difícil la Usm o la Uch en Ing Hola mi gente, el otro día estaba hablando con un amigo que entró este año a Ing en la Chile, he visto y me ha contado que ha estado bien sumergido en los estudios y que no tiene tiempo para nada, bien dice que igual es porque debe aprender a organizarse con temas de estudio y todo , pero x. 

Cómo dice el título, estuve hablando con ese amigo mío y le dije que la chile debe ser la universidad más difícil en ingeniería al menos (por lo que debía ponerle weno) y me dijo que el creía que la Federico era peor ,  le dije que no tenía idea la verdad, que supuestamente está un poco exagerada la dificultad de la Usm y así .

Por lo que quiero saber sus opiniones de sí la chile es más difícil que la Federico o al revés, obviamente en ing.",negative
"CAE Universidad técnica Federico Santa María Saludos, mi hermano entro a la USM, tenía el plan de pagar la universidad con el cae pero esta universidad tiene un requisito, promedio arriba de 6.0 en la media para poder usarlo en la universidad, saben algo acerca de esto? (siquiera si es legal hacerlo), Pregunte en admisión USM y me dijeron que es algo nuevo, pero que si, mi hermano no podía pagar con cae porque su promedio en la media era menor aún quedando seleccionado en la carrera, que esta regla era algo nuevo en la universidad, por ende debe pagar el arancel sin ningún tipo de apoyo, ni siquiera el cae.

https://preview.redd.it/e8dlkwiwifee1.png?width=823&amp;format=png&amp;auto=webp&amp;s=73518e8d050ce4cbd1f93a871f2e28a753e18748

",neutral
"Me aburri de mi carrera (desahogo) Esopo, me aburri de mi carrera. Me meti a  tecnico informatico en la usm y me aburrio, siento que es como el colegio, no muy desafiante, estudiar lo que pasan, dar la prueba y eso, me ha ido bien, no perfecto pero si bien, pero me aburre. Creo que cuando tuve que postular a las carreras postule mal y aki estoy pagando eso. Ya he leido tanto de los problemas que me los se, la empleabilidad es un problema general debido a que los estudios profesional estan aumentando, que el desarrollo economico chileno y mundial no estan favoreciendo y eso. Pero no se, solo quiero tener seguridad y algo mas desafiante, estaba pensando en salirme de la carrera (solicite hora con una asistente social), y prepararme para la paes, aunque fui un humanista que nos pesco los numeros en su momento, ultimamente me ha estado yendo super con los numeritos, asi q siento q si le pongo empeño puedo llegar a algo, sin embargo, si lo logro no se que carrera elegir, estaba pensando en electrica pq escuche q tiene buena empleabilidad pero no sepo, q wea mas vacia que simplemente eso, no se ni que hace, y en eso estoy mas o menos.

Como q mis preguntas en mi cabeza son ¿vale la pena sacar un misero tecnico informatico? Es la usm si... pero ni q fuera la gran cosa hay weones q estudian 4 años o 5 años en distintas instituciones o en la misma y van a tener mas peso q yo, he intentado investigar sobre el tecnico pero es super vacio, lo mas relevante la empleabilidad que tiene en mi futuro. 

Si finalmente me decido por salir al no ser algo seguro, y si me da el puntaje q (por lo menos en historia no me tendre que preocupar), entrare a una ing civ en la usm, pero ¿cual ingeniera civil sera mejor? Creo saber que por lo menos una ing civ es el camino por querer mas dificultad, querer aportar a la sociedad pero tambien al tener la empleabilidad necesaria como para no estar cesante toda mi vida (algo que con la carrera que queria estudiar de un comienzo lo mas seguro nunca lo hubiera podido lograr), al final creo que ese sera el factor que dicte mi futuro profesional, la empleabilidad. 

Pero no se eso, que opinan de mis pensamientos, esto es un mas desahogo porwue tengo claro q los amigos estan chatos de estas cosas, sin embargo, supongo q para esto iwal sirve, iwal ojala sirva para encontrar otras personas que se encontraron o se encuentran en la misma situacion, o gente q estudio el tecnico de inf o simplemente gente conocedora de estos temas y ojala hablennn :v, esopo chao buenasnoches zzz.",negative
"Ingenierías de ejecución Federico Santa María Holaa, vengo aquí para leer sus experiencias personales o de cercanos respecto a estudiar alguna ingeniería de ejecución en la USM 
Actualmente estoy en la universidad de atacama sacando un técnico en automatización industrial y quiero irme a viña a la USM a realizar la continuidad a ing de ejecución en control e instrumentación industrial
La UDA siento que no me da el reto que busco en los estudios, siento que no estoy aprendiendo tanto y he tenido ramos con notas 6.9 dónde con cuea estudié, siempre he escuchado que la USM es muy exigente y quisiera saber si esto aplica igualmente en las ingenierías de ejecución, que se imparten de forma vespertina
También si es que alguien haya sacado esa carrera y me diga cómo le va en el ámbito laboral, sería bacán 
Les leo 👁️",negative
"Ingeniería Comercial USM Vespertino (Advance) Hola! Estudie una wea humanista que tarde o temprano limitará mi techo laboral. Así que quiero desde ya ver opciones de 2° carrera. En general las ues que ofrecen cosas vespertinas u advance, son ues re malas, pero encontré que la USM ofrece comercial en 3 años. Me gustaría escuchar experiencias más que nada post egreso, realmente vale la pena? cuánto están ganando? en que áreas están trabajando? cómo están versus ingeco uch, uc, uai, etc?

Mencionar que sería presencial todos los días (campus Vitacura), 11 meses al año, me haría MIERDA físicamente y mentalmente, debiendo más de 15 palos, pero si el escenario laboral lo vale, estoy dispuesto :)

pd: mientras estudio estaría trabajando. de referencia trabajo en mkt digital, gano 1 palo aprox, pero busco poder trabajar en áreas de mejor paga como finanzas, operaciones o analytics. en la u tuve cursos de economía, finanzas, etc. Me encantaron, pero igual los pasaba con 4.5 - 5, tampoco me iba tan bien, y eso que eran cursos más ""fáciles"" que sus similes de comercial  ",neutral
"Usach o Usm? Ingeniería Mecánica Hola amigos como están?? Quisiera resolver una duda….

Tengo pensado hacer una continuidad de estudios, trabajo en el norte y estoy por terminar mi carrera técnica (online) y quiero hacer continuidad de estudios en las carreras de Ingeniería en ejecución mecánica (Usach) o ingeniería en mantenimiento industrial (usm)

Alguien que esté en alguno de estos programas vespertinos que son para gente que trabaja me pueda ayudar o orientarme les aviso que del colegio no tengo buena base de matemáticas por lo que estoy claro que tendré que pagarle a alguien para que me enseñe y ayude.

De antemano muchas gracias",neutral
"Estudiar Ingeniería en electrónica en el Inacap o ingeniería civil en electrónica en la usm Ando muy ansioso pensando en dónde estudiar; he estado leyendo en dónde puedo sacar mis estudios. La cuestión es que este año me dedicaré a estudiar y sacar un técnico en electrónica en el Inacap, más que todo para tener una base porque fui muy porro en la media.

Pensaba en sacar mi TEC + ING + magíster en electrónica en el mismo Inacap y el magíster ver en dónde lo saco. He leído que es difícil sacar el magíster, pero no imposible (son 6 años en total). Desde luego, Inacap no es lo mismo que una universidad; lo digo más por la licencia,  la malla, el prestigio, etc.

Lo otro es el TEC en Inacap y luego sacarme la ING civil en electrónica en la USM (acá son 7 años). No tengo PAES; pienso sacarla cuando ya casi esté terminando el TEC, pero el problema es que me preocupa un poco el empleo, la dificultad y si obtendré el título.

Si me equivoco en algo, me recomiendan algo o saben alguna manera para la cual prepararme mentalmente y físicamente para la USM, tipo tips para estudiar o cosas así, jaja.",neutral
"Ing civil telematica usm Hola a todos, viendo los puntajes de la usm no me alcanza para informatica pero si para telematica, mi plan es estudiarla y despues pedir el cambio a informatica, ustedes piensan q es buena idea considerando la dificultad de la usm, o mejor me voy a estudiar informatica al campus central de valparaiso y ahi despues pedir cambio de sede?",neutral
"Debería entrar a la USM? Holaa, estoy pensando en ingresar este año a la USM en ingeniería civil informática, estaría entrando a la casa central de Valpo ya que ahí es donde estoy viviendo. 
Pero, el próximo año me voy para Santiago, por lo que tendría que pedir cambio de sede. 

No pude encontrar mucha información sobre el traslado, por lo que vengo a preguntar si alguien sabe cuales son los requisitos para hacerlo? 

Necesito tener un puntaje paes mayor al corte de allá? (porque no lo tengo)",neutral
"ing civil industrial pucv holi, m gustaria saber si las matemáticas y física en esta carrera son muy difíciles 😭😭 m considero una persona mas humanista pero todas mis otras opciones o están saturadas o pagan mal, me va bien en matemáticas (estuve 1 año en la usm) pero tampoco quiero una carrera tan complicada en esa area ya q tampoco soy muy fan, ayuda!!!",negative
"Chicos me dan miedo :v Bueno, la verdad es que por obligación me tengo que ir a la U de Rancagua ps, una universidad nueva y que tiene convenio con la UCH. Tomaré ing civil y veré al 2do año si tomo eléctrica o computación, se que son distintas y se a lo que llevan (para que no piensen que lo hago sin saber).
La cosa es que veo mucha gente de otras y como la PUC la UCH, USM entre esas que tienen muy satánizado si no estudias ing ahí, y que si estudio en otra tendré sueldos malos algo asi. No crítico a nadie, sin embargo quiero saber si esas críticas que he visto es en su mayoría, a mi no me gustaría vivir en Santiago toda mi vida, eso es un punto. Pero no quiero ser millonario, solo quiero vivir en mi parcela con mi casita y mi auto quizás en el SUR. Tipo Valdivia o Puerto Varas. Ojalá no se peleen o se enojen conmigo por lo dicho pero he visto como que dices esto y mucha gente se ofende de la nada. Gracias y paz",neutral
Ing civil eléctrica en la puc o usm (valpo)  [deleted],neutral
"Debería estudiar ingeniería civil? Hola, estudie tecnico universitario en electrónica en la USM, y la verdad no encontré un buen camino pa seguir con la ingenieria en electronica, así q estoy pensando estudiar Ing. Industrial en la Unab, son 8 trimestres y la verdad se ve bien, pero no sé realmente si me complementa con lo que ya estudié y si me abrirá puertas en un futuro.",neutral
"Vale la pena prepararse para la puc? Estoy bastante corto de tiempo con el colegio, tratando de mantener y subir mi nem, además del preu. 
Pensaba en meterme a la la usm en astrofisica, pero he leído a mucha gente diciendo que es demasiado exigente y en general asustando bastante x varios motivos. 
Pensé en ver como me va y darme un año de estudio para entrar a la Pontificia en Astronomía, pero no se si valga la pena, o si pueda quedar en primer lugar. 
Tampoco sé si la usm sea tan mala/sufrible como la pintan. ",negative
"Continuidad de estudios INACAP Este año me titulo de INACAP y, por razones creo obvias, me gustaría seguir estudiando para obtener un grado académico en alguna universidad. Antes de INACAP, cursé un par de años en la USM, pero eso fue hace tres años, y no sé si aún puedo convalidar esos ramos en algún lado.

¿Existe alguna universidad donde el título de INACAP me permita convalidar asignaturas y ahorrar al menos un par de semestres para obtener una licenciatura?

",neutral
"Pagar una carrera universitaria Buena gente! ¿Cómo están?

Este año tengo la intención de ingresar a la Universidad a estudiar Ingeniería en Mantenimiento Industrial en la USM. Soy técnico en Mantenimiento Industrial del Santo Tomás, y llevo ejerciendo mi carrera desde hace 3 años. Cuando comencé a estudiar como técnico, me prometí que, después de adquirir algo de experiencia laboral, seguiría con la ingeniería.

Mi duda es que postulé a los beneficios del estado (FUAS) para acceder a la gratuidad o al CAE. Realicé la postulación al FUAS y, cuando salieron los resultados, me notificaron que debía hacer una acreditación socioeconómica. Ya la completé, y la asistente social me dijo que debería estar atento a la fecha del 11 de marzo. Sin embargo, veo poco probable recibir alguno de esos beneficios, así que me estoy mentalizando para tener que pagar la carrera sí o sí.

Mi inquietud es que varios de mis amigos de la pega y de la U están estudiando gratis, y me siento un poco tonto por tener que pagar la carrera. Sé que es una wea mea estúpida o quizás no. Pero ustedes que opinan sobre pagar una carrera 💰 
La carrera dura 3 años y el arancel es como de 4.600.000 


",neutral
"estudiar un año y hacer la prueba de nuevo buenas, como dice el titulo, llegaron los resultados de postulación; me tomé un año sabático por uno de los varios episodios depresivos que tuve (siendo este el mas severo) estuve con anti-depresivos hasta mitad de año, periodo en el cual los efectos secundarios me dejaron como zombie y mi capacidad cognitiva se vio reducida, no pude retener bien todo el contenido para la prueba, estudie 3 meses estando mucho mas lucido e igual pude salvar algo la prueba. Mi objetivo fue y es que estudiar ingenieria en la chile, de segunda opcion y donde quede finalmente, la pucv, ya que si bien es una buena opción, es mucho mas humana y tiene menos carga academica que la usm, para así prepararme de nuevo para la prueba e intentar quedar en la chile, nuevamente, mis papas me dieron permiso para dar la prueba de nuevo siempre y cuando entre a la u.
Necesito consejos de material de buena calidad para preparar la prueba, especificamente en m2 y física, y que sea gratuito, voluntad hay ya que ha sido mi sueño estudiar en la chile y no dejare que un fracaso me haga desistir; acepto consejos!",neutral
"Ayuda con lista de espera Como se si es que corrió la lista de espera (de la USM), me van a llamar? O tengo que revisar alguna parte? Es que quede segundo lugar en lista de espera y me da miedo quedar fuera por no saber como hacerlo.",negative
"Estudiantes de la facultad de ingeniería en la USACH necesito de sus recomendaciones. Muy buenas tardes chicos, vengo a preguntarles acerca de su experiencia y que tipo de material de apoyo o contenidos debo dominar antes de ingresar a la carrera (de verdad agradecería mucho de sus consejos)

Para hacer corta la historia, mi objetivo desde que inicié la media ha sido el de estudiar ingeniería informática, y ahora con los puntajes quedé un poco abajo del corte aún así postule a la Usach, USM y PUC, almenos con mi puntaje PACE de 1030 puntos espere tener suerte de ingresar a alguna, pero igual quede en lista de espera en puesto 23 (Usach) y puesto 10 (PUC).

En vista de el escenario en el que quedará en lista de espera para mis primeras 3 opciones (lo que paso lol) postule en 4ta opción, en la misma Usach la carrera de ingeniería que tuviera la maya más similar a informatica en su primer año (en la carrera que entre ahora). Después de leer el reglamento y preguntar en la universidad me comentaron que si es posible el cambio pero con la condición de tener promedio sobre 5 y sin reprobar ningún ramo.

Por eso mismo escribo esto a los estudiantes de la facultad que hayan pasado ya por el primer año de una ingeniería en la Usach que es prácticamente un plan común, para así aprovechar estos meses antes de iniciar clases y estudiar los contenidos que ustedes me recomienden para así no llegar tan frío y poder tener así tener mejor agarre de los conocimientos este año y poder lograr mi objetivo de cambiarme de año carrera.

Ya sean videos de Youtube, libros, o PDF con ejercicios y contenidos que debo dominar antes de llegar estaría infinitamente agradecido, de verdad le pondré empeño a esto y estare atento a todos sus consejos.

Muchas gracias TT",neutral
"admisión especial usm hola! pasa que no quede en la usm por vía centralizada pero había hecho mi postulación por admisión especial me dijeron que las respuestas se estarían enviando por correo pero aún no me envían nada, entonces caí en la duda, alguien de acá quedó por admisión especial? ",neutral
"Creen que entre? (ing. civil telemática USM) Hay 6 cupos +MC para la carrera y quede 9, creen que se pueda??",neutral
hay chance?? (ing. civil telemática USM. Hay 6 cupos +MC y soy el 9) se podra? ,neutral
"Cómo funcionan los cupos +MC en la USM? Holaa, no entiendo bien como funcionan los cupos de más mujeres en ciencias. 

Específicamente en la USM, ya que en el Mineduc no dice que haya un requerimiento del año de egreso de enseñanza media, pero encontré que en la pagina de la USM si se menciona. Dice que se tiene que postular el mismo año de egreso. 

No se si es algo antiguo o aún funciona así, alguien sabe si aplicaría el cupo si es que egrese el 2023? Ya que si aplica si o si entro donde quiero y me quedaría harto más tranquila. Gracias!",neutral
"AYUDAA no se que universidad elegir Me fue bastante bien en las pruebas y me da para la USM, pero no se si vale la pena, porque dicen que es muy matadora, no se si será una mejor opción meterme a la austral, dar las pruebas de nuevo y cambiarme a la puc. O quizás irme a la udec?? No tengo ni idea que es mejor 😭",neutral
"Ingeniería comercial PUCV/USM o ingeniería en información y control de gestión UV? Bueno me estoy decidiendo por carrera y soy de la región de Valparaíso, quisiera saber qué pasa con la empleabilidad, cual es mejor, porque en foros que tu carrera.cl o mifuturo no sé no sé me hacen confiables, he leído que hay supuestos datos del SII pero no entiendo ni dónde se ven. ",neutral
"Duda sobre entrar a la USM Holaa, estoy pensando en ingresar este año a la usm en ingeniería civil informática, estaría entrando a la casa central de valpo ya que ahí es donde estoy viviendo. Pero, el próximo año me voy para Santiago, por lo que tendría que pedir cambio de sede. 
No pude encontrar mucha información sobre el traslado, por lo que vengo a preguntar si alguien sabe cuales son los requisitos para hacerlo?
Necesito tener un puntaje PAES mayor al corte de allá? (porque no lo tengo)",neutral
"ingeco en la USM o la USACH? por puntaje estoy viendo mi segunda opción para estudiar ingeniería comercial, que universidad es mejor para esta carrera la USM o la USACH? 🥹",neutral
"Ing. civil mecánica Uchile o Usm Holaa, este año quiero entrar a estudiar ingeniería civil mecánica. 
Tengo un nem y ranking bien malo por lo que es imposible que me de para la puc, pero di la paes de invierno y me alcanzaría para el bachillerato de la uchile, o directo a la usm. He escuchado mucho que la usm es “artificialmente dificil” y que la uchile tiene un mejor ambiente y carga académica, pero en otros posts dicen que son iguales o que incluso la uchile es más difícil.
Quería saber realmente que tan diferentes son? Vale la pena perder un año para entrar a la uchile,
o mejor entro a la usm directo? Específicamente en civil mecánica, hay alguna que sea más recomendada?",negative
"Astrofísica/Astronomía en USM, UChile o UdeC?? Quiero estudiar Astrofisica/Astronomía y se en que universidades imparten la carrera, sin embargo tengo esas tres opciones, y me gustaría saber cosas relacionadas a la malla, la experiencia (tanto como estudiante como con los profesores, carga académica, etc) y/o la vida universitaria en la USM, la Chile y la UdeC, ahora que paso a 4to medio quiero tener las prioridades claras y me gustaría que me den sus opiniones al respecto. Agradezco de antemano cualquier comentario, incluso si están estudiando o conocen a alguien que sigue la carrera en otra u seria de mucha ayuda (^-^;",neutral
"Uchile bachillerato ingeniería  Holaa, me estaba preguntando que tal es el bachillerato en la uchile. Por problemas personales salí el año pasado de 4to con un nem y ranking bajísimo (567 puntos). Por estos mismos problemas me tome este año sabático, pero ahora ya quiero entrar a estudiar. Por el nem y ranking me es prácticamente imposible entrar directo a ingeniería civil en la uc o la uchile, pero en la paes me fue bastante bien. Siempre quise entrar a la uchile, y me alcanza para el bachillerato de ahí, pero no conozco a nadie que lo haya hecho, es muy complicado entrar al plan común de ing desde ahí?
También me alcanza para la usm, pero he escuchado mucho que dicen que es “artificialmente dificil” y todos los que conozco que entraron ahí, se terminaron cambiando. Que me conviene, el bachi de la uchile o la usm??",negative
"Será conveniente hacerlo? ¿Me puede dar la vida para estudiar Medicina y una Ingeniería en ejecución en la USM simultáneamente?

He visto otros casos de personas que hacen carreras simultáneas pero que son de áreas similares, pero estudiar en distintas universidades dos cosas muy distintas no sé si será la mejor opción si quiero aprovechar al máximo lo que me ofrece cada carrera.

¿Han oído de personas que hagan/hayan hecho esto?
¿Valdrá la pena?",neutral
"Civil mecánica usach o usm? Ayer fue la M2 y mis opciones se redujeron a estas dos universidades. Así que quería preguntar a estudiantes de ingeniería cuál recomiendan

Mis pretenciones son:
- hacer un intercambio en un futuro, así que tiene que tener una buena conexión internacional (la usach gana en esto CREO)
- Que sea bien vista en el mercado chileno
- espacios o instancias de competencias o participación en eventos extracurriculares (ej: que la U organice competencias de robótica, que hayan seminarios con Ues de otros países, etc. Que haya espacio no sólo para ir a estudiar si no que poder adquirir experiencia/práctica/contactos, etc.)

Gracias por leer, espero m puedan ayudar🙏🏻
",neutral
"¿Ingeniería en la UAI o USM? Voy a dar la PAES este año y no se que hacer. Por puntaje si es que me da para la Cato o a la Chile me meto a esas, pero no creo. Entonces estoy entre la USM y la UAI. Quiero estudiar ingeniería civil informática o mecánica. Se que la USM es más difícil y no se si me la pueda, por eso pregunto si realmente lo vale, en temas de empleabilidad y todo, o me ahorro un poco el estrés y voy a la UAI no más?",neutral
"USM o USACH para ingenieria civil informatica? Estaba convencido de entrar a la USM pero estuve averiguando un poco y casi todos los estudiantes e incluso profesores no la recomiendan por el excesivo nivel de dificultad innecesario y por que tiene problemas administrativos, el tema con la USACH es que no me tinca mucho tampoco por el tema de los paros y de que me queda un poco lejos, y tampoco siento que tenga tanto prestigio, otra opcion seria tomarme un año mas para entrar a la chile o la puc pero el tema es que ya me tome un año pq me sali de mi u anterior a mitad de año, entonces no se si me convenga sacrificar un año mas, ayuda xfavor",negative
"Que puedo hacer? Algún consejo? Hola,soy mechón de arquitectura de la usm en San Joaquín y me pasa la situación de que aún no sé exactamente cómo organizarme bien en cuanto a los tiempos para dedicar en trabajos, tareas y controles/certámenes, ya que a veces se me cruzan muchas cosas en una misma semana(ya que en arquitectura tengo trabajos semanales) y en cuanto a ramos como matemática y física debo darles un buen tiempo para entender bien,por eso a veces las priorizo para estudiar todo un dia pero a la vez tengo tareas que hacer en los mismos dias. Igual me quedo más tiempo en la U para hacer las cosas porque se me hace más cómodo,pero de ahí no sé qué más podría hacer para aligerar un poco las cosas.",neutral
"Vale la pena el esfuerzo? Hola mi gente, después de mi post de las ingenierías más difíciles, quedé pensando y llamándome la atención, las siguientes ingenierías , la Ing civil industrial, Ing civil mecánica, ing civil ,ing civil eléctrica , está última siendo de las más difíciles o más difíciles según la gente.

Bueno , me llamo la atención estudiarlo en la Usm , ya que en Santiago (sin posibilidades de irme) la Usm , la Usach son mis opciones, la chile es muyyy difícil que entre , pero no imposible, sin embargo me entró la duda lo siguiente;

Vale la pena el esfuerzo de estar más de 6 años estudiando ing civil eléctrica , o civil mecánica, o civil (en obras civiles, en la Usm solo se llama civil) , ya que se sabe que son carreras muy jodidas y hablando de la universidad, también. 

(No cuento civil industrial porque se supone que no es tan difícil como eléctrica o mecánica)

Pero eso , que opinan o que saben? Los que egresan de esas carreras, supongo que tienen buenas pegas o algo así? Considerando lo extremadamente jodido que es estudiar esas carreras.",neutral
"Voy a congelar este semestre pero me gustaria intentar terminar en los años que dura la carrera soy de la USM de san Joaquín y estudio ingeniería quimica, voy a congelar por temas de salud mental y meditar si realmente me gustaría egresarme de Ing. químico o mejor me cambio de carrera.   
quiero saber de alguien que halla tomado ramos por adelantado y como le afecto en temas psicológicos y en notas ya que igualmente en el caso de quedarme me gustaría hacer un doble titulo en el politécnico de Milán y este me exige tener cierta cantidad de créditos aprobados.  
gracias por compartir cualquier experiencia, también me sirve si son de otras universidades e hicieron algún estudio en el extranjero, para saber como los afecto en general el estar solos en otro país. ",neutral
"DUDAS y recomendaciones Hola gente, ya llevo un tiempo con este debate mental...ya estoy más o menos visto la carrera que me gustaría estudiar el próximo año (este año, ahora estoy en Preu por lo que no tengo muchas preocupaciones) y sería ing civil industrial, y he estado viendo universidades (ni Uch ni puc , por nem 6.22)

La chile , me debería ir extremadamente bien para entrar, por lo que estaba viendo más opciones y como dije en otro post , estoy entre la usm , usach y udp pero no me puedo decidir todavía. 

Mis motivos ""reales"" de mi duda , es lo siguiente 

- La usm se que es buena pero dicen que es muy difícil y no hay buena salud mental dentro.

- La usach también es difícil, pero se va a paro.

- La udp, bien es difícil, pero más que eso , es por el prestigio, no sé si sea tan bien vista como las otras dos en el mundo industrial, empresas etcétera.

Que dicen ustedes? Alguna opinión o conocimiento que puedan darme para guiarme en la decisión?

(La distancia es un motivo de no elegir la Federico, queda en Vitacura, pero no es algo taan importante)",neutral
"Ingeniería Física (USACH vs UNAB) ¿Experiencias? Creo que hay solo una publicación respecto a esto: [https://www.reddit.com/r/EducacionChile/comments/1eapa96/ingenier%C3%ADa\_f%C3%ADsica\_en\_la\_usach\_usm\_o\_unab/](https://www.reddit.com/r/EducacionChile/comments/1eapa96/ingenier%C3%ADa_f%C3%ADsica_en_la_usach_usm_o_unab/)

Luego de ver muchos comentarios fuera de lugar, me quedo con lo siguiente: 

*""Hola, no se si será muy tarde, pero te recomiendo la UNAB (experiencia personal) a pesar de los demás comentarios, está dictada por la facultad de ciencias exactas, no por la de ingeniería, la verdad le invierten harta plata a la carrera, somos sede de SAPHIR, el centro de estudio de física de partículas asociado al CERN (de hecho de la chile, cato y otras vienen a saphir a la unab, tenemos más facilidades con eso). Tenemos profesores de la CECHEN, la mayoría aparte de doctores son muy buenos docentes y he tenido encuentros con estudiantes de otras carreras y en muchos trnas estamos a la par o mejor (depende del estudiante igual). Ojalá lo puedas considerar como opción,  mucha suerte en tu elección y si es que decides por UNAB, bienvenido de recibir más futuros colegas* *^(\^)**""*

**El redditor tiene ciertamente un punto fuerte.** 

Investigue lo que dijo y es verdad…

&gt;No sé por qué en este foro hay tanto prejuicio con UEs que no son estatales ni tradicionales, sobre todo ahora como está la educación y la cantidad de plata que han levantado todas estas instituciones privadas, tipo; No es casualidad que ahora tengan mejor infraestructura, investigación, mejor conectados con la industria, etc. 

Yo sé que la USACH tiene más prestigio académico quizá (una cuestión de tradición o hasta solamente cultural)? Quizá si quieres ser 100% investigador de claustro y no salir nunca más de la U desde que entraste... No sé.

Pero como el redditor de la unab no apareció más y lo intente contactar por privado, sin respuesta, me animé a crear esta publicación.

**Ojalá intentando contactar alumnos de ambas instituciones y saber sus experiencias.**

Me gustaría saber las experiencias, tanto educativas como oportunidades al egresar de ambas instituciones.

**En mi caso personal aspiro justamente a trabajar en la parte experimental y a tener una conexión más ""internacional"" si es posible.**

P.D: Absténganse los opinólogos de siempre por favor de comentarios fuera de lugar de: ""nO es InGnEnIeRiA"", ""meJoR STuDia lIC. En FiSisCA"" o cosas que nadie les pidio....

GRACIAS!!!!",neutral
"Me ayudan a escoger entre estudiar en Chile ( ingeniería en informática en la USM ) vs Ciencias de la Computación en UBA ( Argentina). [USM https:\/\/usm.cl\/admision\/carreras\/ingenieria-en-informatica\/](https://preview.redd.it/62wcqpc66uve1.png?width=1541&amp;format=png&amp;auto=webp&amp;s=d126c0ab2c9a0fa696ad374ff4137aa1542d80e7)

[Uba https:\/\/computacion.dc.uba.ar\/plan-de-estudios-2023\/](https://preview.redd.it/4uv3edf76uve1.png?width=819&amp;format=png&amp;auto=webp&amp;s=a98940db143c322f74543c82ec260a43aac88306)

Hola, estoy pensando en escoger 1 de estas dos carreras en base a mis objetivos profesionales, que son por un lado el ingreso a ingeniería en informática en la USM, pero no me llama tanto la carrera, siempre me gustó más Ciencias de la Computación ( el Computer Science de los gringos), sin embargo no estoy dispuesto a realizar 1 paes más y ""ver si quedo"" o no quedo por unos míseros puntos en la UC ( qué es la única que imparte la carrera, además que no me gusta Santiago, estudiaría en la USM de Valpo).Todo esto es para especializarme o trabajar en el exterior ( países como USA o de Europa).  
   
  
PD: no tengo problemas económicos en relación a cambiarme de país, también me llama conocer otras culturas ( tengo una buena red de apoyo), y tampoco tengo problemas de idioma. ( soy C1 en portugués e inglés).  
  
También estaba pensando en hacer la carrera de Ciencias de la computación en Brasil ( que creo que aún sigue siendo un poquitín más fácil que ingresar a la UC DE CHILE , porque el examen ( el vestibular) es más tranqui por lo visto, en 1 facultad que me gustó, en la PUCPR privada ( Pontificia Universidad Católica de Curitiba).  
[https://www.pucpr.br/cursos-graduacao/ciencia-da-computacao/](https://www.pucpr.br/cursos-graduacao/ciencia-da-computacao/)  
  
https://static.pucpr.br/pucpr/2023/03/re-166-2023-consun-alt-234-2022-mc-ciecc82ncia\_da\_computaccca7acc83o\_ep\_2023-1-docx.pdf?\_gl=1\*18cfr66\*\_gcl\_au\*OTM3MTQ4MjI2LjE3NDQ0NzEzOTA.\*\_ga\*MTY1NTIyMDQyOC4xNzQ0NDcxMzkx\*\_ga\_11M5C4PYGB\*MTc0NTA4NDgxMC41LjAuMTc0NTA4NDgxMC42MC4wLjE3MjI0NTQ0MTM.  
  
",neutral
"Necesito urgente un consejo🙏🏻 Hola estoy cursando 3er año de ing civil eléctrica y me siento muy presionado con los ramos y no me veo capaz de terminar mi ingeniería pronto ni en unos años más, voy atrasado en la malla(por semestre son 6 ramos  y actualmente estoy con 5 y me cuesta mucho) y no me gustan los ramos que tengo que dar y no tengo amigos,  pero quiero seguir en el lado de la electricidad, mi idea es convalidar los ramos que pueda y cambiarme a técnico en electricidad en la usm, no soy bueno estudiando y por más que lo intento me cuesta mucho, los otros dos años logré pasar los ramos de matemática pero con mucho esfuerzo. No sé si congelar, dar la paes otra vez y postular el año que viene o ver si puedo convalidar y cambiarme al técnico para este segundo semestre. Necesito consejos porque ya no me veo estudiando ing civil electrica ni qué hacer con mi vida, estoy bloqueado. Tengo 21 años.",negative
"Universidad en la V region Hola, me metí este año a ing comercial pero después vi que no era lo que quería, por lo que me inscribiré para la paes y quisiera entrar a ing civil industrial o ing civil de minas, por lo que quisiera saber su opinión en cuando a calidad de u entre la PUVC o la USM en estas dos carreras, también en cuanto al ambiente universitario, carga académica, etc. muchas gracias :)",neutral
"ICI O ING. CIVIL COMÚN UNIVERSIDADES (NO UCH NI PUC) Hola gente, como ya han de suponer, he estado hablando y preguntando mucho por ICI o ingeniería civil industrial , y ahora me surgió una duda que creo que algunas personas de acá pueden ayudar.

UCH Y PUC , NO (no me da el nem y ranking)

La cosa es que renunciaré a mi U actual y postularé en admisión 2026 a otras Ues y carreras, bueno X , estaba viendo ICI e ingeniería civil plan común y algunas universidades que he visto, son la Usm y Usach (entre las dos me decanté por Usm) pero quería ver algunas otras opción que estén en la región metropolitana, la Udp también es una opción, obviando la Udp y la Usm , quisiera saber algunas Otras Ues que sean buenas en esas carreras o en las inginerias en general.

Para que tengan una idea, mi nem y ranking son 779 y 784. Y los puntajes paes del año pasado (este año daré la de invierno y de verano con mucha más preparación) fueron , M1 : 821 / Lenguaje: 715 / historia ; 675  / M2 : no rendida xd , si fuese así no estaría preguntando.

Que me dicen , algunas recomendaciones de Universidades más , o las que tengo de opciones están bien? ",neutral
"MIEDO E INSEGURIDAD CAMBIO DE CARRERA. Cómo ven , quiero y VOY a cambiarme de carrera este año , es decir me saldré a mitad de año y daré la paes de invierno y de verano nuevamente (Para intentar subir mis puntajes, mal no me fue) .

Estoy viendo si estudiar ingeniería civil industrial y he visto acá en el subreddit que es buena carrera y todo , pero también he visto ing Civil plan común, el tema es ver la universidad donde puedo cambiarme.

La chile y la Puc , descartadas por puntaje y más que eso , el nem. (779) 

Mis puntajes del año pasado para un wn que no hizo nada en todo el cuarto medio por tener la idea de ser milico fueron : 821 M1 , 715 Lenguaje y 675 Historia, La M2 no la rendí por flojo y sacó w... Solamente.

Bueno , yo tenía vista tres universidades las cuáles eran Usach, Usm y Udp , está última siendo la que más me convence, tanto por opiniones, "" cercanía "" y buenas estadísticas y buenos docentes que tiene , se que ING no es uno de los fuertes de la U pero he visto que dicen que son bastantes decentes de igual forma.

La Usach y la Federico se que son más difíciles que la Udp, pero la Usach no me llama mucho por el tema de que pasa en paro... entonces no me agrada mucho, y la Federico Santa María me da mucha inseguridad solamente porq tiene fama de ser la más difícil del país y la wea , como pregunté en el post anterior.

Entonces no sé si guiarme solamente por eso para tomar la decisión, quisiera saber si hay algunas otras Ues buenas en ICI o ING plan común, si sería mejor decisión poner la Udp por encima de la Usm , considerando pros y contras? Se que en ing la Federico es de las mejores, pero es tan mejor que la Udp? O si realmente me daría muuuchas más oportunidades que la Udp? O no es una diferencia abismal?

Los leo.",neutral
"Ranking QS por disciplina En síntesis, la UC destacó como la mejor universidad chilena en las cinco áreas temáticas generales: Artes y humanidades, Ingeniería y tecnología, Ciencias de la vida y medicina, Ciencias naturales y Ciencias sociales y gestión.

Artes y Humanidades
21. Pontificia Universidad Católica de Chile
76. Universidad de Chile
215. Universidad de Santiago de Chile (USACH)
291. Universidad Diego Portales (UDP)
385. Pontificia Universidad Católica de Valparaíso
401-450. Universidad Alberto Hurtado
401-450. Universidad de los Andes
501-550. Universidad de Concepción

Ingeniería y Tecnología
90. Pontificia Universidad Católica de Chile
127. Universidad de Chile
332. Universidad Técnica Federico Santa María (USM)
353. Universidad de Concepción
353. Universidad de Santiago de Chile (USACH)

Ciencias de la Vida y Medicina
130. Pontificia Universidad Católica de Chile
165. Universidad de Chile
401-450. Universidad de Concepción

Ciencias Naturales
130. Pontificia Universidad Católica de Chile
165. Universidad de Chile
401-450. Universidad de Concepción

Ciencias Sociales y Gestión
25. Pontificia Universidad Católica de Chile (UC)
67. Universidad de Chile
150. Universidad Adolfo Ibáñez
277. Universidad de Santiago de Chile (USACH)
319. Universidad Diego Portales (UDP)
389. Pontificia Universidad Católica de Valparaíso
401-450. Universidad de Concepción
501-550. Universidad de los Andes",neutral
"Ranking QS 2025 por Disciplina En síntesis, la UC fue reconocida como la mejor universidad a nivel nacional y latinoamericano en esta medición que se enfocó en clasificar a las principales universidades del mundo por disciplina. 

Por áreas temáticas el resumen es el siguiente:



Artes y Humanidades:

21. Pontificia Universidad Católica de Chile

76. Universidad de Chile

215. Universidad de Santiago de Chile (USACH)

291. Universidad Diego Portales (UDP)

385. Pontificia Universidad Católica de Valparaíso

401-450. Universidad Alberto Hurtado

401-450. Universidad de los Andes

501-550. Universidad de Concepción



Ingeniería y Tecnología:

90. Pontificia Universidad Católica de Chile

127. Universidad de Chile

332. Universidad Técnica Federico Santa María (USM)

353. Universidad de Concepción

353. Universidad de Santiago de Chile (USACH)



Ciencias de la Vida y Medicina:

130. Pontificia Universidad Católica de Chile

165. Universidad de Chile

401-450. Universidad de Concepción



Ciencias Naturales:

130. Pontificia Universidad Católica de Chile

165. Universidad de Chile

401-450. Universidad de Concepción



Ciencias Sociales y Gestión:

25. Pontificia Universidad Católica de Chile (UC)

67. Universidad de Chile

150. Universidad Adolfo Ibáñez

277. Universidad de Santiago de Chile (USACH)

319. Universidad Diego Portales (UDP)

389. Pontificia Universidad Católica de Valparaíso

401-450. Universidad de Concepción

501-550. Universidad de los Andes",neutral
"Federico Santa María, tan difícil es? Bueno como ven en el título, me entró la intriga de saber si está universidad es tan pero tan difícil y desgarradora como se dice, he escuchado y leído acá en reddit mucha gente que dice que es excelente U pero la exigencia llega a ser exagerada, y por personas que conozco dicen que la calidad de salud mental es bastante mala , se que depende del alumno, pero en general quisiera saber si es así o no.

Hay gente que dice que es más exigente que la Uch o Puc y quiero saber si es tan así , que dicen ustedes? Experiencias suyas , de conocidos o lo que sea?

Usach o Usm?",negative
"Ingeniería de ejecución USM Hola! 
Estoy en la Universidad de Atacama estudiando automatización industrial y la continuidad es ingeniería de ejecución en instrumentación y automatización industrial en la misma U, pero quiero irme de este pueblito y tener más retos en mis estudios.
Caché que en la Federico Santa María tienen la carrera de ingeniería de ejecución en control e instrumentación industrial, el requisito es poseer un titulo técnico nivel superior del área y ya estaría con el que saco este año, quiero saber experiencias.
¿Aguien ha estudiado allí ingenierías de ejecución? Qué tal es? Es exigente como se dice que es la U en si?
Eso es lo que más busco sinceramente, encuentro que la UDA ha sido muy fácil, no siento que me estoy preparando bien, he sacado ramos con promedio 6.9 con 0 esfuerzo, estudiando un día antes xd y me gustaría poder tener un mayor reto en mi educación, así que eso, leo sus experiencias y también cómo es a la horita de buscar pega, igual entiendo que da cierto prestigio el puro nombre de la weaita, pero les leo 👁️
",neutral
"Ingeniería Comercial vs Ingeniería Industrial (no civil) Lo del título, sé que Civil Industrial &gt; Comercial. Pero no sé como es Industrial (no civil) en comparación a Comercial.

Estoy viendo opciones de estudiar en vespertino un advance, y tengo la oportunidad de estudiar Ingeniería Industrial (no civil) en la USM, la USACH o la UNAB, versus estduiar Ingeniería Comercial en la UNAB o la USM (aunque lo veo lejano, ya que implica más costo, dedicación y desplazamiento).

Las 3 opciones son similares en duración, costo, modalidad, pero no sé que me conviene más o que me dará mayor retorno.

Me interesa fundamentalmente cosas relacionadas a la analítica (obvio todo eso lo aprendo por mi cuenta, el título es para hacer la pantalla).

Sé que estudiar una ingeniería no civil acá en Chile es mal visto, pero estudiar Civil Industrial no es opción :( 

PD: mi pregrado (licenciatura) actual es 0 aporte, así que en ese sentido, no es relevante para la decisión",neutral
"Cambio de carrera y universidad. Hola, buenas. Estoy cursando una carrera de la cual he perdido completa vocación, esto con gratuidad. Quiero hacer el cambió a Civil Informática en la usm, tengo entendido que puedo hacer el cambio de carrera solo una vez con gratuidad.

¿No obstante puedo congelar gratuidad, renunciar a mi carrera y después matricularme en la otra U y otra carrera, preservando lo q queda de gratuidad? He indagado por diversos medios, pero quedan a la ambigüedad",neutral
"Ansiedad sobre futura empleabilidad como ingeniero civil Voy en mi cuarto año de ingeniería civil en la usm ya con puros ramos de carrera y me encanta mi carrera (especialmente el area hidráulica aunque solo llevo ramos de análisis, quizas con los de diseño cambie de opinión).

La cosa es que el año pasado el profe de tecnología de materiales nos mostro un gráfico de como ha bajado el consumo de hormigón en el pais y eso sumado a qué veo constructuras quebrando constantemente me esta generando muchas dudas sobre el futuro de la carrera.

Los que ya estan en el mundo laboral ¿Cómo esta el ambiente? ¿Hay futuro en el area?",neutral
"Vale la pena Civil eléctrica? Hola a todos, hago este post para saber si hay algún licenciado de Ing. Civil eléctrica por aquí. Soy estudiante de primer año de esta carrera en la USM pero siento que aún no estoy segura si es para mí, así que me gustaría saber qué opinan aquellos que ya están ejerciendo la carrera, muchas gracias c:",neutral
"Leo que muchos no les gusta USM y que es peluda…está dentro de mis opciones para civil eléctrica 1 civil eléctrica 
2 civil computación en informática 
3 pensando en licenciatura en ingeniería en ciencias de la computación, es nueva y es interesante
4 plan común ingeniería para optar a Civil
en energía 
 
Universidades 
1 USM porque es directo 
2 UCh a plan común
3 PUC por Malla  en tercer lugar 
4 Adolfo 

No sé si la USACH 
Agradezco, me orienten, estoy claro, pero puedo cambiar de U. Mi NEN, ya no me ayuda en la Cato. Debo subir puntaje….pero no me gusta el enfoque de lo que quiero. 

Gracias gente ",neutral
"USM Es buena para Civil Eléctrica?? Hola, estoy en 4to Medio, preparando la PAES, quiero estudiar ingeniería civil eléctrica, directo sin pasar por plan común. Me gusta la USM, que la tiene directo, pero tb no niego que la PUC y la Chile, son grandes opciones. Estamos en abril  mi Nem hasta hoy es 6,65 y mi ranking supongo será parecido. En los ensayos que he hecho desde marzo 2025, en M1 805 CL840 M2 601 maso y ciencias629 no más que eso. Me falta mucho por subir, estoy en Preu, en el colegio tenemos PAES este año con libros de Moraleja y tb hago, por Puntaje Nacional. 
Bueno este es mi piso, para seguir subiendo y optar a la PUC y entrar a plan común…pero la USM me tinca. Qué opinan de esa U? Y si me pueden orientar como van mis puntajes? Se los agradezco. Gracias ",neutral
"Cambiarse de la universidad De Valparaiso a la USM?? Hola, buenas. Es mi primera vez comentando aquí y quería pedir consejo o experiencias sobre cómo es cambiarse de universidad convalidando ramos, y si es posible, entre estas dos universidades, convalidar en su totalidad el primer año de Ingeniería Comercial (tranquilos, sé que no es una ingeniería y a mí también me suena raro llamarla así).",neutral
"Que me aconsejan para la prosecución de estudios USM/USACH Hola, estudie ing. Eléctrica en un IP, es muy evidente el porque quiero seguir en una U y sacar la Civil.

Estoy entre 2 carreras, Ing. Civil Eléctrica o Industrial, es una de las dos, ya trabajo en el rubro y quiero seguir en el, pero si aparece una oportunidad tipo gerencial, la idea es tomarla sea o no del area energetica.

Ambas entregan la licenciatura en ciencias de la ingenieria, la eléctrica puede entregar la SEC clase A, pero ya la tengo.

Ustedes como alumnos, egresados, profesionales. ¿Cual carrera me recomiendan o le ven mas futuro? 

",neutral
"Quedé eliminado de mi carrera y no se qué hacer Hola, gente. ¿Que tal? ¿Como los trata la vida?
Contexto: Entre a estudiar mi carrera de ensueño (Lic. En física) en la USM. Le dediqué tiempo y esfuerzo, yendo a la U desde lejos (2hrs de ida, 2.30 de vuelta con suerte), estudiando todos los días y trabajando en paralelo para poder costear gastos como alimentación y pasaje. Lamentablemente, tuve problemas con las mates comunes (mat022 y mat023) lo que causó que me atrasara caleta y quedará con 2 VTR3. No me voy a excusar, fue en gran parte mi culpa. A pesar de que me esforzara no fui capaz de pedir la ayuda necesaria a tiempo, ni de usar recursos que me hubieran salvado de esta situación (Inclusión neurodivergencia, botones de pánico, desinscripcion de ramos) ni tampoco de afrontar mis circunstancias de buena manera (hubo un semestre donde por un problema de salud falté más de un mes a la U. No congelé y reprobé ramos). Se me notificó de mi estado crítico en la carrera, y posteriormente se me comunicó que fui eliminado. Realicé la petición de excepción al reglamento, que fue rechazada, y una posterior apelación que no tiene muchas esperanzas de ser aprobada debido a que puede que me pase del plazo para pasar la carrera (50% de la duración. Osea, de 4 a 6 años).

Una vez dado este contexto, mis consultas son las siguientes: ¿Que posibilidades hay de que pueda continuar la carrera en otra casa de estudios? Se que es complicado ver la convalidación en especial con el estado de Eliminado, pero quería saber si alguien ha estado en una situación similar, y cuáles serían los pasos a seguir recomendados para mi caso.
¿Que puedo hacer si no presento apoyo por mi núcleo familiar? En un comienzo me apoyaron bastante, pero con el tiempo y el no estar presente por la U ha vuelto tensa está situación. 
¿Sería más recomendable cambiarme a Pedagogía si mi objetivo es ser profesor? Mi plan original era sacar la licenciatura para posteriormente enfocarme en docencia y poder estar dando clases a nivel universitario, pero ahora estoy en un periodo de dudas y no se qué decisión tomar.
¿Valdrá la pena pelear para mantenerme en la USM? He formado varios lazos fuertes dentro de la carrera, y siento mucha afinidad por el departamento y lo que he conocido, tanto en gente como investigación. Se que esos lazos se pueden mantener, incluso yendome de la u, pero parte de mi aún sigue con la duda. No me quiero ir, pero tampoco sé si me quiero quedar, en especial si eso conlleva estar en una incertidumbre terrible por un año entero mientras peleo una pelea que quizás esté perdida.
Y eso. Agradezco mucho sus comentarios con respecto al tema.",negative
"Ingenieria en mantenimiento industrial en la USM es una buena opción? Estudie un tecnico y ahora me gustaria seguir con la continuidad de estudios, llevo tiempo trabajando en la maestranza con mi viejo y vi esta carrera en vespertino en la usm, es una buena opcion? que opinan? quedare cesante en el futuro?",neutral
"Opiniones sobre ing civil industrial UDP Me gustaría saber que tal es la U en esa carrera ya que casi ni encuentro opiniones sobre ella. La verdad es que yo quería en la USM pero no logré entrar. Igual pensaba hacer cambio de U dentro de la carrera y todo, pero eso, me gustaría saber que tal es",neutral
"Puedo hacer algo con el horario? Hola! El 25 empiezo mis clases en la USM acá en Concepción, pero viendo la página del Siga hay 2 días en los cuales tengo topes de 1 hora o más (las 2 clases al mismo tiempo), revisando la página dice que en caso que yo haya inscrito las materias prácticamente no puedo quejarme y debo asumir, pero, las materias por ser de primer año y primer semestre se inscribieron solas (de igual forma al matricularme y todo me dijeron que esperara el horario solamente y me entregaron un papel que decía lo mismo, nada de inscribir materias)

¿Hay algo que pueda hacer para cambiar la hora/día de alguna materia?

No puedo dividirme en 2 para dar las 2 clases al mismo tiempo y no me responden los monitores, ni el data-e, ni nadie. Tampoco pude rellenar el Pinvu en la encuesta del comienzo porque no me dejaba pasar de página aunque rellenara todo y prácticamente me dijeron que el 23 - 25 dijera si podían ayudarme (prácticamente perdí los diagnósticos de matemáticas y física porque ni siquiera la data-e sabía qué hacer y los contactos que me mandaban estaban en vacaciones)",neutral
"No me han dado respuesta del ingreso de la Universidad **Hola chiquillos, quiero comentarles mi problema para ver si me pueden ayudar.**

Era estudiante de segundo año de Ingeniería Civil en Mecánica en la USM Casa Central, pero en el segundo semestre del año pasado decidí retirarme para trasladarme a la PUCV, en la sede de Quilpué, por motivos académicos. Para hacerlo, realicé el proceso de retiro definitivo de la USM y fui presencialmente a la PUCV a averiguar cómo cambiarme. Ahí me informaron que, como mi caso no correspondía a un ""nuevo estudiante"", debía postular mediante un ingreso especial por traslado de universidad.

Seguí el procedimiento indicado y envié mi postulación el 24 de septiembre, dentro del plazo que vencía el 30 de septiembre. Según la información entregada, los resultados se darían a conocer por orden de llegada entre noviembre y finales de enero.

Esperé pacientemente, pero cuando llegó la última semana del plazo y aún no recibía respuesta (ni positiva ni negativa), decidí ir personalmente a la PUCV. La persona que me atendió me dijo que no podía hacer nada y que debía esperar hasta el viernes de esa misma semana para recibir los resultados. Llegó el viernes y **nada**, no me avisaron ni por correo ni por la plataforma donde postulé.

Intenté revisar nuevamente el sábado en la mañana y me encontré con la sorpresa de que **todo el equipo de la PUCV se fue de vacacionesxd**. No sé qué hacer, no puedo quedarme sin estudiar y no tengo ninguna información sobre mi postulación. ¿A alguien le ha pasado algo similar o está en la misma situación? Agradecería mucho cualquier orientación o ayuda, porque realmente estoy desesperado.

Además, según lo que sé, el equipo de admisión de la PUCV regresa recién el 5 de marzo, cuando ya todas las universidades habrán iniciado clases. No tengo matrícula ni nada. **Ayuda, plissssssss;CC**

https://preview.redd.it/2za1ghu5llie1.png?width=1600&amp;format=png&amp;auto=webp&amp;s=00be8bb1828e0c22a3af5aea5e39bb0d5b12e189

https://preview.redd.it/oogjwu78llie1.png?width=1600&amp;format=png&amp;auto=webp&amp;s=1a6f38ba9164865486c18af0b56089f96dc826ac

(me dijeron algo que podía reclamar en el SERNAC o en la superintendencia, alguien sabe algo de esto?)  
  
",neutral
"No sé si tome la mejor decisión Yo egrese en 2022 y me fue bien en la paes a la primera, me alcanzaba para casi todo 
Yo tenia 3 opciones: ing civil mecatronica en la usach, ing civil quimica en la usm y ing civil electronica en la mayor (esta ultima no esta en mas u en stgo)
Me alcanzaba el puntaje para cualquiera de las 3 pero me llamo mas la atención la electrónica y aun me gusta mas que cualquier otra carrera
Pero no sé si habré sido tonto por haber rechazado estar en universidades top para elegir la carrera que mas me gusta a pesar de que solo esta en una u que esta muy abajo en los rankings, ¿qué opinan ustedes?

Pd: “Rechace” estar en la usach porque pasa en paro y aparte esta en estacion central y no quiero que me roben xdd no estoy seguro pero parece que ni siquiera me postule para esa en su momento 
Y por si les interesa he aprobado todo en estos 2 años y aun me sigue gustando mi carrera mucho mas que cualquier otra, nada mas como dato extra ",neutral
"Elegí carrera sobre universidad y no estoy seguro si tome la mejor decisión 
Yo egrese en 2022 y me fue bien en la paes a la primera, me alcanzaba para casi todo 
Yo tenia 3 opciones: ing civil mecatronica en la usach, ing civil quimica en la usm y ing civil electronica en la mayor (esta ultima no esta en mas u en stgo)
Me alcanzaba el puntaje para cualquiera de las 3 pero me llamo mas la atención la electrónica y la puse en primer lugar, quedé y sigo estudiando ing civil electrónica en la mayor 
Pero no sé si habré sido tonto por haber rechazado estar en universidades top para elegir la carrera que mas me gusta (con mucha diferencia) a pesar de que solo esta en una u que esta muy abajo en los rankings, ¿qué opinan ustedes?

Pd: “Rechace” estar en la usach porque pasa en paro y aparte esta en estacion central y no quiero que me roben xdd no estoy seguro pero parece que ni siquiera me postule para esa en su momento",neutral
"Ing Civil Física o Ing Civil Electrónica USM Quedé en ambas carreras y no sé cuál elegir. Creo que me llama más la atención civil física, pero he leído varios comentarios de que no tiene tanto campo laboral y eso me asusta un poco. Me interesa el área de instrumentación astronómica y el desarrollo de tecnologías para la física de altas energías. 
Necesito una idea de qué me conviene más o cuál sería la mejor opción.
Agradezco la ayuda.",neutral
"ING Civil Informática  Este año pasé a cuarto medio y tengo claro que quiero estudiar Ingeniería Civil Informática. Sin embargo, no sé en qué universidad de la región de Valpo. Estoy viendo de opciones: USM, UAI, UV y PUCV.
Quisiera que me den opiniones honestas y me recomienden cuál creen que me conviene más. Si son estudiantes de alguna de estas Universidades o estudian/estudiaron Informática, me gustaría ver su visión de estas Universidades o si me recomiendan otras. 
Muchas gracias desde ya :)",neutral
"ING Civil Informática ¿En qué Universidad estudio? 
Este año pasé a cuarto medio y tengo claro que quiero estudiar Ingeniería Civil Informática. Sin embargo, no sé en qué universidad de la región de Valpo. Estoy viendo de opciones: USM, UAI, UV y PUCV.
Quisiera que me den opiniones honestas y me recomienden cuál creen que me conviene más. Si son estudiantes de alguna de estas Universidades o estudian/estudiaron Informática, me gustaría ver su visión de estas Universidades o si me recomiendan otras. 
Muchas gracias desde ya :)",neutral
"Si mi carrera pide mucho m1, ¿podría subir mucho el puntaje de corte? 
Postulando para la usm en Valparaíso como segunda opción en la carrera de arquitectura, 3.75 puntos sobre el corte y me pide 40% de m1.

Me arrepiento de haber postulado en parte...

Evidentemente en este sub reddit no es como si me fueran a ver el futuro o vayan a sacar una bola de cristal para resolver mis dudas, pero quería saber que opinaban o que teorías tienen al respecto.

(Adjunto puntajes de corte de hace 2023 y los vigentes)",neutral
"¿Se estima que suban mucho lo puntajes para la universidad usm? Mi duda proviene de mi postulación hecha hace pocos días, en las primeras posiciones deje a la usm, sin embargo y por lo que he visto, esta universidad subió poco más de 30 puntos en la carrera que quiero (arquitectura) con respecto a los puntajes de corte de años anteriores. También viendo el alza de puntos en m1 (cerca de 22 con respecto al año pasado), siento mucho más realista irme a otra universidad. (Postuló con 25 puntajes bajo el corte y 4 sobre el corte en otra sede).

Muchas gracias por leer este post, esperó no artarlos con tantas preguntas al respecto.",neutral
"¿Qué tal es la universidad Federico Santa María (USM)? Puse a la usm como mis dos primeras opciones para arquitectura, en San Joaquín y casa central (de la segunda opción realmente me arrepiento, aunque solo supero por 4 puntos, esperemos suba xd). Quería saber que tal les parecía esta universidad en particular y si alguien sabe si es posible que aumente el puntaje de corte (no logre encontrar los puntajes de 2023 para calcular cuanto podría subir). 

Muchas gracias por leer.",neutral
"¿Alguien sabe dónde encontrar los puntajes de admisión 2024 de la usm? Actualmente no los he podido encontrar, ni en un su Instagram ni otra red social, no me refiero a los de admisión 2025 si no los de 2024. Lo más parecido que he encontrado ha sido los de 2023 y no es exactamente lo mismo",negative
"Puntaje corte plan comun usm? Hola a todos, yo este año pondero 726 y el puntaje corte de la carrera esta en 699, el problema aqui es que viendo el alza de los puntajes en la m1, ustedes creen q logre entrar a la carrera?",neutral
Malla nueva ingenierías civiles USM Han visto que la usm cambió la malla de las ingenierías civiles y disminuyeron la cantidad de semestres? Qué opinan de eso? Cómo ven la nueva malla? La usm se irá a la cresta?,negative
"¿Puedo quedar en la udp antes que en la usm? Pasa y acontece que actualmente, después del termino de las postulaciones a universidades por vía centralizada Paes, me arrepentí de mi segunda opción (Arquitectura, USM, Valparaíso) y preferiría por mucho la UDP, mi tercera opción (por temas personales y de gastos), en la USM supero solo por 4 puntos el puntaje corte mientras que en la UDP por 40. ¿Qué aproximaciones me darían con respecto al resultado?",neutral
"Informática y telecomunicaciones en la UDP.  Buenas, tengo dudas sobre cómo es la UDP en cuanto a la carrera de informática y telecomunicaciones y si está al nivel de otras universidades como la USM, la USACH entre otras. ",neutral
"Ing civil en la uch o usm Estoy muy justito pa entrar a civil en la uc así que estoy viendo plan b y me gustan esas 2 ues. Si alguien pudiera contar su experiencia o razones pa elegir una o la otra me ayudaría harto. Cabe mencionar que no tengo decidida la especialidad que elegiré en ing.
",neutral
"Cuanto creen que suba el puntaje corte en ing uc?  Buenas noches, quiero preguntarles cuanto crean que suba el corte en ing uc?

Todo el año quise irme a estudiar ing civil eléctrica a la usm, pero como un día antes de que entreguen los resultados paes, me empezó a interesar la cato y la verdad, no me preparé mucho para ciencias y lenguaje porque sabía que si me iba bien en M1 y M2 entraba demás a la usm, pero para la cato había que hacerlo bien en todas. 

Actualmente pondero 895.5, solo un punto más que el puntaje de corte 🥲 pero la esperanza es lo último que perderé ",neutral
"DIFERENCIAS USM SAN JOAQUIN VS VALP bueno algún sansano que puede ayudar con la consulta , es para ver si matricular a mi retoño en la usm santiago o mejor Usach?? quiere estudiar ing matemática  muuuuuchas gracias opes!!",neutral
"ing civil eléctrica dónde Hola, hoy entregaron los resultados paes y me toca postular a las universidades según orden de preferencia.

Quiero dejar a la PUC de primera opción (pondero 895,5), pero aún así tengo miedo de no quedar, por lo que tengo de opción además la chile y la usm (casa central de valpo) en esas dos es medio seguro que quede, ya que pondero al menos 40 pts sobre el corte, pero no sé cual será mejor opción entre esas dos para dejar en segundo y tercer puesto. 

Ojalá puedan ayudarme! ",neutral
"College a Ingeniería UC En unos días más dan los resultados de la PAES y no creo que me haya ido tan bien como para entrar directo a Ingeniería en la UC, por lo que estuve cachando que se podía ingresar por college. Mi promedio en el colegio fue de 6.85 (nem: 956 y ranking: 962) y no sé qué tan conveniente sea meterse a college ni tampoco sé cómo es el tema de traspaso de carrera. De verdad me llama la atención la UC más que nada por los programas de intercambio y la malla académica. Cabe mencionar que quedé en la USM y no sé si deba desaprovechar ese cupo. Si me pueden contar sus experiencias o dar algún consejo me serviría muchooo :)",neutral
"Buenas universidades en chile Buenas he estado buscando en reddit buenas universidades para ingeniería en chile, pero todos los comentarios básicamente se resumen en la católica, la chile, la usm y la uai, entonces no sé si alguien sabe de otras universidades buenas de chile para considerar mas opciones ",neutral
"Actualidad y futuro de universidades en Chile (mis pensamientos) Hace tiempo quería compartir unos pensamientos que han estado rondando en mi cabeza las últimas semanas. Voy a explicarlo desde la perspectiva de alguien que estudió ingeniería.

¿Cuál es el rol de las universidades en una sociedad? ¿Es su propósito principal generar mano de obra calificada o formar profesionales competentes para el país?

El papel de las universidades ha evolucionado con los años. Lo que antes eran principalmente centros de investigación, ahora se perciben, en muchos casos, como instituciones enfocadas en formar profesionales para satisfacer las demandas del mercado laboral. Sin embargo, desde mi punto de vista, este cambio de enfoque podría tener consecuencias negativas a largo plazo.

Por ejemplo, las universidades privadas han comenzado a posicionarse como la opción principal para muchos estudiantes, incluso por encima de instituciones históricas y destacadas como la USACH, la UDEC o la UChile. Esto puede ser preocupante, especialmente considerando que muchas universidades privadas —como la UNAB— matriculan a una gran cantidad de estudiantes y, al final del día, son empresas con dueños que tienen nombres, apellidos e intereses particulares.

Hoy en día, parece que a muchos estudiantes no les interesa el conocimiento en sí, ni la historia de las instituciones, ni los valores de las universidades tradicionales, ni el diálogo y el debate académico que solía caracterizar a la vida universitaria. Si pudieran hacerlo, tengo por seguro, harían un skip de todo el camino de la universidad para solo tener el cartón. He leído en este sub personas que eligen universidades basándose en argumentos como “no tienen paros” o “tienen mejor infraestructura”. Estas, desde mi perspectiva, son algunas de las variables menos importantes al elegir una universidad (aunque admito que, en carreras del área de la salud, esto podría tener mayor peso), y los paros en universidades indican un movimiento estudiantil importante, de gente que tiene pensamiento crítico, con ganas de realizar un aporte y que no están estudiando un 5to medio.

Otra cosa que he notado es cómo algunas personas prefieren universidades privadas sobre universidades tradicionales top porque “la malla está mejor enfocada”. Pero ¿realmente entienden los contenidos de cada ramo? Muchas veces parece que solo se dejan llevar por el nombre de las asignaturas, realizando criticas que no tienen sentido, pues aún te quedan 5-6 años de estudio para recién entenderlo.

En mi opinión, la UChile siempre será la mejor universidad del país en ingeniería. Aunque los rankings internacionales digan que es la PUC, las universidades estatales como la UChile tienen un componente social que las diferencia. Estas instituciones no solo están vinculadas con el desarrollo del país, sino que también ofrecen carreras que, aunque poco rentables económicamente, son fundamentales para preservar nuestra cultura y desarrollo como sociedad. Por encima de todo, enseñan a pensar críticamente, mientras que en otras universidades, te enseñan a como hacer la pega para dar una buena impresión al mundo laboral.

Entiendo que existen personas que debido a sus situaciones de vida es imposible que puedan ingresar a una universidad tradicional y que necesitan surgir rápidamente por problemas económicos. No hay problema. Esto principalmente va dirigido a personas que tienen la oportunidad de elegir y con un respaldo económico para poder pensar sobre otras cosas que no sea tener comida en la mesa o tener el dinero para llegar a fin de mes.

Para finalizar, les dejo un video sobre un destacado ex-profesor de la UTFSM, el cual expresa de mejor manera el rol que deben tener las universidades a mi parecer y el cómo se ha ido perdiendo a lo largo de los años.

  
[Ultima Clase de Mario Salgado](https://www.youtube.com/watch?v=ZasTkHgAv0o&amp;list=LL&amp;index=1&amp;t=50s)",neutral
"Ingeniería Química y en qué Universidad Buenas gente de reddit, alguien que tenga tiempo de contar como es estudiar ingeniería química, que tan rentable puede ser, y las áreas de especialización. Las universidades que tengo en mente son la usach o la utfsm así que agradezco también sus opiniones en cual puede ser mejor.

Adicionalmente, cuál sería la base química con la que es recomendable entrar?",neutral
"Gratuidad: MANUAL DEFINITIVO y AMA Hola querida comunidad de este bello sub!!  
  
Como todos los anos, actualizo este hilo. Aprendo más, conozco más trucos y puedo ayudar más (antes lo puse en capa9 y en El antro xd). sÍ, yo los redacté , porque fui ayudante de las srtas en RR.EE.   
  
Con ustedes; ***el Manual de Corta Palos: Gratuidad 2024 (todos los llamados oct/2023 y marzo/2024)***  
  
Desempolvo este bello manual, tanto para quienes recién comienzan sus estudios como mechones, aquellos que estudian cursos superiores, a quienes les entró el bichito y quieran sentarse de nuevo en un pupitre, tanto para comenzar estudios de cero o proseguirlos.  
  
Se tocan los tópicos sobre cómo postular por el mecanismo de Formulario Único de Acreditación Económica (FUAS) : Veremos como rellenar o modificar la RSH (registro social de hogares) para que sea coherente con lo que presentaremos en el FUAS.  
  
Detallaremos los pasos del proceso de elección de beneficiarios (preselección, selección, asignación de los beneficios y la apelación ( con todas sus causales y cómo reunir la información y documentación para respaldar la ''pataleta'') .  
  
El año 2018 solo tenía mi experiencia (de una postulación y dos apelaciones) pero ahora, aprendí màs , estuve de ayudante en RREE y de madrina de alumnos nuevos, tengo màs experiencia , tanto por el aprendizaje formal y el ensayo/error con varios alumnos.! Y, comparto con ustedes algunos tips, porque creo que la educación , el conocimiento, e investigación es una de las vías para que Chilito mejore y vaya por una vía mejor. (no me tilden de progre por fa) 

Edit: por razones x me cambié a otra tradicional.  
  
Es para utilidad pública, libre de republicarse y compartir. Si estiman que no calza acá , por favor mover el hilo!   
  
**CARACTERÍSTICAS DEL BENEFICIO**  
  
Como todos sabemos, la archiconocida Gratuidad , se le otorga al 60% de población más vulnerable del país. Este beneficio consiste en cubrir el costo de arancel y matrícula, del período la duración de carrera ideal, en universidades , IP y CFT adcritos a ésta.

En resumen: solo se paga los semestres que se ""salen"" de la duración nominal y los costos de titulación (no la ceremonia, el costo de defender tesis y depositar el título).

  
Las instituciones deben tener al menos cuatro años de acreditación. En su constitución, deben ser sin fines de lucro , y sus controladores (naturales y/o jurídicas), tampoco deber tener ánimo de lucro. Si en su constitución existiera tal fin, debe ''corregirse'' y emitir carta al MINEDUC en donde se comunique ese compromiso.  
  
Hasta acá todo bien, o no?  
  
  
**QUIENES PUEDEN SER BENEFICIARIOS?**  
  
No quiero hacer un copy/paste, apuntaré de forma más sencilla posible y al grano y no engorrosa.  
  
  
Como lo apunté más arriba el 60% de la población más pobre del país. Ahora viene la pregunta.... y yo???? Califico dentro de este % ??  
  
**-** ***De Los Quintiles****:* Los quintiles son ''grupos'' para medir la situación económica. El quintil es : Las lucas de toda la familia en un año, de todos los miembros que generen lucas (todo se escribe en montos mensuales, para efectos de cálculo, el fuas se rellena de forma anual, pero es harina de otro costal, por ahora) sumamos todo y lo dividimos por el N° de integrantes de la familia. Ese monto (repito, mensual) que obtenemos, tenemos que buscarlo y ver en cual decil o quintil se ubica. Vale? Desde el 2018, la gratuidad cubre estudios para personas de hasta el SEXTO quintil .... Ahhhh!, ya!! Raya para la suma: El monto del quintil, de nuestro cálculo debe ser igual o menor a $193.104 Grábenselo como un mantra: $193.104, por cada miembro del hogar.  
  
***-De la matrícula en las instituciones adscritas*** : bueno, eso lo mencioné más arriba.  
Hay casos excepcionales , que voy a puntualizar acá: se trata de aquellas personas que ya tienen títulos, grados o estudios anteriores. Antes de ponerse pálidos, lean bien:  
  
***Uno***: Un ''técnico'' puede perfectamente postular a una ingeniería, prosecución o ingeniería normal (por citar una profesión, se puede hacer lo mismo con ´tecnico en x cosa y continuar estudiando la profesión x, dejaré ingeniería como ejemplo). Excepto licenciaturas terminales y postgrados.  
***Dos***: uno puede estudiar en un DUOC o otro IP o una u una carrera ''en ejecución'' (sin grado académico, estas carreras se imparten en ués que eran de la ex UTE, actual USACH) y solo egresar y postular a una prosecución, o a una carrera que sea condocente a un grado académico y acogerse a la Gratuidad. Yaaaaaa.... y ¿Qué hago con la primera, si no me titulé? Es muy usual que uno saque , en caso de los IP, los estudios pero no el proceso de titulación (memoria y práctica) y hay binomios de carreras que se complementan muy bien, y también es buena idea para quienes comenzaron/mos en IP, y claro, ni yo ni muchos de uds tuvimos chauchas para U, o por falta de información, elegimos x carrera y sería buena opción tomar una continuidad ( u otra carrera y convalidar), además enriquece nuestro bagaje de conocimientos, ect. Es una buena opción, pero es para detenerse y evaluarla caso a caso, entre otras razones, por la presteza por ingresar al mercado, el futuro estudiante tiene hijos, ect ect. Repito: sirve mucho para articular la carrera (ejemplo, de ejecuciòn (**Repito:: solo egresado!**!) a civil).  
  
***Tres*** , el postulante tiene título o grado académico. Puede acogerse a Gratuidad siempre y cuando postule a un programa de pedagogía.  
  
  
  
**CÓMO POSTULO?**  
  
Esta es la pregunta de un millón de euros. Desglosemos.   
  
Antes que todo, en el portal Beneficios estudiantiles , se desglosan hartas opciones/formularios, (al año 2018 eran tres, en 2019 , seis y ahora , para el 2020 todo se reordenó):  
  
***\~ Formulario Único de Acreditación Socioeconómica.***( en ésta opción nos centraremos, a ésta se postula si queremos aplicar a Gratuidad)  
Beneficios a los cuales puedo postular aplicando acá:  
  
Gratuidad  
Beca Nuevo Milenio  
Beca Bicentenario  
Beca Juan Gómez Millas  
Beca Juan Gómez Millas Extranjeros  
Beca Excelencia Técnica  
Beca Excelencia Académica  
Beca Puntaje Prueba de Transición Admisión Universitaria  
Beca para Hijos de Profesionales de la Educación  
Beca de Articulación  
Beca para Estudiantes en Situación de Discapacidad  
Beca Continuidad de Estudios para Instituciones en Cierre  
Beca de Alimentación para la Educación Superior (JUNAEB)  
Fondo Solidario de Crédito Universitario  
Crédito con Garantía Estatal  
  
No entraré a las otras, pero son  
  
***\~ Beca de Vocación de Profesor,*** y  
  
***\~ Becas de reparación***  
  
  
**RSH: Registro Social de Hogares**: Antes que cualquier cosa, evaluemos este punto importante. Porque a diferencia de los que muchos creen el FUAS no es igual ni refleja lo mismo que RSH. ¿Vale? Es más, puedes postular por vía FUAS, sin necesariamente tener RSH, pero tener RSH simplifica las cosas al momento de evaluar otorgamiento de beneficios.  
  
Mientras el FUAS se rellena en base a las rentas promedio, de tooooodo el 2019 y de enero a octubre del 2020 , de cada integrante del hogar, e intenta calcular el quintil de un núcleo familiar para el otorgamiento de beneficios para la educación superior , el RSH busca proporcionar un valor indicador que refleje la vulnerabilidad social (no sólo económica, porque se evalúan hartas cosas para obtener el resultado) de una familia nutriéndose de diversas fuentes, privadas y públicas. En palabras del portal del Ministerio de desarrollo social: ""El **Registro Social de Hogares** es un sistema de información cuyo fin es apoyar los procesos de selección de beneficiarios de un conjunto amplio de subsidios y programas sociales.""  
  
Cuando una va con la familia a realizar e inscribirse bajo el RSH , se los firmo , que es así porque ya está comprobado con los casos de varios muchachos) ahí el gobierno tiene facultades para cerciorarse con todos los medios posibles de que lo que hemos ingresado u apuntado en la ex ficha social coincida con el sistema (AFP, ISAPRE, FONASA, SENADIS, rentas de cargos públicos, montepiadas/os, jubilaciones (sobretodo las ex INP) ect ect) .  
  
En fácil , lo lògico es encontrar incoherencias y mentiras, si comparamos y cruzamos información entre RSH y fuentes de buena tinta. Mientras que, si ya pasamos el cedazo de la RSH, esa informaciòn se calca al FUAS, porque el gobierno tomará los datos de la RSH (si hubiere) como verificada y fidedigna. Y eso , simplifica mucho las cosas. Para ello hay que realizar cosas con antelación, yo aconsejo, unos seis meses antes del primer período de postulaciones, o sea, , tener resuelto todo a nivel ''papel'' los marzo de cada año.  
  
**~Algunas situaciones comunes y algunas consideraciones.~**  
  
***1) Mis progenitores ganan mucho!!*** Si agarres tus maletas (teòricamente) y te vayas donde la abuela que gana la pensión básica solidaria , mientras que tus viejos perciben buena renta . Vas donde tu abuela y le pides que te incluya en su ficha RSH y renuncias a la de ''tu familia''. Esta renuncia acarrea algo más que eliminarte de un documento: si estás en el plan de isapre de alguno de tus padres, deberás pedir la desafiliación primero, e irte a Fonasa , idealmente varios meses antes de que se abra el proceso de postulación del FUAS, como dije arriba, ojalá tener resuelto eso antes del año escolar o universitario, unos seis meses antes de que se abran las postulaciones FUAS, . porque al momento de recorregir la ficha de tu abuela, las asistentes sociales son agujas, y, el solo hecho de tener Isapre, te castiga mucho en el puntaje. Y empezarán las dudas: ¿por qué se va con la abuela justo ahora, ad portas a la PSU? es probable que te pongan más de un pero para evaluarla situación y ayudarte. Así que , has eso con mucha antelaciòn, a mi sobrina le pasò, que tuvo que apelar dos veces). Y anda desde esa fecha, pensando una historia muy convincente sobre el cambio de hogar.  
  
***2)*** Lo mismo pasa que ***si vives solo y ganas tus porotos*** : deberás incluir a tu hermano chico , a tu sobrino, o calcular bien e irte a la RSH de tus viejos, todo esto a nivel teórico, y siempre y cuando al calcular tu quintil , esta opción te ''ayude''. La idea es que la RSH en donde ""pertenezcas"" siempre sea igual o menor al 40% más vulnerable de Chile.  
  
3) ***Depurando rentas***: acà hay que ser cuidadosos: hay una línea fina que separa a la mentirita piadosa a ser un embustero de tomo y lomo: Es probable que la renta no imponible no calces en el sexto quintil. Y que tengamos que hacer unos ""ajustes"", que llamaremos depuración.  
  
Diremos , por ejemplo que los bonos **no** imponibles, podemos restarlos , o sea , no incluirlos, en la renta. Las rentas o pensiones de entidades pùblicas. empleados pùblicos o cajas de previsiòn (ex INP) aconsejo no ""depurarlas"", porque es muy fácil dar con el valor líquido que se percibe. También podríamos omitir las actividades independientes (pololitos, siempre y cuando no existan imposiciones sobre ellos o no sean ingresos por honorarios (esta última porque se encuentra la mentira contrastado info con el SII) . También , podemos callar si percibimos fondos por un arriendo, pero éste no debe estar bajo un contrato de arriendo con subsidio de arriendo. También si existiere un pensión o ayuda familiar , se puede omitir excepto fondos percibidos por resolución judicial (como las pensiones de alimentos) y cuyos fondos no pasen por el sistema bancario, mucho menos por el Banco del Estado.  
  
4) Ojo: también tengan cuidado: si hay adultos cesantes, respaldar muy bien , con finiquito, carpeta tributaria, imposiciones e idealmente también , con el seguro de cesantía. Si las asistentes sociales ven muchos adultos y muy poca renta.... creerán que hay datos incoherentes, o bien se oculta información. Es probable que pregunten qué sucede.  
  
  
Con todo los documentos listos , realizamos o solicitamos la ficha RSH, o bien , renunciamos a la ficha en la cual pertenecemos y solicitamos el ingreso a otra.  
  
Con todos nuestros papeles, liquidaciones , declaraciones de gastos, fotocopias de carnet , ect ect... presentamos el dossier con la solicitud . Es probable que se reflejen los cambios o realización de las RSH en unos dos meses. (por eso die que hay que realizar las cosas con haaarta antelación).  
  
No diré que programas usar para depurar documentos, porque el post se convertirà en otra cosa Si tienen documentos en pdf y quieren convertirlo a .doc o .docx, cuidado con las destabulaciones de los archivos.  
  
*Lo único que diré es que es absurdo , plantear que una casa, cuyo promedio familiar es de diez mil pesos màs que el sexto quintil, puede costear una carrera de cuatro millones. Es ilógico. Por eso apoyo y hago recomendaciones de ""mentiritas piadosas"" ☺️. Que no salga del foro, vale?*  
  
**~-RELLENANDO EL FUAS.~**  
  
Ahora es el paso , para rellenar el FUAS, que literalmente, calcaremos la información de la RSH:  
  
1) Rellenar datos personales.  
2) Anotar cada uno de los integrantes del hogar  
3) Apuntar los ingresos promediados . Los ingresos se desglosan en nueve ítems:  
-Sueldos: La renta líquida percibida (si es necesario: la renta líquida menos haberes no imponibles)  
-Retiros  
-Pensiones: pensiones de vejez, solidarias, de invalidez, de discapacidad , montepiadas.  
-Honorarios  
-Pensiones de alimentos u otros aportes familiares. (no incluiremos los montos que no pertenezcan a resoluciones judicial y los montos se entregan en mano)  
-Dividendos de acciones  
-intereses de capitales mobiliarios  
-Ganancias de capitales mobiliarios  
-Otras actividades (leer màs arriba) (aquí entran los pololitos, o toda actividad pagada ''a lo amigo'' sin boleta ni imposiciones.  
  
Sumo ''hacia abajo'', mes por mes.  
  
Para cada ítem: se obtiene el promedio mensual y se divide por el nûmero de integrantes.  
- Para el 2019: los totales mensuales (son doce) se promedia por doce, la sumatoria de los ingresos anuales (del 2018) de cada ítem.  
- Para el 2020: los totales, que serían diez, se promedia por diez ,. .La sumatoria de los ingresos percibidos desde enero a octubre del 2020 (porque el MINEDUC abre los octubre las postulaciones y aún no termina el año, esa es la razón).  
  
Como ya habíamos realizado la RSH, este paso es replicar la información (si no está explicitada, está en los papeles presentados) a este formulario. Solo tener cuidado al promediar. Tan fácil como coser y cantar.  
  
  
**LOS PASOS PARA EL OTORGAMIENTO: NIVEL SOCIOECONÓMICO, PRESELCCIÓN Y ASIGNACIÓN**  
  
**Nivel Socioeconómico:** Ya enviamos el FUAS . Se cierra el período de inscripciones. El primer cedazo que realiza el Mineduc, es la Preselección (en RREE se le dice coloquialmente ""las 'pilas'') . En esta etapa se evalúa los ingresos declarados por los postulantes. Esta etapa es solo INFORMATIVA. Se le conoce como ''las pilas'' porque se usa una imagen de una pila , que según lo ''llena'' que esté uno puede acceder a más beneficios.  
Si está full, candidato a gratuidad sin cuestionamientos.  
Si está un 3/4 de llena, aplica todos los beneficios menos la gratuidad.  
Si está casi vacía, solo CAE.  
Si no aparece la pila, quiere decir que hay información (bastante) inconsistente, y que habría que ir a la U, para realizar una evaluación socioeconómica. Las divisiones de RREE de las instituciones de educación superior (IES) tienen personal especializado, su rol es hacer ''contraparte'' y realizan la gestión para ser todo presentado al MINEDUC. Ellos anotan todo, juntan un dossier de tus documentos (ellos te dicen cuales requieren) y mandan todo al MINEDUC para ser evaluado. En el fondo , te mandan ''a repechaje'' , por ende, el resultado de los beneficios se procesará junto con tooooodos quienes postularán en el segundo llamado (junto con los olvidadizos que no postularon a la primera)  
  
**PreSelección**: La Preselección es una etapa informativa en la que Mineduc comunica a los estudiantes si cumplen con los requisitos establecidos para optar a Gratuidad, Becas y/o Fondo Solidario. Puntualizo enfáticamente , por favor lean, que ***para que un estudiante obtenga finalmente un beneficio, éste debe encontrarse matriculado en una Institución de Educación Superior que cumpla con las condiciones establecidas para la asignación.***  
  
Esto puede no ocurrir, sobretodo si son estudiantes vespertinos ~~(saludos a coodinadoción de ici vespertino de mi U, ya son tres años de lo mismo !!!)~~, (saludos al vicerrector académico, y a los directores de Dirección de Docencia y de Dirección de estudios, me han salvado la vida tres veces!!!) Puede que ya se hayan matriculado e incluso le entregaron comprobantes de matrícula, peeeeero que no hayan sido ingresados a la nómina que la IES le entrega a MINEDUC. Como no aparecen, van a tener problemas, pero tranquilos, veremos esto en un rato màs.  
  
**Asignación** : Como su nombre lo dice, es la fase de otorgamiento de los beneficios. Aquí se descorchan champañas jajajaja no, aquí comienza la alegría para muchos, pero también una frustración para otros tantos (me incluyo): No resultó!!!! No me asignaron!!! Qué hago?   
  
  
**Apelación:** Una vez entregados los resultados de asignación y hubo resultados negativos, hay dos opciones: Apelables y no apelables (no existen ''no apelables'' pero hay situaciones que se corrigen en segunda vuelta.)  
  
  
**- No apelable :** Te preseleccionaron y no te matriculaste, o bien te matriculaste pero la IES no te apuntó en la nómina, por ende Mineduc no tiene como saber que ya estás en una IES este año. Tranquilo. Pese a que no estar matriculado, per se no hay ítem de apelación. solo debes esperar los resultados de la siguiente ronda (el año pasado fue en abril). Solo pide una mano con una asistente social para que te precise si estás en la nueva nómina que van a enviar al Mineduc. Ahí queda corregido y se actualiza la lista de matriculados y tendrás el otorgamiento sin problemas. Otra situación no apelable, son los renovantes. Su resultado en la mitad de año. No pasan a segunda vuelta, ni apelan. Solo esperar. Me pasó las dos cosas, la primera el 2018, y la segunda el 2019, 2020 y ahora.  
  
  
**- Apelables:** existen doce causales para acogerse al pataleo. Ojo que la cláusula de apelación debe ser coherente respecto a la razón de no asignación de los beneficios. Apuntaré de forma resumida las causales y que debemos hacer/presentar/subir a la plataforma:  
  
  
  
**1) Diferencias en la composición del grupo familiar:** Declaración jurada simple, cartola del RSH, certificado de nacimiento/defunción según sea el caso.  
**2) Diferencias en los ingresos:** cartola de 12 meses de imposiciones, resolución para las pensiones de alimentos, y documento que certifique los ingresos (honorarios o liquidaciones, según corresponda, (No hablaré de photoshopear, porque ahí si que es feo, aunque cada uno save lo que hace jeje)  
**3) Cesantía de un integrante de la familia :** Finiquito, seguro de cesantía y cartola de 12 imposiciones (dependientes) Término del giro, carpeta SII , 12 cotizaciones, declaración mensual y pago simultáneo de impuestos, Resumen de boletas de honorarios y F22 (independientes). Todo eso. Hazlo simple, imprime y tica, pon todo en una carpeta en el pc, por integrante. Así llevarás un orden, y no andarás con el butt a dos manos a última hora .   
**4) Gasto permanente de salud:** Certificado médico y declaración de gastos médicos.  
**5) Gasto en educación a un integrante sin beneficios:** Contrato de prestación de Servicios educacionales y documento que acredite los gastos.  
**6) Integrante con discapacidad:** Documento emitido por Registro nacional de discapacidad , Compin o SENADIS. Lo más fácil es sacar una copia en registro civil virtual, con clave única.  
**7) Ausencia/diferencia de NEM :** Certificados de la Enseñanza media y la Licencia de EM.  
**8) No contar con título técnico, profesional o licenciatura:** declaración jurada simple, en donde declaro que NO los tengo . Se imprime el formulario tipo que la misma plataforma te da.  
**9) Hijo de profesional o asistente de educación:** Certificado de nacimiento, Copia del contrato (del progenitor que trabaja en Educación)  
**10) Permanencia definitiva:** Certificado de permanencia definitiva, (de PDI y depto de Extranjería) con fecha posterior al FUAS.  
**11) Becas de reparación:** Fotocopia de ci por ambos lados, Licencia de EM, formulario legalizado de aceptación al beneficio.  
**12) Beca de traspaso de reparación:** Se revisa qué documentos faltan.  
  
  
En cada apelación , tienen su espacio para subir c/u de los documentos. Por persona y por causal. Se realiza la apelación y se espera los resultados de la ''segunda vuelta. y los renovantes , en la tercera (junio de este año).  
  
**Para tener en cuenta**   
  
- La gratuidad cubre  UN SOLO cambio de carrera, uno solo, pero los años de duración -ideal y restando los cursados en la carrera anterior. Ejemplo, en mi caso me cambié de tradicional a tradicional, civil x , en la primera cursé 4 años y me cambié a la segunda que también dura 6, entonces 6 -4 = 2. Me quedan dos años de cobertura con gratuidad (sin echarme nada).  
  
-***Si me falta un semestre para cubrir,*** postular el año anterior al que caduque la gratuidad, al fuas, para así acogerse al CAE , FSCU (fondo solidario) u otro beneficio. Avisar a RREE o al coordinador de las matrículas, o Finanzas. Nadie pero nadie te puede eliminar de la IES ni condicionarte la matrícula si la gratuidad te cubre parte de este año y estás gestionando otro mecanismo para cubrir el diferencial.

El arancel que se debe pagar es MENOR , es arancel AJUSTADO.  
- ***Ojo con los cambios de carrera internos:*** convalidaciones, tomar más ramos (de una forma sana) y los ramos equivalentes para tener menos semestres sin ser cubiertos por la gratuidad.  
- Ojo con ***cambiarse carrera internamente.*** cerciórense que ya están fuera de la primera carrera. Puede salir alguna cosa rara al MINEDUC y también puedes salir beneficiario, que te cubrirá la primera carrera o, la màs ''barata '' (de las dos) . Si llegaras a aparecer en el sistema como estudiante de carreras paralelas, será un chollazo hacer traspaso de fondos de una facultad a otra . o de un depto a otro. Siempre hay errores de traspasos de fondos.  
- Lo mismo aplica si ***me cambio a otra IES (transferencia externa le dicen en algunas IES).***  
  
- Otra cosa 1 : dejar arreglado el avance curricular, especialmente si las carreras son alojadas en la misma facultad y ***hay ramos con misma sigla o equivalente.*** Esto corre especialmente si estudian el plan común. Ojo con las equivalencias de asignatura, por ejemplo, en la UTFSM: los ramos de carrera como las economías y operaciones dictadas por el depto de Industrias son ""convalidables"" para quien se vaya a Comercial. Pero, al revés no, es decir si te vas de comercial a industrias esos ramos no son considerados como convalidables y tendrías que cursarlos ""de nuevo"". Este es un ejemplo. Ten presente como se evalúa eso en tu casa de estudios. ***Mi consejo es tener el manual de tu IES. Reglamentos, protocolos. Familiarízate con esas normas, porque nadie lo hace por uno.***  
  
- Otra cosa 2: importante, que a mi me amargó el principio de dos años :si renuevas gratuidad, o sea vas desde segundo año en adelante, ***la IES no puede pedirte ningún documento (cheque, vale vista o dinero) para respaldar fondos, ni menos negarte la matrícula ni inscribir asignaturas.*** Eso es ilegal. También me sucedió. Me persiguieron pidiéndome cheques y nunca me matriculaban (nómina) , el tema grave era que si no estaba matriculada, tampoco aparecía apuntada en la lista que se envía al mineduc, caería en apelación y la situación se repetiría ""at libutum"". Deben ir (cada instituciòn es distinta): Al departamento/ facultad y a RREE, después finanzas, y por último, a la Vicerrectoría o Decanato, o bien la Dirección General de Docencia.  
  
. Otra cosa 3: Corre para quienes excedan la duración nominal y requieren cubrir lo que falta para titularse: postular con fuas: Cuando lo hago?  
El año anterior a que venza la gratuidad. Por ejemplo : Si culmina el segundo semestre de este año , deben postular al llamado de ahora. SI cubre este año completo, postular en octubre 2023 (o segundo llamado en este 2024).  
  
Si van a postular a CAE, consideren que los van a evaluar como alumnos antiguos, les van a exigir avance académico, generalmente, de los dos últimos semestres.  
Si encuentran más piola el FSCU, postular y dar, el año anterior a que caduque la gratuidad, a la PSU. Se otorga FSCU con PSU rendida ese año o el anterior.  
La otra forma; si estudian carreras técnica, acogerse a la beca nvo milenio.  
Otra forma para carreras de pregrado: si tienen discapacidad; acogerse a Bicentenario Discapacidad.  
  
**Sobre los aranceles ajustados**  
  
Este es un detalle no menor, y afecta tanto a las IES (los que más han ''alegado'' son las ues del CRUCH) como a los alumnos:  
  
La gratuidad financia a las IES por un monto que es inferior al arancel real. Para no dar la lata, se calcula con un factor, que incluye entre otras cosas, los años de acreditación. Esa diferencia que se genera restando el arancel real con el ajustado, la IES no puede cargarla al alumno. Hay un pdf del Mineduc que detalla esos montos.  
  
Por otra parte, los alumnos que no fueron beneficiaron de gratuidad y se ubican en el 7mo quintil, se les cobra un arancel ajustado. Estos valores también aplica a alumnos que perdieron gratuidad, sea por la razón que sea. O sea supongamos, mi carrera el arancel real es 4.750.000 , y la gratuidad me pagará solo un semestre (2,375 MM), yo, deberé buscar como financiar el otro semestre, pero este no será de otros 2,375 MM, porque también aplicará un arancel ajustado. Para acogerse, hay que enviar carta a RREE y a finanzas, apenas sepas los resultados de los beneficios de este año.  
  
Postular a beneficios internos: red de ex alumnos, empresas, municipios, por una [carrera.cl](http://carrera.cl) es buena pagina para ir buscando opciones.  
  
  
Sorry , se me alargó mucho el testamento.... estaré actualizándolo por si se me queda algo en el tintero.  
  
Pregunten no más  
  
Adiosín ",positive
"Ingeniería civil informática uah Soy mechona en ingeniería civil plan común en la uah, me gustaría leer experiencias de gente que esté cursando esa carrera en esa u o egresados, esta era mi segunda opción luego de la utfsm, sin embargo quedé en lista de espera (lugar 20), me matricule de todas maneras pero me gustaría opiniones sobre esa universidad y la carrera ya que no he encontrado mucha información en internet, los leo!",neutral
"¿Qué universidad es mejor? Tengo 18. Si bien aún no estoy decidido que estudiar, una de las opciones que más me llama la atención es Ing. Civil de minas. Aún así no sé universidad me conviene más. Tengo un primo que la está terminando en la UDD, pero no me convence mucho la verdad. Había pensado la UCH, o la UTFSM, pero sigo sin estar seguro.
Me va (o iba) bien en matemática en el colegio, y la física y la química tampoco me cuesta.",neutral
"Advance hacia ICI partiendo de Comercial? Hola! Resulta que en unos tres meses termino Comercial con Magister en la UAI, me gusta la carrera, pero en el cuarto año me di cuenta que me gusta harto ICI. Ahora, no me quiero tomar 6 años extra de carrera estudiando ICI siendo que Comercial es relativamente similar.

Un amigo que sacó el doble grado Comercial-Civil Industrial me comentó que en salario y oportunidades laborales son super buenas, entonces quería ver si, dentro de la opinión de ustedes realmente conviene o no.

Con el tema de la matemática extra, no le tengo mucho miedo porque siempre se me ha dado relativamente bien, mi rendimiento académico dentro de la carrera ha sido sobresaliente, y dentro de las Ues que veo que lo ofrecen están la UTFSM, la UNAB, y la USS.

Pa que les voy a mentir, las últimas dos es por puro en caso de no quedar en la USM pero quizás el título de Civil Industrial no necesite ser de una U tan ""cotota"" habiendo estudiado Comercial en la UAI y saliendo bien rankeado.",neutral
"Magister o Licenciatura  Hola, salí de un IP, después hice un magister y siempre he tenido cargos de Jefatura, no me quejo de las lucas. Se que no soy Ingeniero, ya que no tengo la civil, pero siento que tampoco me ha ido mal. Que harían Ustedes? Sacarían un Magister en la Utfsm o una civil Industrial?.

",neutral
"Dificultad Ingenieria UTFSM vs UC vs UCH Hola!
El viernes unos amigos empezaron a debatir sobre en cuál de esas universidades es más difícil estudiar ingeniería (tenemos entre 27 y 29, así que ya salimos hace un ratito)

Los argumentos seguían la siguiente línea…
- UTFSM tiene las mayores tasa de reprobación
- Sí pero eso es porque tienen puntaje de corte mucho más bajo a la UCH y UC
- un amigo se fue a la UC y saca puro 6
Etc

Alguien acá ha estado en más de una de estas ues? O ha visto pruebas? Cosas de tener una opinión más formada
",neutral
"¿Qué tan realista es hacer posgrado en una Universidad top mundial saliendo de Chile? Cuento corto, soy mechón de Astrofísica en la UTFSM, y como muchos saben, acá les encanta rajarse a los alumnos con las notas (a decir verdad, por lo que he visto, ahora es un poco menos que hace algunos años), entonces, quería preguntar qué tan realista sería hacer un magíster/doctorado en una de esas Universidades con nombre bonito que siempre menciona Lisa Simpson habiendo salido del pregrado acá (sé que para el posgrado importan mucho tus notas de pregrado, entonces no sé cómo se verían mis opciones a futuro). Y también quería pedir tips para seguir durante la carrera para tener más posibilidades de entrar a un buen posgrado a futuro.",neutral
"UdeC o Usach Ingeniería? Wena cabros el título lo dice todo, además de eso contarles que mis intereses van por ingeniería civil electrónica, mecánica o eléctrica, cuál u me recomendarían para una de esas carreras y cuál carrera recomiendan más en específico, me interesa mucho la física y las matemáticas? Soy del Maule así que descarto la Utfsm porque por lo que he leído la sede buena es la de Valparaiso, también la uc y uch porque me pasé un poco por el forro las materias que no me gustaban en la media así que mi nem y ranking no fue muy bueno que digamos. Las ponderaciones de la Udec me alcanzan para el plan común y en la usach me faltan como 10-20 puntos (considera mayoritariamente nem y ranking, fuk) que el plan es subirlos ahora en la paes de invierno o en la de verano a fin de año.

Se agradece cualquier sugerencia u orientación :b",negative
"¿Las carreras de Ingeniería y Ciencias en Chile son más díficiles en comparación a otros países? Sé que suena exagerado y que tal vez muchos no me vayan a creer, pero estuve en Studocu revisando pruebas de universidades de EE. UU y Europa comparandólas con las de universidades chilenas (USM, Beauchef, etc) y no hay punto de comparación, nuestras pruebas son mucho, mucho más díficiles.

Les doy un ejemplo random, comparemos dos Control 2 de Álgebra Lineal [uno de la Chile](https://drive.google.com/file/d/1L3nqhDVv7Coi35mlyGNkOKi54mDTeO6B/view?usp=sharing) y otro de [Purdue University](https://www.math.purdue.edu/~mdd/Teach/MA265_Spring_2021/Exam-2-solutions.pdf) (algo desconocida fuera de USA, pero es bien destacada, no es la Universidad los Tres Chanchitos xd). Si bien para esta segunda es más corta en tiempo, aún así la de la Chile es considerablemente más díficil, el desarrollo es mucho más complejo.

Otro ejemplo, comparen esta [prueba de Física 1 de la Santa Maria](https://www.studocu.com/cl/u/16808051?sid=319342601722143498) con esta otra de la [Universidad Técnica de Múnich](https://www.studocu.com/de/u/26470024?sid=319342601722144324), como ven, los contenidos son más o menos los mismos, pero los ejercicios de la prueba de Alemania son bastante más sencillos. Digo, en la de la USM te ponen 3 torques y 2 ángulos y en la alemana tienes una pura polea, o un ejercicio de cinemática con un solo ángulo.

Obviamente no voy a llenar el post con ejemplos, los pueden buscar ustedes mismos y se van a dar cuenta. Esto me llama mucho la atención, yo estuve dos años en ingeniería civil plan común y el nivel sí era bien alto la verdad, veo estas pruebas gringas y las veo fáciles honestamente. Entre eso y que las carreras afuera son más cortas y tienen menos ramos por semestre, no puedo evitar pensar que directamente son más fáciles. Abro debate.

Edit: pa los que quieran ver las pruebas de la Chile, [acá ](https://drive.google.com/drive/folders/1hFExo5JHLDpp__x50szPEAm8fjrQO6bF)les dejo la nube mechona de donde saqué el ejemplo",neutral
"Continuidad de estudios  Hola gente, quería saber si alguien ha hecho la continuidad de estudios al haber estudiado en un instituto profesional. Yo estudié en el duoc pero igualmente me gustaría sacar la carrera universitaria en la Federico santa maria que da esa opción. Si tienen consejos, experiencias, conocimientos( se puede pagar con cae?); todo me sirve ya que es algo que estoy barajando, actualmente tengo trabajo y es en un lugar en el cual quiero desarrollarme y creo que el tema del título universitario ayudaría bastante para seguir subiendo. Gracias ",neutral
"¿Porqué en Perú se endiosa la dificultad académica (UNI) en ingeniería mientras aquí se critica/repudia (USM)? Saludos, últimamente he estado viendo algunos videos de la educación superior peruana y lo que mas he visto es sobre la Universidad Nacional de Ingeniería (UNI), que es conocida por tener el examen de admisión mas difícil del Perú y unas matemáticas recomplicadas, y el tema es que el 90% de los comentarios terminan alabando la ""rigurosidad"" de la UNI, que ""forma el carácter"", que se sienten orgullosos de que porten ese sello, que por ello son tan buscados, etc..., incluso este video llega a mostrar un Síndrome de Estocolmo insólito al justificar un profe que rajaba al 100% DE SU CLASE: [https://www.youtube.com/watch?v=QLxrwAB7EgU](https://www.youtube.com/watch?v=QLxrwAB7EgU)

(aunque en los rankings casi ni aparecen, literal he visto a la UNAB mas arriba)

  
Mientras tanto aquí lo mas cercano es la Federico Santa María, y aquí es todo lo contrario, que hasta egresad@s de ahí odian como los profes se creen dioses por rajar porque sí (ni siquiera por la dificultad abstracta, solo por poner ejercicios artificialmente difíciles) y que futuros mechones prefieran o estudiar mas para ir a la UC/UCH o irse a la PUCV/USACH que si bien tambien exigen no es tan cortacabeza y hasta puede tener vida universitaria, aunque en perspectiva l@s alumnis sansanos sean mejor vistos.

Os leo people.",negative
"algún sansano que se haya ido a la uch Hola, voy en segundo año ya casi terminando me atrasé con algunos ramos pero no tanto, ahora me inscribí  a la paes por un tema de que no me gusta la especialidad en donde estoy, estoy pensando en cambiarme a la uch, alguien sabe qué convalidan o cómo es el proceso?",neutral
"¿Ing. civil mecánica (Federico Santa María) en la casa central o campus San Joaquín? Ahora con los resultados de la paes me aseguro un cupo en ambos campus, pero tengo la disyuntiva de estudiar en Sgto. o ir a Valpo para estudiar en la casa central. Algún estudiante Sansano que sepa cual sería la mejor opción para estudiar que me ayude por favor.",neutral
"Transferencia USM -&gt; UChile Eso, ahora con los resultados de las postulaciones ví que quedé fuera de la Chile (tanto de bachillerato como de ingeniería) pero quedé en mi siguiente opción que era Astrofísica en la USM. No tengo nada en contra de la USM, sino todo lo contrario, respeto mucho a los sansanos, pero específicamente para lo que me interesa (temas relacionados a la astronomía), creo que la Chile/Cato son mejores opciones.

Entonces, venía a preguntar si alguien tiene idea de si sería posible eventualmente cambiarme a la Chile/la Cato, incluso si dando la PAES de nuevo no me alcanzara el puntaje, y si es que sí, cómo afectaría esto a la gratuidad. Por ejemplo, si quisiese pasarme a Ingeniería UChile y en vez de hacer la licenciatura en Astronomia me pasase a alguna ingeniería que dura 6 años (vs 4 de las licenciaturas), ¿Cuántos años tendría que pagar por mi cuenta? ¿Sería posible aplicar alguna otra beca del estado entonces?",neutral
