full_content,sentiment_label
Amenaza de tiroteo en campus de la usm ,neutral
Finalmente: Criptoquesitos afuera de la USM Sede Viña del Mar ,neutral
"Soy el estudiante que ""sapeó"" que en las redes estatales habían descargas P2P, AmA Soy un estudiante que va en tercer semestre de ing informática en la USM qué hace unos meses realizó 2 investigaciones respecto a redes estatales y descargas p2p [1](https://www.biobiochile.cl/especial/bbcl-investiga/noticias/cronicas/2022/02/22/de-peacemaker-a-eternals-descargas-ilegales-desde-redes-del-gobierno-bajo-la-lupa-de-contraloria.shtml) , [2](https://www.biobiochile.cl/especial/bbcl-investiga/noticias/de-pasillo/2022/04/07/el-triple-x-del-gobierno-descubren-descarga-de-peliculas-porno-a-traves-de-red-estatal.shtml), estuve hasta en el ministerio del interior hace un tiempo por el descubrimiento junto con algunos canales de TV.

Y bueno, quise hacer este AmA porque me gustaría responder preguntas sobre el tema y/o algunas random! 

Los Leo",neutral
"Resultados Best of r/Chile 2022 *(música de fondo* [*https://youtu.be/8yS5qiXpDOw?t=60*](https://youtu.be/8yS5qiXpDOw?t=60)*)*

¡[Bienvenides](https://i.imgur.com/wl2YJ4Z.png) a esta nueva ceremonia de [The Best of rChile](https://i.imgur.com/Qpf2PQD.png)!

Ya estamos casi a mitad de año, por lo que es un buen momento para rememorar lo mejor del 2022. ¿Cómo va este año rediturres? ¿Han cumplido algunas de sus metas propuestas? 

Más allá de eso, les traemos lo mejor de lo mejor, la creme de la creme. Desde las propias nominaciones hechas por ustedes y los mismos [votos](https://i.imgur.com/WajuiOR.png) que ustedes dieron, tenemos 5 categorias ~~que son casi iguales~~ con 206 votos validamente emitidos.

[!Gracias por todos los que fueron parte de este evento allá hace varios meses atrás¡](https://i.imgur.com/9iNGWUk.png)


Las categorías son:

# Mejor Shitpost

Cada año, entre invaluable y riquísimo debate filosofico y [cultural](https://i.imgur.com/KJQMcCc.png), sale uno que otro contenido que entra en la categoría de Shitpost. Aquí se escoge a lo mejor, ¿este mejor es el más mierda o el menos mierda?

Los finalistas son:


* [Huaso Elden Ring](https://www.reddit.com/r/chile/comments/td6bi0/meanwhile_in_the_lands_between_of_chile/)
* [Disfrazado de Pinochet en 8vo](https://www.reddit.com/r/chile/comments/y92z02/comment/it3z33u/?&amp;context=3)
* [El niño que estaba en primera fila para el evento del apruebo en Valpo](https://www.reddit.com/r/chile/comments/wzmhnw/no_les_voy_a_mentir_no_esperaba_un_auto_golazo/)



Entre estos competidores aquel que se lleva el copihue con el 31% de las preferencias, el mejor shitpost del 2022 es para: &gt;!El huaso Elden Ring!&lt;


# Mejor OC

Como la categoría anterior solo que aqui se supone que lo hizo el usuario que posteo. 

Los finalistas son:


* [Fonasa](https://www.reddit.com/r/chile/comments/vdtnr5/fonasa/)
* [r/Chile en r/Place](https://www.reddit.com/comments/twg4tx)
* [Conversación de Whatsapp sobre un arriendo](https://www.reddit.com/r/chile/comments/upgqs4/conversaci%C3%B3n_de_whatsapp_que_tuve_donde_la_due%C3%B1a/)

Con el 42.6% de las preferencias, el primer lugar es para &gt;!r/Chile en r/Place!&lt;


# Mejor Comentario

Cada año nos llevamos de las más elocuentes voces y ustedes escogieron a aquel comentario que quedará en los anales de r/Chile.

Los finalistas son:


* [El comentario de todos los lunes](https://www.reddit.com/r/chile/comments/10p1cst/ultimo_l_u_n_e_s_de_enero/j6i98dw/)
* [Una pregunta para la campeona regional de Yu-Gi-Oh!](https://www.reddit.com/r/chile/comments/uz3h93/soy_campeona_regional_de_yugioh_ama/ia84y4m/)
* [Sobre la amenaza de tiroteo en la USM](https://www.reddit.com/r/chile/comments/u6j0w1/amenaza_de_tiroteo_en_campus_de_la_usm/i58o4jq/?context=3)


Con 43.1%, el comentario más perpicaz, quien se lleva el copihue es &gt;!la pregunta a la campeona de Yu-Gi-Oh!&lt;


# Mejor Post

Entre un mar de inagotable creatividad, cada post de r/Chile 

* [Funa a gato de TurBus](https://www.reddit.com/r/chile/comments/us298w/hola_funo_a_este_weon_que_no_me_atendió_en_el/)
* [Pudú Shiny](https://www.reddit.com/r/chile/comments/t6spi4/avistamiento_de_pud%C3%BA_albino_en_cucao_chilo%C3%A9/)
* [Chile manda el primer nugget de Amogus al casi espacio](https://www.reddit.com/r/chile/comments/xsvqfi/chile_env%C3%ADa_el_primer_nugget_de_amogus_al_espacio/)

Con solo un 18.5% de las preferencias (que peleado señores!) el copihue se lo lleva &gt;!la funa al gato de TurBus!&lt;



# Mención Honrosa

Como en cada edición solo aceptamos post/comentarios de usuarios que se encuentran no-eliminados (para las nominaciones por lo menos) hubieron algunas pequeñas joyas que se perdieron en el abismo del [deleted](https://i.imgur.com/gqO77Tu.png).

Por ello queremos recordar con una mención honrosa dos publicaciones:

* Tal vez muchos recordarán el [AMA del Stripper](https://www.reddit.com/r/chile/comments/xvht6o/comment/) perdido entre nukeos y deletes. Será recordado en [nuestra memoria](https://i.imgur.com/yU26re9.png) como uno de los mejores AMAs del sub.
* [Una historia de esfuerzo y dedicación que muestra como reciclando se pueden lograr grandes cosas](https://www.reddit.com/r/chile/comments/umigx7/les_vengo_a_contar_una_historia_de_esfuerzo_y/)


# Mejor Usuario

Cada año celebramos al top 3 de usuarios en el sub. Sabemos que muchos lurkean, pero entre tantos comentarios siempre hay algunos usuarios que por una u otra razón son recordados. Es por eso que les pedimos que nominaran y votaran por aquellos usuarios que creen que deben obtener la codiciada Palta de Oro.

Este año los ganadores son:

* La palta de Bronce se la lleva aquel personaje que dice vivir en mansiones, con una vida llena de lujos y deporte, además de una religiosidad que convierte al págano que se le cruce en el camino. BROMA HOMBRE!!! Así es, la Palta de Bronce es para &gt;!u/proletarianpanzer!&lt; !!!

* Uno de los usuarios más antiguos del sub, que recuerda aquellos tiempos donde todo esto era campo y tiene una afición por cachurear en las ferias y hacer funcionar tecnología vieja. Así es, la Palta de Plata es para alguien que vuelve al top 3 &gt;!u/ozzraven!&lt; !!!

* Finalmente, un usuario también que lleva muchos años en el sub y supo darle alegria a todos por muchos meses cada lunes. Con una creatividad envidiable y una edición fantástica, supo darle un giro a la [pregunta](https://i.imgur.com/q2YHFKt.png) que todos los hacemos los lunes en la mañana. Así es, este año la Palta de Oro 2022 es para &gt;!u/UgaTEC!&lt; !!!

Los ganadores de esta categoría favor comentar para recibir su premio.


Así termina otra ceremonia de The Best of rChile. Esperamos que esta instancia haya servido para recordar y rememorar aquel 2022 ya tan [lejano](https://i.imgur.com/WEfqFr7.png). No olviden guardar post y comentarios para ser nominados a fin de año en una nueva versión de The Best of rChile [este 2023](https://i.imgur.com/b8FKCBM.png).

Desde el [equipo](https://i.imgur.com/0Amci1P.png) de [moderación](https://i.imgur.com/gzFQrxq.png) les [queremos](https://i.imgur.com/Na4mqWq.png) agradecer por su participación que hace posible encontrarnos con una ceremonia como esta. Sin ustedes nada de esto sería posible.

¡[Gracias](https://i.imgur.com/kr1ORrF.png) por participar!",neutral
USM presenta: Ingeniería en ingeniería ,neutral
"Siento que soy un fracasado y que no tengo las capacidades de nada, ¿y si mejor me suicidio? Buenas noches, soy nuevo en este sitio y estoy probando si alguien me puede orientar una ayudita sobre mi situación.

Les cuento, soy un estudiante de 21 años que está en la universidad actualmente, a los 18 años di mi PSU con un super buen NEM y Ranking (tanto así que obtuve el derecho también de estudiar con el CAE), aunque lo que me facilitó más entrar fue por la vía de admisión especial, estaba muy entusiasmado a entrar a la universidad ese día (USM) y muy feliz cuando me llegó la noticia que fui seleccionado, no lo podía creer.

Siempre he sido un súper buen alumno bueno para la computación, matemáticas y física, y es por eso que me incliné a Ingeniería Civil Informática.

Luego llegó la pandemia, a pesar de que uno de mis deseos era conocer más gente porque creía que podía tener más afinidad y gustos similares con ellos, no fue motivo para desmotivarme para por lo menos hacer una clase online de igual forma, ya que estaba feliz de haber entrado en la universidad. 

Apenas me tocaron los primeros días de clases en la universidad de forma remota me hizo que estuviese más o menos porque sentía que de esa modalidad no aprendía nada de nada, siempre habían problemas de conexión, y no estoy acostumbrado a aprender por esa vía y es ahí cuando mi salud mental paulatinamente empezó a empeorar...

Estaba esperanzado de aprender programación en la universidad cuando reprobé el ramo, a pesar de hacer el primer semestre aprobando los primeros cuatro ramos y el profesor me recomendó que des inscribiera uno para no atrasarme, me hizo sentir peor.

Y como mi salud mental, estrés, encierro me hizo empeorar, decidí congelar el segundo semestre del 2020 para tomarme un receso.

Volví el 2021 y me pasó lo mismo en el primer semestre, no aprendí nada y de nuevo congelé a mitad del semestre, cada día más confundido. Es ahí cuando acudo a un profesional médico para seguir una terapia, en donde ahora tengo rasgos obsesivos de que me va a ir mal a cada rato, que no tengo las capacidades, que soy un fracaso.

Durante el 2022 iba a volver en marzo presencial, pero todavía no estaba listo y tenía muchos miedos desde la pandemia, así que el médico me recomendó volver en Agosto en forma paulatina porque perdí el ritmo sin estudiar ya que estaba mejorando mi salud mental, hice el tratamiento para cambiar mis pensamientos y mi forma de ser y al fin y a cabo fue un súper gran avance porque ahora podía hacer cosas que antes por mi negatividad no podía hacer. 

Estaba entusiasmado cuando fue agosto, esperaba conocer gente en los primeros días y aún no se me ha dado la oportunidad, además soy muy tímido y siento que me trabo mucho al hablar y no tengo tema de conversación. Volví presencial a unas clases de Programación, Física y otros ramos, en programación el profesor fue super servicial conmigo y ahora le estoy agarrando más ritmo, pero no me pasó lo mismo en física, tuve una muy mala experiencia (y eso que era bueno en el colegio y en 3ro y 4to veía electivos de física y hacían pruebas sacadas de la UC), entonces traté de estudiar por mi propia cuenta ese ramo y siento que me cuesta mucho más que antes física, que ahora me demoro más en pensar y analizar los ejercicios, y eso que me puse la meta de estudiar 2 horas diarias por materia.

Entonces me volvió a desmotivar eso y ahora siento que no seré nadie en la vida, entonces no sé para qué sigo con eso si nunca tengo el resultado obtenido, y eso que estuve desde el 2020 y solo hice el primer semestre de ese año. Siento que soy un fracasado, no logré realmente al 100% lo que quería hacer, no puedo hacer nada bien y a veces cuando estudio me pongo nervioso y me duele el cuerpo anatómicamente por eso mismo, creo que no debo seguir viviendo más porque soy un estúpido, estoy poniendo presión a mis papás a pesar de que creen en mí y dicen que soy capaz, al igual que todo el mundo, pero yo no lo veo así. Mi única solución que se me ocurre o que a veces pienso es en el suicidio porque gente como yo no vale la pena. No sé que hacer con mi vida.",neutral
"Experiencias y opiniones de la USM? Contexto: estoy en 4to medio

Quiero estudiar ingenieria civil (electrica o mecanica preferiblemente) y varios me han dicho que si quiero ingenieria busque en la Federico

Hace rato la tengo como una opcion, el tema es que todos dicen el tipico ""no es que es muy cabezona"" ""no vai a tener vida"" ""puro estudiar"", pero todos siempre hablan de afuera sin saber mucho 

Asi que pregunto aca, los que estudian, estudiaron o tienen algun conocido que estudia, y los que no tambien. Que saben sobre estudiar en la USM?",neutral
"Mercado Laboral He visto por lo menos desde junio, que mucha gente, desde auxiliares de aseo, pasando por vendedores de retail hasta profesionales (y no malos, he visto abogados de la uchile, ingerieros de la usm) que no logran encontrar pega, hay pocas vacantes, una cantidad enorme de postulante y suelen ser mal pagadas

¿Objetivamente el escenario laboral esta mal?, tengo a mi hermano menor de 18 que precisamente ha pedido en retail, en pizzerias y comida rapida y no han llamado de ninguna parte, a diferencia de las veces anteriores que siempre lo consideraban.",negative
Porcentaje de hombres y mujeres por carrera en la USM - Casa Central [OC] ,neutral
"Consejos para hacer clases particulares Hola, soy un estudiante que está terminando segundo año de universidad (USM) y me gustaría tener un ingreso haciendo clases particulares de matemática o física (fui puntaje nacional de matemáticas en 2019). Solo he hecho clases particulares un par de veces en el pasado, a petición de mi familia para que ayude a alguien que conocen, pero nunca lo he buscado activamente, como sí quiero hacer ahora.

En su experiencia, cual es la mejor forma de ofrecer servicios de clases particulares?  Y que otros consejos tendrían para alguien como yo que quiere empezar (y que ademas es algo tímido y no muy activo en redes sociales)?

Igual creo que justo cuando esta terminando el año escolar quizas no sea la época de mayor demanda para esto xd",neutral
"Pregunta a estudiantes de ingeniería civil industrial (mucho texto) :( *resumen : Soy un ctm que copió pa pasar las mates, y ahora me cuestan muchos los ramos pq tengo que aplicarlas, y quiero enmendar el cagaso.*

Hola, soy estudiante de Ingeniería civil industrial de 3er año de la USM, y la verdad es que ando complicado, explico:

Yo en el colegio era el ctm que no estudiaba y le iba la raja, y en todo, la wea es que por eso no se estudiar, nunca estudié, nunca lo necesité, yo entendía todo en la clase. El tema, es que en la universidad es imposible aprender solo de la clase, pq es mucha más materia. la wea es que el primer año todo bien (excepto por un paro de 3 meses xd) pero pase mis ramos bien, las mates me costaron mas que la chucha, pero pase todo al final. El tema es que ya en 3er semestre, con pandemia, full online, clases como el pico, osea aprendía menos en la clase, estudiaba menos pq estaba en mi casa y toda la wea, entonces me costó caleta, y pase mate 3 copiando ( si soy un ctm, me lo recuerdo todos los días) . La wea es que, obvio, como no sabia nada de mate 3, en mate 4 pase copiando también, y después física 2 (electricidad y magnetismo) como que al final el hecho de tener clases online alimento mi flojera y busqué el camino más fácil y puta, ahora estoy en 3er año, con unos vacíos enormes por esas mates y esa física (todo lo demás lo he pasado honestamente), sin saber estudiar todavía, una conciencia como el pico, y me siento terrible atrapado y angustiado. Y quiero solucionar mi situación de alguna manera, me carga estar pasando a costa del resto. Tengo varias opciones: cambiar de U, de Carrera, tomar clases particulares, etc. y quería saber si algún alma benevolente podría responderme y guiarme a pesar de ser una escoria.

1. Si alguien es de la USM o de otra universidad sabe si, después del 3 año, necesito mucho las mates? se que obvio tengo que usar lo básico, integrales, derivadas, matrices probablemente, pero es mucho? o la verdad es que se vuelve más teórica la carrera? o necesitaría llenar ese vacío de conocimientos para seguir avanzando? adjunto mi malla, rayado con rojo lo que ya pasé o se que pasaré este semestre ( termo y electrotecnia me tienen complicado)
2. Tengo entendido que en la USM las mates tan cuáticas, y me di cuenta que no me gustan tanto como pensaba en el colegio, entonces mi duda es si es que en otra universidad (y en cual) la carrera de ingeniero civil industrial es menos enfocada en las mates, osea que los ramos que siguen, obvio tienen mates, pero quizás se van mas en la volá teórica, que se me hace más fácil a mi. ( ojo, no estoy buscando algo más fácil, pero en una de esas otra U tiene un enfoque que me acomoda más)(ojalá no sea muy cara, el arancel de la usm actualmente es 4.7 millones anuales, ojalá que no se aleje mucho de eso:( )
3. Si alguien por casualidad conoce sobre la posición de la universidad en términos de calidad según el mercado laboral. osea cuando le llegan los currículos a un wn en una empresa, los de USM son importantes, o son cualquier wea? o eso no existe? Es típico que dicen que algunas empresas onda agarran los CV de ciertas universidades la chile y la cato ponte tu, y el resto no los pescan, es un mito? sjksj
4. ¿Cuánto costarían unas clases particulares para poder ponerme al día con las mates? 
5. Cualquier otro consejo sobre metodologías de estudio, la carrera, la/s universidad/es u otra cosa es super bienvenido

No quiero que se malentienda, me gusta mucho mi carrera, o siento que me gusta, tampoco he tenido muchas experiencias cercanas debido a clases online. y para mi es importante que me vaya bien y entender las cosas. Cometí el error de caer en la tentación de copiar, y ahora estoy pagando por eso, y de verdad quiero enmendarlo, pero la situación me abruma mucho:(

pd: las mates en la USM son conjuntas, osea Mate 1 es calculo 1 y algebra 1 en un ramo, por lo que es caleta de materia

Sorry todo el texto, tengo 0 capacidad de explicarme en pocas palabras xd",negative
"Ingeniería civil informática USM vs PUCV Hola cabros/as, quiero estudiar ingeniería civil informática el próximo año entre la utfsm y la pucv. Soy de viña y no estoy seguro en cual sea la más adecuada :( 

Según experiencias que me han contado sobre la usm, las mallas son súper rígidas y es un ambiente individualista y competitivo ¿Qué tan cierto es eso? También me han dicho que la matemática y las ciencias son mucho más densas que en la pucv.",negative
"[Ayuda] Crédito Universitario con Banco \[M29\] Hola a todos los redditors!!, es mi primer post.  
Resulta que entré a la USM el 2014 a estudiar Ing. Civil Informática, por la situación económica de mi vieja, al presentar mis informes sociales, lamentablemente no me dieron el CAE, pero por mi buen puntaje PSU, me ofrecieron un crédito de pregrado en el Banco de Chile.

Obviamente no podía pagar la mensualidad, así que seguí estudiando con mi crédito, me daban un vale vista al año el cuál presentaba en la universidad y pagaba.  
Durante el 2018 tomé la sana decisión de cambiarme de universidad, aproveché de cambiarme a Ing. Civil Industrial ya que me convalidaban casi los mismos ramos y estaba medio desencantado con la informática. Entré a la UDP, en donde tomé de a 6 ramos por semestre y orgullosamente superé mi exámen de grado, egresando de la carrera en enero 2023 ( cuando me dieron la nota del exámen ).

Resulta que hace 1 semana me llega un correo de la SOCOFIN (cobranza del Bco de Chile), en donde debo 63 millones de pesos y que debo pagar en una cuota, resultaba que mi ejecutiva del banco no había hecho mi crédito de salida y llegó inmediatamente a la cobradora. Al llamar a mi ejecutiva me dice que sacará el monto y cuándo tengo que empezar a pagar. Me responde el día de ayer diciendome que el plazo del crédito se calcula descontando a 20 años, los años que me demoré en estudiar, por lo que me lo tira a 12 años, quedandome en una cuota de 750 mensuales por 12 años.

Esto obviamente me pilló descolocado, es básicamente el 70% de mi sueldo, y me inhabilita completamente para ya sea independizarme, ahorrar, etc..., lo que lo encontré inhumano, más aún con un crédito universitario. El contrato me lo dieron hace 8 años y he estado buscándolo a lo loco, pero no logro encontrarlo, mi ejecutiva del banco de chile me dice que como pasaron más de 5 años ya se destruyó el documento que firmé por lo que no me lo puede hacer llegar y ojalá lo encuentre.  


Qué puedo hacer en esta situación?, Me recomiendan tomar algún abogado?  
Será posible negociar con el banco de alguna manera? o esos créditos son más o menos fijos?  
He estado angustiadísimo estas últimas horas y no me encontraba así hace muchos años, espero me puedan ayudar en algo :(  
",neutral
"Título chileno sirve en el extranjero? Hola, actualmente estoy estudiando ingeniería civil industrial en la usm y quería saber si pescan ese título en el extranjero. Alguien de acá ha tenido alguna experiencia trabajando en otro país con sus títulos chilenos?",neutral
"Estaré estudiando en Chile durante el 2019, me gustaría hacerles unas preguntas acerca de mi viaje Buenas tardes!

Hace unos 2 meses pregunté en un thread semanal sobre realizar un post acerca de este tema y me dijeron que estaba todo correcto, que no me iban a apalear. Buena onda en general

Les paso a comentar, entonces. Soy un argentino que odia su país con todo su amor y quiere ir a Santiago a continuar sus estudios a un país como la gente. Quizás muchos de acá me digan que no coinciden con eso de que Chile no sea un ""país como la gente"" pero cuando visité durante este verano me encantó. Y la verdad, a diferencia de tener que convivir con argentinos prefiero estar solo para toda la vida.

En ese thread había ya hecho una pregunta que era fácil: Santiago de Chile o Valparaíso? Un 100% fue a favor de la primera opción, así que no lo pensé dos veces.

Voy a dar más contexto a esto porque realmente me gustaría toda la ayuda posible. Voy a estudiar en la Técnica Santa María (sede Vitacura) desde febrero a julio del 2019 (si hay alguien que vaya a dicha universidad les juro que soy amigable). Estudiaré 'Industrias' e 'Ingeniería Comercial'.

En base a esto, aquí van todas mis dudas/preguntas/etc.:

1) ¿Puedo trabajar en pasantía con mi visa de estudiante? En caso que no, ¿necesitaría una visa aparte Y, además, la aceptación de la USM? 

2) ¿Cuál es el promedio de materias que suelen hacerse en Chile? En Argentina varía mucho según la Universidad, pero el mínimo suele ser 2 y el máximo 5.

3) Para los que conozcan de la USM ¿cuántas horas semanales son por materia? Ejemplo: Macroeconomía 1 es una matería de 3 créditos, ¿eso significa que son 3 horas semanales o no tiene relación alguna?

4) ¿Mayor cantidad de créditos significa que más duran las clases o que son más difíciles? Realmente no entiendo mucho de este tema.

5) Viva Chile

6) ¿Cuál es una buena zona para hospedarse? Cuando visité Santiago durante el verano me quedé en Recoleta y digamos que no fue demasiado agradable. No digo que haya sido una fea experiencia, pero a la noche... las cosas se ponían un poco turbias.

7) ¿Son recomendables las residencias universitarias? Estuve averiguando sobre precios en algunas (solo me pude contactar con Livinn de momento) y los precios me parecieron realmente exagerados. Llegan a pedir unos 800 dólares mensuales, algo que está fuera de mi rango (aún si pudiese conseguir ese trabajo que les comenté no me alcanzaría para ayudar a mis viejos con el pago). En caso de que residencia &gt; arriendo de departamento, ¿alguien conoce alguna con un precio lógico?

8) ¿Cómo es el clima de febrero a julio? 

9) ¿Dónde conviene hacer las compras a un estudiante? 

10) ¿Suele la gente (sobre todo en medios de transporte) ser amigable con extranjeros? Me dijo un pajarito que los conductores de bus no son de lo mejorcito para eso.

Aunque solo puedan responder una pregunta ya me ayudan un montón :)

Muchísimas gracias!",positive
"Cuales son las mejores universidades para ingeniería civil en Santiago? Hola, este año doy la PAES y tengo planeado estudiar ingeniería civil (en obras civiles) en Santiago, con el gol de ser piloto comercial mas adelante. La ingeniería no es necesaria para esto, pero es mejor tener un titulo por la experiencia y en caso de que eso no resulte.

Ya he investigado pero aun no tengo muy claras las opciones, he escuchado que la USM es buena pero la vida estudiantil es pésima, y que la USACH y la UCHILE se la pasan en paro, luego están la AI, la Católica y la UDD, pero esas son caras obviamente y no tengo muy claro la calidad de la carrera en esas, por eso aun no tengo claro alguna en concreto.

Cualquier cosa que tengan para aportar me sirve, gracias.",negative
"Hola gente, me preguntaba si alguno podría ayudarme a elegir una universidad en donde estudiar Ing. Informática No se si este es el mejor lugar para preguntar pero es lo único que tengo. Debo decir que soy bastante ignorante en lo que respecta a universidades, por lo que he oído siempre dicen que la USM es la mejor en ingenierías pero quisiera saber que opinan ustedes.",neutral
"¿Donde estudiar para ser piloto comercial en Chile? Se más o menos las opciones principales, que serían la escuela Golden Eagle, la academia de ciencias aeronáuticas de la Usm y la escuela aeromet, pero de estas tres cual es mejor?

Alguien con experiencia en el tema que sepa o que pueda compartir más info en el tema, cualquier cosa se agradece.",neutral
"No me postule al FUAS 2021 Fui aweonao y quedare en bancarrota si me meto a la USM ? 

No entiendo nada help. Este año salí de 4to Medio y quiero entrar a la U y los aranceles anuales son de 2 hasta 4 millones.

El FUAS me habría ayudado bastante con varias temas economicos?",negative
"Consulta para informáticos Hace unos días hice un post preguntando cómo eligieron sus carreras los usuarios del sub, a raíz de eso estoy considerando salirme de mi actual carrera e irme al área de la informática, la cosa es que no quiero una carrera de 5-6 años (ingeniería civil en informática), y estaba considerando el técnico en informática en la usm de conce y hacer ahí mismo la continuidad a ing en ejecución de software en formato vespertino, teniendo el técnico.
Mi miedo y dudas van en que no tengo claras las diferencias entre ing civil/ejecución/técnico, y que si decido el camino del técnico-&gt;ejecución, estaré en desventaja frente a sacar la ingeniería civil, también el tema de post grados y eso :(",negative
"Ingeniería civil informática o Ingeniería informática? Buenas, estoy en 4° Medio y me toca elegir una carrera. Estoy muy interesado en Ing. informática (exactamente en la USM) y me tope que existe Ing. civil en Informática e Ing. Informática. Quisiera saber si vale la pena sacar la civil ya sea por los sueldos en comparación a la normal, oportunidades laborales y como es la pega en si. Algunos me dicen que la civil es como para ser el ""jefe"" y la normal como para el que hace la pega de terreno, no se si me explico jaja. De antemano muchas gracias ;)",neutral
"USM o UC? Alguien me puede recomendar a que universidad postular, me gustaría estudiar astro-ingeniería pero no estoy seguro a que U ir.",neutral
"Para los informáticos Hola, acabo de cursar mi primer semestre de técnico en informática en la usm, el tema es que estoy dudando bastante de la desición que tome al estudiar esta wea, sobre todo porque un profe nos dijo así textualmente que no llegaríamos a nada con el título, que si o si deberemos seguir estudiando, el tema es que no tengo idea de si las universidades convalidan cosas como para sacar una ingeniería o algo después o si mi profe de mierda desmotivador está equivocado, en estos momentos siento que la cague, y tampoco tengo los recursos para salirme y meterme a otra carrera y weas, ya sería la segunda vez si lo hago, no sé, que puedo hacer con el título si lo saco? Hay universidades en las que podría convalidar algo y no tener que estudiar 5-6 años más? Es tan inútil el título como dijo mi profesor? Debería salirme a la mierda?",negative
"Hola, soy brasileño, voy a vivir en Chile el Febrero del próximo año (Por favor, corrijan **cualquier** falta de español que yo haga)

Hola, soy brasileño y el próximo año tendré el placer de ir a Chile para un intercambio de un semestre en Valparaíso, en la Universidad de Santa María (USM o UTFSM, nunca sé cuál sigla usar)

Estoy planeando ya bastante cosas para mi viaje. Llego en Febrero y tendré que cuidar de varias cosas: encontrar un departamento (piso?) de estudiantes con gente que me caiga bien, obtener mi RUT, abrir una cuenta en un banco

Estoy muy contento de poder conocer y vivir en este país y espero hacer muchas amistades. Me gustaría pedirles algunos consejos:

- Primero, tienen algún consejo sobre cómo encontrar un departamento de estudiantes para dividir? Yo pretendo vivir con chilenos pues quiero entrenar mi español y, además, no quiero gastar mucha plata de renta. Si saben de grupos de Whatsapp, Facebook, etc. me ayudaría un montón.

- Segundo, necesito una cuenta en un banco. Me gustaría una cuenta gratis o muy barata, pero que, posiblemente, no me cobre para hacer cosas como pagar por retiradas/saques de dinero del cajero automático (ATM?). Cuáles bancos de Chile me recomiendan?

- Tercero, es sobre eventos culturales e ir de fiesta. Hay algún sitio o grupo donde yo pueda saber de eventos y fiestas en Valparaíso? Y qué tan gay-friendly creen que es Valparaíso y Chile, en general? 

- Cuarto, algún consejo más que me se les ocurre y quieran decirme?

Estoy muy feliz de poder conocer este país. Me encantaría que Febrero llegara pronto jajajajaja

Muchas gracias a todos!",positive
"PUC o USM? (Ambas en San Joaquín) Denme sus opiniones acerca de las dos. Es mucha la diferencia? Para estudiar física, siendo más claro",neutral
"Dudas sobre un area ""nueva"" y continuidad, cuenta tu experiencia Hola gente hermosa y no tan hermosa de este sub, tengo 26 y queria sus opiniones de gente más experimentada y no tan experimentada.  


Estoy terminando un tecnico ([este](https://portales.inacap.cl/carreras/Area-Automatizacion-y-Robotica/Tec-en-Automatizacion-y-Robotica/index)). Resulta que nunca he sido el estudiante más brillante y me cuestan bastante los numeros, por gracia (y desgracia) tras haber trabajado en pegas ~~de mierda~~  no cualificadas (8 años al ingresar, y si, de los 16 trabajo) y ver el trato hacia todos en general de quienes si tenian estudios por minimo que fueran decidí quemar mis ahorros en estudiar.

¿Que pasó? resulta que mi meta como la muchos imagino, es trabajar lo menos posible pero ganar algo que me permita desarrollarme a medida que escalan mis prioridades en la vida. ¿Que tan rentable se ve?  
Entré y me he quemado la mente  unicamente por la plata, por cosas del destino me terminó gustando y pensaba lo siguiente:  


* Como tecnico me puede ir muy bien, aunque soy bien ignorante del sueldo promedio a corto plazo. Entonces como mi meta es ganar plata pensaba en hacer una continuidad [acá](https://usm.cl/admision/carreras-vespertinas/ing-ejec-control-instrumentacion/), mientras se trabaja no se ve tan salado teniedo 3 clases a la semana y cosas que ""ya sé"". Pero leyendo por ahí, varios dicen que es mucho mejor irse a electricista para conseguir la licencia SEC A que se otorga solo a ingenieros electricos y afin. Esto no es afin, o eso entiendo por mucho que se vea arto cableado, calculos, fisica, etc. PERO ¿monetariamente cual rentaria más? (recuerdando que la idea es trabajar lo minimo por plata para ser feliz, no asquerosamente platudo)
* Otra opción de vida que tenia era ahorrar y ver si ganaba alguna working hollyday para ver si me quedo trabajando en algún lado y mandarle a mis hermanos chicos para que estudien. ¿Alguien a estudiado algo similar y se fue? ¿Que tan cotizado es fuera? ¿Porque el chileno inventa tanto nombre de carrera? Me a costado un mundo encontrar el bachelor degree equivalente y sigo dudoso.  
Mi ingles es decente, jugue  **albion online** ~~es un mmorpg no lineal en el que escribes tu propia historia~~ antes de ser un juego de compra-venta de divisas para paises tercermundistas y tuve la suerte de conocer gente muy linda que me enseñó en base a practica tanto oral como escrita el idioma. La meta seria Nueva Zelanda o el pais donde todo quiere matarte (meme).",neutral
"CIVIL INDUSTRIAL U. de Chile o USM Hola tenía dudas entre estas dos universidades y quería saber si me podían dar sus opiniones. 
PD: Hasta el momento me estoy inclinando por la chile. ",neutral
"Duda convalidaciones de universidad externa a PUC Buenas Tardes, quiero cambiarme de la USM a la PUC y tengo la duda entre la diferencia en cuanto a las convalidaciones en cuanto a la admision,  ¿ Tanto por admision regular via PTU o admision especial convalidan ramos o es solamente por admision especial donde te convalidan los ramos?  Gracias de antemano a quien haya hecho algo similar",neutral
"Ing. Civil química Usach Hola alguien que estudie ingeniería Civil Química en la usach y me de su opinión, soy de la usm y por salud mental me quiero cambiar. HELP p",neutral
"Duda sobre la comunidad universitaria en Viña/Valparaíso Soy un estudiante de 4to medio de Valdivia que el próximo año quiere irse a estudiar a la Universidad Federico Santa María y tenía una duda en relación a como son los estudiantes allá, porque me han dicho que la mayoría de los que se van a estudiar allá son zorrones debido a las universidades que hay en ese sector. Es esto verdad? Alguien que haya estudiado en la USM o en otra universidad de viña que pueda contarme su experiencia?",neutral
"Usm o usach para ing. Electrica/industrial Más que nada lo del título, tengo pensado en 2 años más estudiar ingenieria civil en electricidad o industrial, pero con un ""plus"", en su jornada vespertina ya que soy ingeniero de ejecución electrica.

Para los conocedores, alguna recomendación como que cosa debería saber, que tipo de asignatura son en las que se debe tener más atención y si la gestión de la universidad es ordenada, dejo la publicación tal vez para aquellos que van en 4to medio y se preguntan lo mismo.",neutral
"Alguien me explica las distintas miradas de Civil Industrial, se que la USM tiene una distinta a la U de Chile o a la UAI, que está más enfocada en procesos, pero nose a que se refiere y también desconozco las miradas de las universidades que mencione. #Help ",negative
"Emprendedores/as que hayan partido en una incubadora de negocios, les quiero preguntar sobre su experiencia Tengo una idea para una startup de base tecnológica y quiero buscar orientación sobre cómo llevarla a la realidad mediante una incubadora, o mejor dicho pre incubadora. Qué tan desarrollado debería estar para poder presentarla? Aparte estudio en la USM y por defecto consultaría con el 3IE.

También me gustaría leer sus experiencias, lo bueno y malo, qué incubadora escogieron y que lecciones rescatan. Los leo, gracias por su tiempo.",neutral
"Ayuda Cambio USM a PUC Hola a todos, me he estado planteando cambiarme desde la USM a la PUC, la PUC era mi primera opcion y la USM mi tercera opcion al momento de dar la la psu el año pasado pero por razones personales no rendi lo suficiente y me faltaron puntos por lo que quiero volver a dar la PSU  este año o Prueba de transicion, sin embargo quiero convalidar este año donde estare en la USM donde  estudio Ingeneria Civil Quimica, entiendo que en la PUC se comienza con un plan comun y luego se especializa. En mi caso,¿como se irian a convalidar los ramos en el sistema de la PUC, cuantos podre convalidar y como me afectaria en la cantidad de semestres en la PUC?",neutral
"¿Ingenieria civil industrial en la USM, PUCV o UAI? Buenas nochess, soy nuevo en esto de reddit siendo este mi primer post, asi que antes que nada me disculpo si etiqueto o me doy a expresar mal jajaja.

Mi pregunta no va mas allá que la del título, y ojala me puedan responder sobretodo quienes tengan experiencia en cualquiera de estas universidades, ya sea en la carrera precisamente o en alguna ingeniería afin. Soy viñamarino, por lo que estudiaría en las sedes de aca nomas, aunque en todo caso cualquier opinión es bienvenida :D",neutral
"Cambio de universidad (USM a otra) &amp;#x200B;

Buenas chic@s, les cuento: Soy mechón en Ingeniería civil informática en la USM, y claro, nunca esperé que la universidad fuera fácil, es obvio que tendría que cambiar mis hábitos de estudio y adaptarme a algo mucho mas difícil.

El problema comienza aquí, tengo amigos en diversas universidades y no veo absolutamente a ninguno con tanta carga académica, los veo jugando hasta altas horas de la noche, findes y demás, y no es que no sienta que no me la pueda, pero ¿realmente lo vale?

Ojala poder contactar a gente que se haya cambiado desde esta Universidad a otra, y que me cuenten un poquito su experiencia, estaría muuuuuuy agradecido 📷

Info: Soy de la región metropolitana, y en especial me interesa algo mas la UC y la UAI, pero como estoy estudiando con gratuidad creo que me queda 1 sola opción jaja.

Atte: Un mechón que no sabe que hacer",neutral
"Recomiendan la carrera ing. Civil metalúrgica en la usm Estoy recién saliendo de 4•medio y tengo muchas dudas respecto a que carrera escoger, por una parte me gustaría estudiar metalurgia pero también he considerado ing. Civil Industrial.
Sinceramente creo que sería más interesante metalúrgica pero industrial tiene un campo laboral más amplio.
Personas que hayan estudiado en la usm o que estén estudiando estas carreras, las recomiendan, son muy difíciles, es muy difícil el primer año?",neutral
Ingeniería civil eléctrica usm vs pucv [removed],neutral
"universidad para estudiar ingeniería civil industrial en chile? el próximo año me toca estudiar y no se cual universidad elegir para estudiar ingeniería civil industrial tengo entendido que si un ingeniero saca la carrera en una universidad penca no son muy contratados o solicitados  a comparación de una universidad top o tradicional  esto es verdad o solo es un tabú que tienen con las universidades ?

ya que siempre escucho o leo de gente diciendo que por penca que es una universidad no los contratan y otros que dicen que son de la chile  y aun asi no hay mucha diferencia hablando ya sea de infraestructura y profesores  entre otros

si estudio ingeniería como por ejemplo en la u mayor en ves de una tradicional como la chile o la usm habrá mucha diferencia profesionalmente mas adelante ?

&amp;#x200B;

&amp;#x200B;",negative
"Orientacion de u Hola chic@s, me termine echando ingenieria civil en informatica en la usm, quisiera saber que opciones recomiendan para continuar mis estudios, pues tenia pensado esperar 1 año y volver a entrar a civil, tengo la opcion de irme a otra sede a estudiar solo ingenieria en informatica, o ya derechamente hacer un tecnico. Tmb podria cambiarme a otra carrera dentro de la misma sede(arquitectura,idp) que piensan podria ser la opcion mas sabia, pues vi que es dificil que me acepten en otras u porque me eche un ramo de primer año. ",neutral
"Mejores universidades para Ingeniería Informática Wena cabros,me llegaron los resultados de la pesheú y estoy investigando cual es mi mejor opción para informática,tengo 4 universidades en mente,la Católica,la Chile,Usach y la Federico Santa María. A la usm y la usach entro cagado de risa,en la Chile estoy como 6 puntos más arriba del ptje de corte y el la cato no entro de momento(ojalá baje el ptje), afortunadamente lo económico no tengo mucho problema(aunque igual estoy viendo si puedo postular a becas y beneficios) así que lo que más me preocupa es cual de estas son las que tienen mejor desempeño en está carrera. De momento mi orden de postulación es 1-UC/2-Chile/3-Santa María o Usach, así que si pueden orientarme en esto les agradecería.",neutral
"Notebook para universidad y juegos casuales Holap, este año entro a ingenieria civil en informatica en la usm y bueno, llevo trabajando en una fruticola desde el 10 de dic y tengo ahorrado mas o menos 500k para un notebook,  tengo pensado [este](https://www.solotodo.com/products/50966-asus-vivobook-s15-s510un-i7-8550u-8gb-1tb-16gb-optane), pero resulta que yo como no se mucho del tema lo que hago es buscar reviews y estadisticas y en una pagina salia que no era una compra recomendada, y la cosa es que como trabajé caleta quiero hacer una buena compra y no arrepentirme jeje.

Como dice el titulo el notebook lo usaria para la universidad y para sus juegos casuales (isaac, lol, y quizas fortnite ya que un amigo me pide que lo juegue) , para mi lo ideal serian que dure harto la bateria, pese poquito, que tenga 8gb de ram y otra duda que tengo, ¿Es mejor comprar uno de 4 o de 8 gb de ram? en el sentido de que si sale mejor comprar el de 4 y comprar 4gb. ¿Es mejor?¿Sale mas barato?

No se si este post esta en el lugar correcto porque la verdad llevo ocupando reddit como unas 2 semanas :P

Gracias.",neutral
"Ingeniería civil electrónica en la usm o en la pucv? Hola cabros, apenas soy nuevo en Reddit y más que nada quería ver si me podían ayudar un poco.

Ahora mismo estoy en 4to medio y por ahora tengo planeado estudiar ingeniería civil electrónica. El problema es que no se en cual universidad estudiar, si en la usm, o en la pucv.

(Elegí estas dos ya que en ambas esta la carrera y también porque, según lo que tengo entendido, son consideradas como las mejores universidades para estudiar ingeniería en Chile)

He escuchado que en la usm el ambiente y los alumnos son muy competitivos entre si y que la u te hace cagar la salud mental pero que obtienes mejores oportunidades laborales al egresar, mientras que el pucv es más tranquilo y relajado. Pero la verdad no estoy seguro de que tan cierto será esto.

¿Qué me recomiendan?

Volví a escribir este post porque me di cuenta que en el anterior puse ing. civil informática y en realidad era ing. civil electrónica XD",neutral
MBA EN LA USM [removed],neutral
Inicie en Técnico en informática en la USM en concepción y quería algunas recomendaciones [removed],neutral
¿Estudiar o no Técnico en Ciencia de Datos USM (Universidad Técnica Federico Santa María)? [removed],neutral
Alguien que cache de Ing Informática en la usm? [removed],neutral
"Duda existencial wena los brocacochi. 1era vez que posteo en el sub y espero que alguno me pueda dar su consejo piola.

Resulta que estoy a portas de terminar mi carrera de T.U. en admin de empresas en la USM y me estan dando la opcion de sacar la ingeco en vespertino , pero he visto caleta de amigos y gente en el sub diciendo que esta mas o menos el tema de la empleabilidad.

A la par tuve un semestre afuera de intercambio en EU(1ra vez que sali del pais) y quede loco wn las ues afuera son dms pro. Frente a esto he considerado seriamente si me conviene sacar un bachelors afuera en Eu o USA respecto a gastar mas plata aca con un vespertino. Sumando tbn que tengo 25 años y me siendo relativamente viejo pa entrar a estudiar de nuevo :c. ¿Hay alguien en este sub que haya hecho el cambio de tecnico a sacar un bachiller afuera?¿cual fue su experiencia?. eso saludos cordiales: C:",neutral
Ingenieria comercial USM [removed],neutral
"buena gente, necesito asesoramiento, ojala alguien que trabaje en el area de la informática o que haya salido de la USM [removed]",neutral
programacion en la pucv o usm? [removed],neutral
Posgrado en UChile o USM? [removed],neutral
gente de arquitectura usm necesito su ayuda [removed],neutral
"Que bootcamp de programación recomiendan? Soy civil industrial de la USM de 28 años y me tinca irme hacia el lado de la programación para trabajar en startups.
Que recomiendan y cuanto cuestan?",neutral
"Transferencia USM -> UChile Eso, ahora con los resultados de las postulaciones ví que quedé fuera de la Chile (tanto de bachillerato como de ingeniería) pero quedé en mi siguiente opción que era Astrofísica en la USM. No tengo nada en contra de la USM, sino todo lo contrario, respeto mucho a los sansanos, pero específicamente para lo que me interesa (temas relacionados a la astronomía), creo que la Chile/Cato son mejores opciones.

Entonces, venía a preguntar si alguien tiene idea de si sería posible eventualmente cambiarme a la Chile/la Cato, incluso si dando la PAES de nuevo no me alcanzara el puntaje, y si es que sí, cómo afectaría esto a la gratuidad. Por ejemplo, si quisiese pasarme a Ingeniería UChile y en vez de hacer la licenciatura en Astronomia me pasase a alguna ingeniería que dura 6 años (vs 4 de las licenciaturas), ¿Cuántos años tendría que pagar por mi cuenta? ¿Sería posible aplicar alguna otra beca del estado entonces?",neutral
"Preparación de verano para la U Este año entraré a la U (Quedo casi seguro en Bachillerato UChile - Astrofísica/Ingeniería Física USM como siguientes opciones seguras) y quería preguntar por sugerencias de qué intentar aprender o preparar durante el verano para estar lo más listo posible al entrar.

En 4to medio tuve la suerte de que a mi profe de matemáticas se motivó, logró hacer un nuevo electivo, y pude pasar las primeras bases de cálculo I (sucesiones, límites, derivadas, y un poquitito de Integrales), a si que aprendí muchísimo en ese sentido, pero igual me gustaría estar más preparado.

Que este post sirva también para futura referencia si alguien se motiva a dar sugerencias generales o incluso para carreras que no estén relacionadas, demás que a más de uno le termina sirviendo.

&amp;#x200B;",positive
Udec o Usm para ingeniería civil informática [removed],neutral
"Bachillerato UChile o carrera directa UTFSM Lo del título. Ahora con los puntajes de la PAES, estaba revisando y no me alcanza para entrar directo al plan común de la Chile (culpo al NEM, 2020), pero sí para Bachillerato o cualquier carrera de la UTFSM (que es mi segunda opción real).

Después de Bachillerato planeaba pasarme a Ingeniería, pero ahora estoy pensando en sí valdría la pena ""ahorrarme"" ese año yendo directo a la USM. En la USM me interesan Ingeniería Física y Astrofísica (ambas son carreras bastante nuevas en la U, pero se ven entretenidas y no de lo más terrible en cuanto a campo laboral), y en la Chile por ahora tengo vista Ingeniería Eléctrica y Astronomía (sé que se pueden hacer ambas a la vez), entonces, venía a preguntar ~~en la infinita sabiduría de~~ r/Chile  por cuál opción me recomendarían tomar. Tengo una predilección clara ante temas de física/astronomía, y sé que eso es un tema igual fuerte en la UChile, pero no creo que sea suficiente como para descartar a la Federico.

A si que eso, si alguien tiene experiencias directas o de conocidos en alguna de estas (especialmente en Ingeniería Física/Astrofísica USM), sería de gran ayuda.",neutral
Estudiar en la USM y UAI [removed],neutral
"Ingenieria civil, Pucv o Usm? [removed]",neutral
"Carrera de Ingeniería Física Para los que conozcan la carrera, ¿Les parece que tiene algo de proyección laboral, particularmente sobre la licenciatura en física/astronomía? Estoy viendo qué poner como tercera y cuarta opción de carreras, y hace un tiempo me topé con la Ingeniería Física en la USACH y la Federico Santa María, pero no sé si realmente valga la pena.

Me interesa poder tener la opción de hacer postgrados para dedicarme a investigación, pero no sé si con ésta carrera sea suficiente.

Y en cuanto a la dificultad, siempre escucho que la USM es insanamente difícil y todo eso, aunque por malla, me parece más entretenida que la USACH (por la rama de Instrumentación, me interesa mucho trabajar en el rubro de Astronomía), además, en la USM terminas con licenciatura en ciencias de la ingeniería, mientras que en la USACH te dan una ""licenciatura en física aplicada"", aunque ni idea de cómo me pueda afectar eso en el mundo académico.",negative
"Hola, pa los nerds de la guitarra Wena cabros, vengo en busca de ayuda porque un amigo me pidió vender una guitarra que tenia tirada y desconozco su calidad y precio. Es una parker p-40 con unas hambucker duncan usm, es china y tiene su numero de serie y todo
Eso, agradecería orientación de los q le saben al tema",neutral
"Campo laboral técnico ambiental Hola, tengo pensado estudiar técnico en control del medio ambiente en la usm el año que viene, pude hablar con la jefa de carrera y me dijo que todos salían con pega de sus mismas prácticas. Pero quería preguntarles si alguien de acá sabe que tan bueno es el campo laboral por lo menos en la Región de Valparaíso",neutral
"Carreras Técnicas Hola! Como estai, espero q bien jiji soy un cabro de 23 años que quiere entrar a estudiar

&#x200B;

Mira te cuento, estoy viendo que estudiar... La verdad, me interesa mucho el área Industrial, estaba viendo carreras técnicas como:  


\-Técnico en Mecanica Industrial (USM)

\-Técnico en Mantenimiento Industrial (USM)  
\-Técnico en Electricidad (USM)  
\-Técnico en Automatización y Control

Esas cuatro Carreras son de mi interés, la verdad no he visto en Institutos Profesionales, solo he visto en la Universidad Santa Maria.   


Si me puedes orientar, dejar opinión, aconsejar o cualquier cosilla te lo agradecería un montón

&#x200B;

&#x200B;

&#x200B;",neutral
usm o udec? [removed],neutral
"donde estudiar ingenieria civil electronica?  hola buenas dias a todos
estoy en 4 medio y mi sueño es ingeniero civil electronico  pero tengo una duda muy grande, en que universidad estudiar la verdad soy de santiago y hay opciones como u mayor o utem aunque me gustaria irme a la cato de valpo o la usm de valpo
alguien que haya estudiado esto y opine o me de algun consejo??",neutral
Algún ingeniero civil de la USM? [removed],neutral
Es buena opción estudiar Ing Comercial en la USM? [removed],neutral
Deuda arancel USM [removed],neutral
Ingeniería civil informática en la usm [removed],neutral
"Matricula de asignaturas Hola, estudiante usm aca, termine primer año y estoy en periodo de matricula de asignaturas, pero la pagina es un absoluto desastre, mi duda es si voy ala u alguien de ahi me podría  ayudar con el proceso? O tengo que si o si hacerlo yo solo?",negative
de verdad es tan terrible la usm? [removed],negative
"Donde buscar trabajo en Chile Ya he visto varios post donde ponen que o no hay trabajo o tiran CV y no sale, etc, y me ha pasado con amigos que tirar CV es editar linkedin y listo, así que quería hacer una recopilación de bolsas de trabajo. voy a tirar algunas e iré actualizando la lista según vayan tirando mas datos:  


* [Universidad de Chile](https://externouchile.trabajando.cl/) \-- Acá he visto que los concursos llegan a quedar desiertos por falta de postulantes
* [USM](https://usm.hiringroom.com/jobs) \-- Aca postule solo 1 vez y no quede, pero si pase por las entrevistas, asi que rinde tambien  


&amp;#x200B;",negative
"Cuanto gana un ingeniero en aviación comercial? En la USM imparten esa carrera, la cual en corto te prepara para trabajar resguardando procedimientos de calidad o trabajando en el área administrativa de empresas aeronáuticas. Me interesa mucho para estudiarla, pero no logro pillar en ningún lado la empleabilidad o el sueldo promedio.",neutral
"PUC, UCH o USM? [removed]",neutral
"Ingenieria Civil Informatica en la ""USM"" [removed]",neutral
USACH v/s USM [removed],neutral
ingeniería civil telematica o ingeniería civil informatica en la USM? [removed],neutral
"""Limpiaremos Chile comenzando por ustedes"": USM denuncia amenazas de muerte contra docentes [deleted]",negative
"Cuál es mejor Beauchef o la Usm?? wena cabros quiero entrar a la u y necesito ayuda, a rasgos  generales, ¿Cuál es mejor?",neutral
¿PUC o USM en física? [deleted],neutral
"Ingeniería comercial USM/PUCV o Ingeniería en información y control de gestión UV. Bueno me estoy decidiendo por carrera y soy de la región de Valparaíso, quisiera saber qué pasa con la empleabilidad, cual es mejor, porque en foros que tu carrera.cl o mifuturo no sé no sé me hacen confiables, he leído que hay supuestos datos del SII pero no entiendo ni dónde se ven.",negative
Que opinan de la nueva carrera de ciencia de datos enla usm ? Aún no se que estudiar estoy entre esa o informática en el duoc . Está muy difícil que entre al técnico en la usm también por la lista de espera ,neutral
"Me trajeron a la fuerza a un evento de anime en la usm AMA Lo del título, estoy hasta las weas, si nunca han venido pregunten lo que quieran, no se pierden de nada.",negative
USM lanza rediseño de ingenierías civiles en diez semestres ,neutral
"Me eché 4 ramos en la USM y quedé eliminado. ¿Qué hago? Estoy estudiando un Técnico Universitario en Electrónica en la USM, y siendo mi segundo año, me eché 4 ramos este semestre.

Uno de ellos siendo Mate 2, que ya habia reprobado por primera vez el segundo semestre del 2023.

Este semestre fue horrible para mi en general, con la mayoria de marzo habiendo tenido problemas de ratones en el departamento que estoy arrendando y el resto de meses teniendo problemas personales (amigos, novia, familia, etc.).

Mi desempeño en el año académico fue, cuanto menos, callampa. No sentia la motivacion ni las ganas de levantarme siquiera a bañarme o alimentarme, mucho menos asistir a clases.

Esto causó que tuviera una asistencia a clases deplorable y muy poco entendimiento de la materia, lo cual derivó a que tuviera un rendimiento horrible en las pruebas, echandome asi los 4 ramos que ya dije.

He visto a varios compañeros que llevan más de 3 años en la carrera (carrera que solo dura 4 semestres curricularmente), pero creo que nunca habian estado en una situación como la mia, lo cual me hace dudar aún más de lo que me puede esperar.

El primer semestre fui un alumno a destacar segun los profesores, teniendo notas bastante buenas. El segundo semestre estas notas cayeron un poco, pero todas (menos Mate 2) eran suficientes para aprobar y un poco más.

He contado con la ayuda de varios profesores, pero el miedo a verme como un aprovechado de su bondad me impidió poder acercarme a hablar con ellos los ultimos dias de clases, ahora teniendo que solo contar con la ayuda de formularios oficiales y solicitudes formales.

¿Alguien tiene alguna idea de como poder salir de este aprieto?
",negative
Posgrado UChile o USM?  [removed],neutral
USM Valpo vs San Joaquin [removed],neutral
"Eliminaron a mi hermana de la u, que podemos hacer? Mi hermana esta estudiando la carrera de sus sueños,  pero la u ha sido muy bastarda (usm). 
El primer semestre se echo varios ramos. El segundo semestre tuvo problemas de salud y, a pesar de que no le dieron pruebas recuperativas para nada (incluso con justificativo médico), aprobó todos menos uno.
En la madrugada de hoy (31 de diciembre), le llega un correo que fue eliminada de la carrera sin explicar motivos. Había tenido que mandar un carta, por motivo del ramo que se echo nuevamente, como hace 1 mes, pero nunca tuvo respuesta. 
Lamentablemente la facultad en la que está no tiene un reglamento en línea, pero no cumple condiciones para ser eliminada según las otras facultades.
Fuera de lo penca que es mandar un correo así en víspera de año nuevo, quería saber si alguno de ustedes pasó por algo así? Como fue? Que hicieron? Que pasa con la gratuidad? En una de esas es un proceso automatico y en todo caso vamos a hablar el martes con la u. Mi hermana ya había informado su intención de cambiarse de u por la pésima gestión durante su enfermedad, así que era algo que ya estábamos mirando, aunque hubiera sido luego de dar la paes de invierno(o como se llame ahora).",negative
Udec o USM [removed],neutral
¿Cómo es estudiar ing civil informática en la USM de San Joaquín o en la uchile en la sede de Beauchef? [removed],neutral
Cambio de universidad (usm a otra? [removed],neutral
CONTINUIDAD DE INGENIERÍA A I. CIVIL USM/UTFSM [removed],neutral
"Que puedo hacer si me expulsan de la u Hola, buenas queria comentar mi situacion ya que necesito cierta orientacion en el tema, sucede que voy en la usm(stgo) y por una serie de eventos desafortunados ( de enfermedad y problemas familiares, mudanza ) me afecto gravemente en mis ultimas notas, lo cual hizo que me fuera a 2 globales los cuales no se si pase, la cosa es que uno de eso ramos lo estaba dando por 3era vez y el otro por segunda, que puedo hacer en caso de que me expulsen? Estoy muy desesperado y triste la vdd, pero asumo totalmente mi persona sobre las consecuencias, habra alguna posibilidad de que me pueda seguir quedando en la u? ",negative
Primer semestre USM no se salva y Quiero saber si me van a expulsar [removed],negative
"¿Por qué los aranceles universitarios han crecido sostenidamente los últimos años ? ¿Tiene que ver con la gratuidad ? Las preguntas del título. Estudio en la USM y cuando entré, el arancel estaba en 4.4M y este año está en 6.2M, lo más probable es que el próximo año esté en 6.8M. Se que en la católica, uchile y usach la tendencia ha sido la misma. La verdad es que investigue de forma rápida y no encontré nada, si fuera por inflación al menos los aranceles referenciales (valor con que el estado tasa la carrera) subirían de igual forma pero esto no ha sido así (3.7M 2019, 3.9M 2024). 

Además he escuchado que encima mi universidad está teniendo problemas de solvencia. Iniciaron un plan para subir las cátedras que son de 30 alumnos a 50 en sala y están haciendo despido masivo a profesores.

¿Algún entendido del tema podría explicarmelo?",neutral
"Cuantos ramos es normal echarse? Gente del reddit, estoy en primer año de ingeniería civil plan común en la USM y ahora mismo (A casi nada de terminar el segundo semestre) me eché fisica 110, el semestre pasado reprobé química (La puedo dar el próximo semestre) y matemáticas (La pasé este semestre), la cosa es, mis compañeros en su mayoria han reprobado maximo 1 ramo, entonces ando con modo depre por lo mismo, es normal echarse 3 ramos en una carrera, o realmente estoy siendo muy porro, (Me hice cagar estudiando los últimos 2 semestres y vengo de un liceo que vivió en paro).",negative
"Que harían si fuese yo? Últimamente he tenido un caos en la cabeza, les explico mi contexto, tengo 20 años, mi familia es de bajos recursos, tengo hermanos pequeños con dificultades de aprendizaje y en mi familia sabemos que su trabajo en la vida no será por el lado profesional… El tema es que antes estaba en una carrera humanista, muy saturada, me cambié a civil informática en la usm ya que en mifuturo.cl me llamó la atención la empleabilidad e ingresos, ahora estoy viendo como miles de personas están entrando a informática y el campo se está saturando, hacemos un gran sacrificio para que pueda estudiar, y no quiero que todo eso sea en vano para salir y ser un cesante ilustrado más, he pensado en perder la gratuidad nomas y cambiarme a medicina y sacarla con el cae, pero es una misión casi imposible, por mi nem y ranking la que más me conviene es la u mayor por las pruebas que consideran para la ponderación, pero tendría que sacar 950 en cada una, es muy complicado, la ultima vez que las di me saqué la chucha y llegue a 850 nomas. Estudiaría medicina únicamente porque garantiza empleabilidad e ingresos sólidos, ya la vocación me da lo mismo, no tengo vocación por algo en específico, personalmente veo los estudios únicamente como una inversión, sé que la usm es una buena u y todo, pero el futuro de informática no se ve muy prometedor, y medicina sería un todo o nada, no se que hacer, no sé si continuar en la carrera y esforzarme el doble, o jugarme la vida por medicina, estoy en un punto en el cual  no sé qué hacer, no quiero desperdiciar mi juventud, quiero que el sacrificio realmente valga la pena, no sé qué harían ustedes, o si tienen algún consejo que dar, eso gente, gracias por leer.",negative
"No sé si soy buena en matemáticas  Muchas veces a la semana estudio matemáticas, no específicamente para sacar buen puntaje para la PAES, sino para nivelarme en mate. La cosa es que en mi Preu (el filadd) los ejercicios en los ensayos de los ejes se me hacen muy complicados, tengo que muchas veces usar la IA que te deja usar el ensayo para poder hacer problemas (Gen IA creo). Últimamente he empezado a tener problemas de seguridad con mi inteligencia en matemática, trato de no prestarle atención y convencerme que siempre me saque buenas notas en el colegio (saldré con NEM 6,7/6,5). 

Mi mamá es profesora de matemática en una U buena y es exageradamente buena en matemática, hace ejercicios por diversión, razona muy bien, hizo una investigación en dónde creo una ecuación para explicar algo e hizo lo mismo en su tesis. Así que quiero al menos ser decente en matemática, Pero en todos los ensayos de la usm, cpech y filadd me saco entre 350 y 480 puntos, Pero cuando hice el expediente secreto de M30M (preguntas reales de la PAES) tuve de 26 unas 23 buenas y las hice rápido. Así que mi problema es matemática en si.

Mi pololo me dice que debo descansar al menos dos o un día a la semana, porque si no, no podré hacer bien los ejercicios y me costará pensar. Se que tiene razón e intentado no estudiar un día, pero cuando lo hago termino dejando de estudiar como 3 o 4 días, porque me da miedo hacer ejercicios normales sin saber toda la teoría. Si se preguntan mi mamá no me puede ayudar mucho, pues está mucho rato en la u y llega a responder correos y corregir pruebas, le ayudo en cosas que no entiendo su razón o ejemplos (como inecuaciones). 

Quería preguntarles por donde debería empezar a estudiar, si hay videos en Youtube o como puedo mejorar el razonamiento de problemas 🫠",negative
"Miedo a no tener tiempo en la universidad Hola, queria preguntar por esto, es tan terrible como se dice que aveces no hay tiempo para nada o uno debe saber hacerse su rutina y asi tener tiempo de ocio-pasatiempos-salidas con amigos etc, pienso estudiar alguna ingenieria del tipo industrial,informatica, electrica y tal vez como opcion mecanica-mecatronica en alguna universidad bkn y tradicional como la puc, beauchef, la usach o usm, mi pregunta es si depende de la u que tan brigido sera todo, o la ingenieria escogida, o que factores pueden influir. ",negative
"LA ACREDITACIÓN DE LA CNA es realmente confiable? Bueno gente ya mucho post de que universidad puedo elegir y esas cosas.

AHORA tengo una duda que me surgió justo antes de dormir anoche, bueno , como ven en el título , es sobre si la acreditación que lleva a cabo la CNA y todo ese proceso, es realmente confiable?

Y por qué preguntó, bueno como saben estuve poco menos de un mes en la Udla , la cual está acreditada por 5 años, pero bueno , la encontré mala etc (toda mi experiencia en el post que hice de eso) y pensé ;

""la wea mala si , y está acreditada 5 años...como serán entonces las universidades acreditadas 6 años , como la Usm, Udp , UAI , Unab?? ""
 Ya que en cuanto a años de acreditación no hay ""casi"" diferencia... solamente un año.

Y por lo mismo me surgió la duda si realmente es buen indicativo basarse en los años de acreditación de una universidad, ya que la misma Udla saca pecho esa cosa y por ende entran más y más weones ahí.

Otras universidades como la U mayor , UCEN , Uah , creo que no son tan pencas como la Udla.....NI SIQUIERA LA UTEM que está en 4 años...

Que opinan ustedes?",negative
"Quien es el súper mechon? Llevo tiempo leyendo en esta comunidad y me he topado con varios comentarios cada tanto que hablan del ""súper mechon"" de la usm, me da risa la expresión pero me surgió la duda real jsjsja, es real el súper mechon? O es una wea que se inventaron los de la santa maria? ",neutral
"Ciencias de la computacion o ingenieria civil informatica? Bueno, lo que pasa es que ya quedan pocos dias para decidir que estudiar y estoy entre estas dos carreras; Licenciatura en ingenieria en ciencia de la computacion en la PUC [https://admision.uc.cl/carreras/licenciatura-en-ingenieria-en-ciencia-de-la-computacion/](https://admision.uc.cl/carreras/licenciatura-en-ingenieria-en-ciencia-de-la-computacion/), o Ingenieria civil informatica en la USM [https://usm.cl/admision/carreras/ingenieria-civil-informatica/](https://usm.cl/admision/carreras/ingenieria-civil-informatica/), quisiera saber cuales son las principales diferencias y cual seria lo mas conveniente para mi, ya que mi plan es trabajar en un futuro en algo relacionado con la programacion mas que nada, me gustaria trabajar para alguna empresa gringa y luego irme a EEUU, por eso tengo el ojo en la licenciatura, pero no se si valdra mas estudiar 2 años mas para sacar la ingenieria civil (se que dura 5 pero dudo que lo saque en 5 teniendo en cuenta la dificultad de la USM), o 2 años de exp ya con la licenciatura, que seria un computer sciencie degree para los grigos, si alguien me podria orientar porfavor, muchas gracias",neutral
"Ingeniería Comercial en la UCH o la USM? Hola, este año me salí de comercial en la UC debido a que no me sentía bien ahí, nunca encajé socialmente y nunca hice un grupo de amigos o algo por el estilo lo que hizo que odiara la universidad y no tuviera ningún tipo de motivación por la universidad. Daré la PAES para entrar el 2026 pero no sé si elegir la UCH o la USM, no quiero algo muy enfocado en economía pero si una malla que me entregue herramientas que pueda usar para el mercado laboral futuro, me da miedo la dificultad de la USM (he hablado con personas que dicen que las mates son rajonas pero ramos de carrera son llevaderos) también me da miedo la dificultad de la UCH (segun yo es más dificil en todas las areas) y también me da miedo no encajar de nuevo. Cuál debería elegir? (Soy mujer)",negative
"Libros de cálculo??? Buenas, quería consultar si es que alguien me pudiera comentar que libros son piola para estudiar cálculo (de una variable) ya que me ha parecido divertido e interesante 

Tiendo a ser alguien que se inclina más por analizar y entender a que ser más práctico en cuanto a la mate y estoy planeando estudiar el plan común de la usm para ver qué tal 

Eso! Porfavor y muchas gracias de antemano por todas las respuestas! ",positive
"Estudié técnico y no sé q estudiar ahora pa complementar Holas, como dice el título, estudié tecnico universitario en electrónica en la usm, y quería meterme a ingenieria en la cato (pq supuestamente ahi si me convalidaban ramos, no como en la usm) y resulta q entré y no me convalidaron nada. Al final salí de la carrera y me metí a trabajar, porque no me iba a meter a estudiar otros 5 o 6 años pa salir de ingeniero a los 30 y tantos sin experiencia po, niun brillo.

La cosa es q no cacho q tan rentable seria seguir la ingenieria, pq igual podría estudiar ingenieria en instrumentación de vespertino en la usm, el tema es q trabajando y estudiando me quedarian como 4 horas de sueño XD. También podría tomar un postgrado, pero ahí cacho menos como hacerlo o que estudiar.",negative
"Ing civil ¿Matemática? Esta carrera me tiene en la duda, desde que la descubrí quiero estudiarla, pero no se realmente cual es el campo, area de desempeño, ni empleabilidad, de hecho apenas se para que sirve, tampoco sesi es muy dificil entrar, tengo promedio 6.6+ sin estudiar nada en 3o medio, tengo 2 electivos de mates y , segun mis profes, si estudiara algo (y no me equivocara leyendo mis jeroglifos desordenados) me iría a puro 7 :d soy nulo pa historia, biologia lo pase con promedio 2.9, como para contextualizar. Muchas gracias a todos por adelantado. El objetivo es ir a la usm :b",neutral
"Usm y Udp, una gran diferencia? Hola gente, ya estamos a poco más de un mes para la paes de invierno, y bueno , he estado viendo ing Civil industrial como carrera para estudiar y sinceramente creo que eso es lo que más me llama la atención hasta ahora (llevo desde marzo) así que probablemente esa sea mi elección.

Sin embargo la universidad es algo que sigo evaluando, la Uch y la Puc no son opción.

Estuve en el debate de Udp Usm y Usach, pero sinceramente me gusta más la Udp que la Usach, por lo que quedaría el orden así ;

Usm / Udp
Usach

Bien es verdad que la Usm ES EXCELENTE en ingeniería y la Udp bueno...no es de los fuertes de la universidad, sin embargo para tomar una decisión estuve viendo que este año sale la acreditación de ingeniería, no se si tenga alguna importancia real, pero estaba viendo si esperar a ese resultado para seguir tomando la decisión.

He escuchado que la Usm es brígida y la salud mental y que los compañeros no eran lo mejor, y de la Udp lo contrario, solamente que ingeniería no es uno de los fuertes de la U.

Por gusto personal me iría por la Udp , pero se que es mejor por mucho la Usm , entonces no se que podría elegir realmente. (La Usach no está al 100% descartada si)

Quiero saber sus opiniones.",neutral
"Como está el campo laboral para un matemático? Como dice el titulo, quiero estudiar esta carrera porque solo me gustan las mates, sin embargo no se que se puede hacer con el licenciado de este, no me complica hacer magister pero creo que son 3 especialidades que son ing matemático, estadístico y profesor. Mis otras 2 opciones es ing civil matemáticas en la USM o ing civil en matemática y datos acá en Rancagua",neutral
"Opiniones de la USACH para estudiar ing. mecánica Buenas, salí el año pasado de 4to medio y este años voy a volver a dar la PAES, para rendir la M2.

Quiero estudiar ing. mecánica y tengo como opciones la USACH, USM y la Chile. Estaba haciendo números y me di cuenta que con lo que saque y sacando como 500pts. entro volando a la usach, entonces, quería saber si es buena casa de estudio o mejor por otras.",neutral
"Más difícil la Usm o la Uch en Ing Hola mi gente, el otro día estaba hablando con un amigo que entró este año a Ing en la Chile, he visto y me ha contado que ha estado bien sumergido en los estudios y que no tiene tiempo para nada, bien dice que igual es porque debe aprender a organizarse con temas de estudio y todo , pero x. 

Cómo dice el título, estuve hablando con ese amigo mío y le dije que la chile debe ser la universidad más difícil en ingeniería al menos (por lo que debía ponerle weno) y me dijo que el creía que la Federico era peor ,  le dije que no tenía idea la verdad, que supuestamente está un poco exagerada la dificultad de la Usm y así .

Por lo que quiero saber sus opiniones de sí la chile es más difícil que la Federico o al revés, obviamente en ing.",negative
"CAE Universidad técnica Federico Santa María Saludos, mi hermano entro a la USM, tenía el plan de pagar la universidad con el cae pero esta universidad tiene un requisito, promedio arriba de 6.0 en la media para poder usarlo en la universidad, saben algo acerca de esto? (siquiera si es legal hacerlo), Pregunte en admisión USM y me dijeron que es algo nuevo, pero que si, mi hermano no podía pagar con cae porque su promedio en la media era menor aún quedando seleccionado en la carrera, que esta regla era algo nuevo en la universidad, por ende debe pagar el arancel sin ningún tipo de apoyo, ni siquiera el cae.

https://preview.redd.it/e8dlkwiwifee1.png?width=823&amp;format=png&amp;auto=webp&amp;s=73518e8d050ce4cbd1f93a871f2e28a753e18748

",neutral
"Me aburri de mi carrera (desahogo) Esopo, me aburri de mi carrera. Me meti a  tecnico informatico en la usm y me aburrio, siento que es como el colegio, no muy desafiante, estudiar lo que pasan, dar la prueba y eso, me ha ido bien, no perfecto pero si bien, pero me aburre. Creo que cuando tuve que postular a las carreras postule mal y aki estoy pagando eso. Ya he leido tanto de los problemas que me los se, la empleabilidad es un problema general debido a que los estudios profesional estan aumentando, que el desarrollo economico chileno y mundial no estan favoreciendo y eso. Pero no se, solo quiero tener seguridad y algo mas desafiante, estaba pensando en salirme de la carrera (solicite hora con una asistente social), y prepararme para la paes, aunque fui un humanista que nos pesco los numeros en su momento, ultimamente me ha estado yendo super con los numeritos, asi q siento q si le pongo empeño puedo llegar a algo, sin embargo, si lo logro no se que carrera elegir, estaba pensando en electrica pq escuche q tiene buena empleabilidad pero no sepo, q wea mas vacia que simplemente eso, no se ni que hace, y en eso estoy mas o menos.

Como q mis preguntas en mi cabeza son ¿vale la pena sacar un misero tecnico informatico? Es la usm si... pero ni q fuera la gran cosa hay weones q estudian 4 años o 5 años en distintas instituciones o en la misma y van a tener mas peso q yo, he intentado investigar sobre el tecnico pero es super vacio, lo mas relevante la empleabilidad que tiene en mi futuro. 

Si finalmente me decido por salir al no ser algo seguro, y si me da el puntaje q (por lo menos en historia no me tendre que preocupar), entrare a una ing civ en la usm, pero ¿cual ingeniera civil sera mejor? Creo saber que por lo menos una ing civ es el camino por querer mas dificultad, querer aportar a la sociedad pero tambien al tener la empleabilidad necesaria como para no estar cesante toda mi vida (algo que con la carrera que queria estudiar de un comienzo lo mas seguro nunca lo hubiera podido lograr), al final creo que ese sera el factor que dicte mi futuro profesional, la empleabilidad. 

Pero no se eso, que opinan de mis pensamientos, esto es un mas desahogo porwue tengo claro q los amigos estan chatos de estas cosas, sin embargo, supongo q para esto iwal sirve, iwal ojala sirva para encontrar otras personas que se encontraron o se encuentran en la misma situacion, o gente q estudio el tecnico de inf o simplemente gente conocedora de estos temas y ojala hablennn :v, esopo chao buenasnoches zzz.",negative
"Ingenierías de ejecución Federico Santa María Holaa, vengo aquí para leer sus experiencias personales o de cercanos respecto a estudiar alguna ingeniería de ejecución en la USM 
Actualmente estoy en la universidad de atacama sacando un técnico en automatización industrial y quiero irme a viña a la USM a realizar la continuidad a ing de ejecución en control e instrumentación industrial
La UDA siento que no me da el reto que busco en los estudios, siento que no estoy aprendiendo tanto y he tenido ramos con notas 6.9 dónde con cuea estudié, siempre he escuchado que la USM es muy exigente y quisiera saber si esto aplica igualmente en las ingenierías de ejecución, que se imparten de forma vespertina
También si es que alguien haya sacado esa carrera y me diga cómo le va en el ámbito laboral, sería bacán 
Les leo 👁️",negative
"Ingeniería Comercial USM Vespertino (Advance) Hola! Estudie una wea humanista que tarde o temprano limitará mi techo laboral. Así que quiero desde ya ver opciones de 2° carrera. En general las ues que ofrecen cosas vespertinas u advance, son ues re malas, pero encontré que la USM ofrece comercial en 3 años. Me gustaría escuchar experiencias más que nada post egreso, realmente vale la pena? cuánto están ganando? en que áreas están trabajando? cómo están versus ingeco uch, uc, uai, etc?

Mencionar que sería presencial todos los días (campus Vitacura), 11 meses al año, me haría MIERDA físicamente y mentalmente, debiendo más de 15 palos, pero si el escenario laboral lo vale, estoy dispuesto :)

pd: mientras estudio estaría trabajando. de referencia trabajo en mkt digital, gano 1 palo aprox, pero busco poder trabajar en áreas de mejor paga como finanzas, operaciones o analytics. en la u tuve cursos de economía, finanzas, etc. Me encantaron, pero igual los pasaba con 4.5 - 5, tampoco me iba tan bien, y eso que eran cursos más ""fáciles"" que sus similes de comercial  ",neutral
"Usach o Usm? Ingeniería Mecánica Hola amigos como están?? Quisiera resolver una duda….

Tengo pensado hacer una continuidad de estudios, trabajo en el norte y estoy por terminar mi carrera técnica (online) y quiero hacer continuidad de estudios en las carreras de Ingeniería en ejecución mecánica (Usach) o ingeniería en mantenimiento industrial (usm)

Alguien que esté en alguno de estos programas vespertinos que son para gente que trabaja me pueda ayudar o orientarme les aviso que del colegio no tengo buena base de matemáticas por lo que estoy claro que tendré que pagarle a alguien para que me enseñe y ayude.

De antemano muchas gracias",neutral
"Estudiar Ingeniería en electrónica en el Inacap o ingeniería civil en electrónica en la usm Ando muy ansioso pensando en dónde estudiar; he estado leyendo en dónde puedo sacar mis estudios. La cuestión es que este año me dedicaré a estudiar y sacar un técnico en electrónica en el Inacap, más que todo para tener una base porque fui muy porro en la media.

Pensaba en sacar mi TEC + ING + magíster en electrónica en el mismo Inacap y el magíster ver en dónde lo saco. He leído que es difícil sacar el magíster, pero no imposible (son 6 años en total). Desde luego, Inacap no es lo mismo que una universidad; lo digo más por la licencia,  la malla, el prestigio, etc.

Lo otro es el TEC en Inacap y luego sacarme la ING civil en electrónica en la USM (acá son 7 años). No tengo PAES; pienso sacarla cuando ya casi esté terminando el TEC, pero el problema es que me preocupa un poco el empleo, la dificultad y si obtendré el título.

Si me equivoco en algo, me recomiendan algo o saben alguna manera para la cual prepararme mentalmente y físicamente para la USM, tipo tips para estudiar o cosas así, jaja.",neutral
"Ing civil telematica usm Hola a todos, viendo los puntajes de la usm no me alcanza para informatica pero si para telematica, mi plan es estudiarla y despues pedir el cambio a informatica, ustedes piensan q es buena idea considerando la dificultad de la usm, o mejor me voy a estudiar informatica al campus central de valparaiso y ahi despues pedir cambio de sede?",neutral
"Debería entrar a la USM? Holaa, estoy pensando en ingresar este año a la USM en ingeniería civil informática, estaría entrando a la casa central de Valpo ya que ahí es donde estoy viviendo. 
Pero, el próximo año me voy para Santiago, por lo que tendría que pedir cambio de sede. 

No pude encontrar mucha información sobre el traslado, por lo que vengo a preguntar si alguien sabe cuales son los requisitos para hacerlo? 

Necesito tener un puntaje paes mayor al corte de allá? (porque no lo tengo)",neutral
"ing civil industrial pucv holi, m gustaria saber si las matemáticas y física en esta carrera son muy difíciles 😭😭 m considero una persona mas humanista pero todas mis otras opciones o están saturadas o pagan mal, me va bien en matemáticas (estuve 1 año en la usm) pero tampoco quiero una carrera tan complicada en esa area ya q tampoco soy muy fan, ayuda!!!",negative
"Chicos me dan miedo :v Bueno, la verdad es que por obligación me tengo que ir a la U de Rancagua ps, una universidad nueva y que tiene convenio con la UCH. Tomaré ing civil y veré al 2do año si tomo eléctrica o computación, se que son distintas y se a lo que llevan (para que no piensen que lo hago sin saber).
La cosa es que veo mucha gente de otras y como la PUC la UCH, USM entre esas que tienen muy satánizado si no estudias ing ahí, y que si estudio en otra tendré sueldos malos algo asi. No crítico a nadie, sin embargo quiero saber si esas críticas que he visto es en su mayoría, a mi no me gustaría vivir en Santiago toda mi vida, eso es un punto. Pero no quiero ser millonario, solo quiero vivir en mi parcela con mi casita y mi auto quizás en el SUR. Tipo Valdivia o Puerto Varas. Ojalá no se peleen o se enojen conmigo por lo dicho pero he visto como que dices esto y mucha gente se ofende de la nada. Gracias y paz",neutral
Ing civil eléctrica en la puc o usm (valpo)  [deleted],neutral
"Debería estudiar ingeniería civil? Hola, estudie tecnico universitario en electrónica en la USM, y la verdad no encontré un buen camino pa seguir con la ingenieria en electronica, así q estoy pensando estudiar Ing. Industrial en la Unab, son 8 trimestres y la verdad se ve bien, pero no sé realmente si me complementa con lo que ya estudié y si me abrirá puertas en un futuro.",neutral
"Vale la pena prepararse para la puc? Estoy bastante corto de tiempo con el colegio, tratando de mantener y subir mi nem, además del preu. 
Pensaba en meterme a la la usm en astrofisica, pero he leído a mucha gente diciendo que es demasiado exigente y en general asustando bastante x varios motivos. 
Pensé en ver como me va y darme un año de estudio para entrar a la Pontificia en Astronomía, pero no se si valga la pena, o si pueda quedar en primer lugar. 
Tampoco sé si la usm sea tan mala/sufrible como la pintan. ",negative
"Continuidad de estudios INACAP Este año me titulo de INACAP y, por razones creo obvias, me gustaría seguir estudiando para obtener un grado académico en alguna universidad. Antes de INACAP, cursé un par de años en la USM, pero eso fue hace tres años, y no sé si aún puedo convalidar esos ramos en algún lado.

¿Existe alguna universidad donde el título de INACAP me permita convalidar asignaturas y ahorrar al menos un par de semestres para obtener una licenciatura?

",neutral
"Pagar una carrera universitaria Buena gente! ¿Cómo están?

Este año tengo la intención de ingresar a la Universidad a estudiar Ingeniería en Mantenimiento Industrial en la USM. Soy técnico en Mantenimiento Industrial del Santo Tomás, y llevo ejerciendo mi carrera desde hace 3 años. Cuando comencé a estudiar como técnico, me prometí que, después de adquirir algo de experiencia laboral, seguiría con la ingeniería.

Mi duda es que postulé a los beneficios del estado (FUAS) para acceder a la gratuidad o al CAE. Realicé la postulación al FUAS y, cuando salieron los resultados, me notificaron que debía hacer una acreditación socioeconómica. Ya la completé, y la asistente social me dijo que debería estar atento a la fecha del 11 de marzo. Sin embargo, veo poco probable recibir alguno de esos beneficios, así que me estoy mentalizando para tener que pagar la carrera sí o sí.

Mi inquietud es que varios de mis amigos de la pega y de la U están estudiando gratis, y me siento un poco tonto por tener que pagar la carrera. Sé que es una wea mea estúpida o quizás no. Pero ustedes que opinan sobre pagar una carrera 💰 
La carrera dura 3 años y el arancel es como de 4.600.000 


",neutral
"estudiar un año y hacer la prueba de nuevo buenas, como dice el titulo, llegaron los resultados de postulación; me tomé un año sabático por uno de los varios episodios depresivos que tuve (siendo este el mas severo) estuve con anti-depresivos hasta mitad de año, periodo en el cual los efectos secundarios me dejaron como zombie y mi capacidad cognitiva se vio reducida, no pude retener bien todo el contenido para la prueba, estudie 3 meses estando mucho mas lucido e igual pude salvar algo la prueba. Mi objetivo fue y es que estudiar ingenieria en la chile, de segunda opcion y donde quede finalmente, la pucv, ya que si bien es una buena opción, es mucho mas humana y tiene menos carga academica que la usm, para así prepararme de nuevo para la prueba e intentar quedar en la chile, nuevamente, mis papas me dieron permiso para dar la prueba de nuevo siempre y cuando entre a la u.
Necesito consejos de material de buena calidad para preparar la prueba, especificamente en m2 y física, y que sea gratuito, voluntad hay ya que ha sido mi sueño estudiar en la chile y no dejare que un fracaso me haga desistir; acepto consejos!",neutral
"Ayuda con lista de espera Como se si es que corrió la lista de espera (de la USM), me van a llamar? O tengo que revisar alguna parte? Es que quede segundo lugar en lista de espera y me da miedo quedar fuera por no saber como hacerlo.",negative
"Estudiantes de la facultad de ingeniería en la USACH necesito de sus recomendaciones. Muy buenas tardes chicos, vengo a preguntarles acerca de su experiencia y que tipo de material de apoyo o contenidos debo dominar antes de ingresar a la carrera (de verdad agradecería mucho de sus consejos)

Para hacer corta la historia, mi objetivo desde que inicié la media ha sido el de estudiar ingeniería informática, y ahora con los puntajes quedé un poco abajo del corte aún así postule a la Usach, USM y PUC, almenos con mi puntaje PACE de 1030 puntos espere tener suerte de ingresar a alguna, pero igual quede en lista de espera en puesto 23 (Usach) y puesto 10 (PUC).

En vista de el escenario en el que quedará en lista de espera para mis primeras 3 opciones (lo que paso lol) postule en 4ta opción, en la misma Usach la carrera de ingeniería que tuviera la maya más similar a informatica en su primer año (en la carrera que entre ahora). Después de leer el reglamento y preguntar en la universidad me comentaron que si es posible el cambio pero con la condición de tener promedio sobre 5 y sin reprobar ningún ramo.

Por eso mismo escribo esto a los estudiantes de la facultad que hayan pasado ya por el primer año de una ingeniería en la Usach que es prácticamente un plan común, para así aprovechar estos meses antes de iniciar clases y estudiar los contenidos que ustedes me recomienden para así no llegar tan frío y poder tener así tener mejor agarre de los conocimientos este año y poder lograr mi objetivo de cambiarme de año carrera.

Ya sean videos de Youtube, libros, o PDF con ejercicios y contenidos que debo dominar antes de llegar estaría infinitamente agradecido, de verdad le pondré empeño a esto y estare atento a todos sus consejos.

Muchas gracias TT",neutral
"admisión especial usm hola! pasa que no quede en la usm por vía centralizada pero había hecho mi postulación por admisión especial me dijeron que las respuestas se estarían enviando por correo pero aún no me envían nada, entonces caí en la duda, alguien de acá quedó por admisión especial? ",neutral
"Creen que entre? (ing. civil telemática USM) Hay 6 cupos +MC para la carrera y quede 9, creen que se pueda??",neutral
hay chance?? (ing. civil telemática USM. Hay 6 cupos +MC y soy el 9) se podra? ,neutral
"Cómo funcionan los cupos +MC en la USM? Holaa, no entiendo bien como funcionan los cupos de más mujeres en ciencias. 

Específicamente en la USM, ya que en el Mineduc no dice que haya un requerimiento del año de egreso de enseñanza media, pero encontré que en la pagina de la USM si se menciona. Dice que se tiene que postular el mismo año de egreso. 

No se si es algo antiguo o aún funciona así, alguien sabe si aplicaría el cupo si es que egrese el 2023? Ya que si aplica si o si entro donde quiero y me quedaría harto más tranquila. Gracias!",neutral
"AYUDAA no se que universidad elegir Me fue bastante bien en las pruebas y me da para la USM, pero no se si vale la pena, porque dicen que es muy matadora, no se si será una mejor opción meterme a la austral, dar las pruebas de nuevo y cambiarme a la puc. O quizás irme a la udec?? No tengo ni idea que es mejor 😭",neutral
"Ingeniería comercial PUCV/USM o ingeniería en información y control de gestión UV? Bueno me estoy decidiendo por carrera y soy de la región de Valparaíso, quisiera saber qué pasa con la empleabilidad, cual es mejor, porque en foros que tu carrera.cl o mifuturo no sé no sé me hacen confiables, he leído que hay supuestos datos del SII pero no entiendo ni dónde se ven. ",neutral
"Duda sobre entrar a la USM Holaa, estoy pensando en ingresar este año a la usm en ingeniería civil informática, estaría entrando a la casa central de valpo ya que ahí es donde estoy viviendo. Pero, el próximo año me voy para Santiago, por lo que tendría que pedir cambio de sede. 
No pude encontrar mucha información sobre el traslado, por lo que vengo a preguntar si alguien sabe cuales son los requisitos para hacerlo?
Necesito tener un puntaje PAES mayor al corte de allá? (porque no lo tengo)",neutral
"ingeco en la USM o la USACH? por puntaje estoy viendo mi segunda opción para estudiar ingeniería comercial, que universidad es mejor para esta carrera la USM o la USACH? 🥹",neutral
"Ing. civil mecánica Uchile o Usm Holaa, este año quiero entrar a estudiar ingeniería civil mecánica. 
Tengo un nem y ranking bien malo por lo que es imposible que me de para la puc, pero di la paes de invierno y me alcanzaría para el bachillerato de la uchile, o directo a la usm. He escuchado mucho que la usm es “artificialmente dificil” y que la uchile tiene un mejor ambiente y carga académica, pero en otros posts dicen que son iguales o que incluso la uchile es más difícil.
Quería saber realmente que tan diferentes son? Vale la pena perder un año para entrar a la uchile,
o mejor entro a la usm directo? Específicamente en civil mecánica, hay alguna que sea más recomendada?",negative
"Astrofísica/Astronomía en USM, UChile o UdeC?? Quiero estudiar Astrofisica/Astronomía y se en que universidades imparten la carrera, sin embargo tengo esas tres opciones, y me gustaría saber cosas relacionadas a la malla, la experiencia (tanto como estudiante como con los profesores, carga académica, etc) y/o la vida universitaria en la USM, la Chile y la UdeC, ahora que paso a 4to medio quiero tener las prioridades claras y me gustaría que me den sus opiniones al respecto. Agradezco de antemano cualquier comentario, incluso si están estudiando o conocen a alguien que sigue la carrera en otra u seria de mucha ayuda (^-^;",neutral
"Uchile bachillerato ingeniería  Holaa, me estaba preguntando que tal es el bachillerato en la uchile. Por problemas personales salí el año pasado de 4to con un nem y ranking bajísimo (567 puntos). Por estos mismos problemas me tome este año sabático, pero ahora ya quiero entrar a estudiar. Por el nem y ranking me es prácticamente imposible entrar directo a ingeniería civil en la uc o la uchile, pero en la paes me fue bastante bien. Siempre quise entrar a la uchile, y me alcanza para el bachillerato de ahí, pero no conozco a nadie que lo haya hecho, es muy complicado entrar al plan común de ing desde ahí?
También me alcanza para la usm, pero he escuchado mucho que dicen que es “artificialmente dificil” y todos los que conozco que entraron ahí, se terminaron cambiando. Que me conviene, el bachi de la uchile o la usm??",negative
"Será conveniente hacerlo? ¿Me puede dar la vida para estudiar Medicina y una Ingeniería en ejecución en la USM simultáneamente?

He visto otros casos de personas que hacen carreras simultáneas pero que son de áreas similares, pero estudiar en distintas universidades dos cosas muy distintas no sé si será la mejor opción si quiero aprovechar al máximo lo que me ofrece cada carrera.

¿Han oído de personas que hagan/hayan hecho esto?
¿Valdrá la pena?",neutral
"Civil mecánica usach o usm? Ayer fue la M2 y mis opciones se redujeron a estas dos universidades. Así que quería preguntar a estudiantes de ingeniería cuál recomiendan

Mis pretenciones son:
- hacer un intercambio en un futuro, así que tiene que tener una buena conexión internacional (la usach gana en esto CREO)
- Que sea bien vista en el mercado chileno
- espacios o instancias de competencias o participación en eventos extracurriculares (ej: que la U organice competencias de robótica, que hayan seminarios con Ues de otros países, etc. Que haya espacio no sólo para ir a estudiar si no que poder adquirir experiencia/práctica/contactos, etc.)

Gracias por leer, espero m puedan ayudar🙏🏻
",neutral
"¿Ingeniería en la UAI o USM? Voy a dar la PAES este año y no se que hacer. Por puntaje si es que me da para la Cato o a la Chile me meto a esas, pero no creo. Entonces estoy entre la USM y la UAI. Quiero estudiar ingeniería civil informática o mecánica. Se que la USM es más difícil y no se si me la pueda, por eso pregunto si realmente lo vale, en temas de empleabilidad y todo, o me ahorro un poco el estrés y voy a la UAI no más?",neutral
"USM o USACH para ingenieria civil informatica? Estaba convencido de entrar a la USM pero estuve averiguando un poco y casi todos los estudiantes e incluso profesores no la recomiendan por el excesivo nivel de dificultad innecesario y por que tiene problemas administrativos, el tema con la USACH es que no me tinca mucho tampoco por el tema de los paros y de que me queda un poco lejos, y tampoco siento que tenga tanto prestigio, otra opcion seria tomarme un año mas para entrar a la chile o la puc pero el tema es que ya me tome un año pq me sali de mi u anterior a mitad de año, entonces no se si me convenga sacrificar un año mas, ayuda xfavor",negative
"Que puedo hacer? Algún consejo? Hola,soy mechón de arquitectura de la usm en San Joaquín y me pasa la situación de que aún no sé exactamente cómo organizarme bien en cuanto a los tiempos para dedicar en trabajos, tareas y controles/certámenes, ya que a veces se me cruzan muchas cosas en una misma semana(ya que en arquitectura tengo trabajos semanales) y en cuanto a ramos como matemática y física debo darles un buen tiempo para entender bien,por eso a veces las priorizo para estudiar todo un dia pero a la vez tengo tareas que hacer en los mismos dias. Igual me quedo más tiempo en la U para hacer las cosas porque se me hace más cómodo,pero de ahí no sé qué más podría hacer para aligerar un poco las cosas.",neutral
"Vale la pena el esfuerzo? Hola mi gente, después de mi post de las ingenierías más difíciles, quedé pensando y llamándome la atención, las siguientes ingenierías , la Ing civil industrial, Ing civil mecánica, ing civil ,ing civil eléctrica , está última siendo de las más difíciles o más difíciles según la gente.

Bueno , me llamo la atención estudiarlo en la Usm , ya que en Santiago (sin posibilidades de irme) la Usm , la Usach son mis opciones, la chile es muyyy difícil que entre , pero no imposible, sin embargo me entró la duda lo siguiente;

Vale la pena el esfuerzo de estar más de 6 años estudiando ing civil eléctrica , o civil mecánica, o civil (en obras civiles, en la Usm solo se llama civil) , ya que se sabe que son carreras muy jodidas y hablando de la universidad, también. 

(No cuento civil industrial porque se supone que no es tan difícil como eléctrica o mecánica)

Pero eso , que opinan o que saben? Los que egresan de esas carreras, supongo que tienen buenas pegas o algo así? Considerando lo extremadamente jodido que es estudiar esas carreras.",neutral
"Voy a congelar este semestre pero me gustaria intentar terminar en los años que dura la carrera soy de la USM de san Joaquín y estudio ingeniería quimica, voy a congelar por temas de salud mental y meditar si realmente me gustaría egresarme de Ing. químico o mejor me cambio de carrera.   
quiero saber de alguien que halla tomado ramos por adelantado y como le afecto en temas psicológicos y en notas ya que igualmente en el caso de quedarme me gustaría hacer un doble titulo en el politécnico de Milán y este me exige tener cierta cantidad de créditos aprobados.  
gracias por compartir cualquier experiencia, también me sirve si son de otras universidades e hicieron algún estudio en el extranjero, para saber como los afecto en general el estar solos en otro país. ",neutral
"DUDAS y recomendaciones Hola gente, ya llevo un tiempo con este debate mental...ya estoy más o menos visto la carrera que me gustaría estudiar el próximo año (este año, ahora estoy en Preu por lo que no tengo muchas preocupaciones) y sería ing civil industrial, y he estado viendo universidades (ni Uch ni puc , por nem 6.22)

La chile , me debería ir extremadamente bien para entrar, por lo que estaba viendo más opciones y como dije en otro post , estoy entre la usm , usach y udp pero no me puedo decidir todavía. 

Mis motivos ""reales"" de mi duda , es lo siguiente 

- La usm se que es buena pero dicen que es muy difícil y no hay buena salud mental dentro.

- La usach también es difícil, pero se va a paro.

- La udp, bien es difícil, pero más que eso , es por el prestigio, no sé si sea tan bien vista como las otras dos en el mundo industrial, empresas etcétera.

Que dicen ustedes? Alguna opinión o conocimiento que puedan darme para guiarme en la decisión?

(La distancia es un motivo de no elegir la Federico, queda en Vitacura, pero no es algo taan importante)",neutral
"Ingeniería Física (USACH vs UNAB) ¿Experiencias? Creo que hay solo una publicación respecto a esto: [https://www.reddit.com/r/EducacionChile/comments/1eapa96/ingenier%C3%ADa\_f%C3%ADsica\_en\_la\_usach\_usm\_o\_unab/](https://www.reddit.com/r/EducacionChile/comments/1eapa96/ingenier%C3%ADa_f%C3%ADsica_en_la_usach_usm_o_unab/)

Luego de ver muchos comentarios fuera de lugar, me quedo con lo siguiente: 

*""Hola, no se si será muy tarde, pero te recomiendo la UNAB (experiencia personal) a pesar de los demás comentarios, está dictada por la facultad de ciencias exactas, no por la de ingeniería, la verdad le invierten harta plata a la carrera, somos sede de SAPHIR, el centro de estudio de física de partículas asociado al CERN (de hecho de la chile, cato y otras vienen a saphir a la unab, tenemos más facilidades con eso). Tenemos profesores de la CECHEN, la mayoría aparte de doctores son muy buenos docentes y he tenido encuentros con estudiantes de otras carreras y en muchos trnas estamos a la par o mejor (depende del estudiante igual). Ojalá lo puedas considerar como opción,  mucha suerte en tu elección y si es que decides por UNAB, bienvenido de recibir más futuros colegas* *^(\^)**""*

**El redditor tiene ciertamente un punto fuerte.** 

Investigue lo que dijo y es verdad…

&gt;No sé por qué en este foro hay tanto prejuicio con UEs que no son estatales ni tradicionales, sobre todo ahora como está la educación y la cantidad de plata que han levantado todas estas instituciones privadas, tipo; No es casualidad que ahora tengan mejor infraestructura, investigación, mejor conectados con la industria, etc. 

Yo sé que la USACH tiene más prestigio académico quizá (una cuestión de tradición o hasta solamente cultural)? Quizá si quieres ser 100% investigador de claustro y no salir nunca más de la U desde que entraste... No sé.

Pero como el redditor de la unab no apareció más y lo intente contactar por privado, sin respuesta, me animé a crear esta publicación.

**Ojalá intentando contactar alumnos de ambas instituciones y saber sus experiencias.**

Me gustaría saber las experiencias, tanto educativas como oportunidades al egresar de ambas instituciones.

**En mi caso personal aspiro justamente a trabajar en la parte experimental y a tener una conexión más ""internacional"" si es posible.**

P.D: Absténganse los opinólogos de siempre por favor de comentarios fuera de lugar de: ""nO es InGnEnIeRiA"", ""meJoR STuDia lIC. En FiSisCA"" o cosas que nadie les pidio....

GRACIAS!!!!",neutral
"Me ayudan a escoger entre estudiar en Chile ( ingeniería en informática en la USM ) vs Ciencias de la Computación en UBA ( Argentina). [USM https:\/\/usm.cl\/admision\/carreras\/ingenieria-en-informatica\/](https://preview.redd.it/62wcqpc66uve1.png?width=1541&amp;format=png&amp;auto=webp&amp;s=d126c0ab2c9a0fa696ad374ff4137aa1542d80e7)

[Uba https:\/\/computacion.dc.uba.ar\/plan-de-estudios-2023\/](https://preview.redd.it/4uv3edf76uve1.png?width=819&amp;format=png&amp;auto=webp&amp;s=a98940db143c322f74543c82ec260a43aac88306)

Hola, estoy pensando en escoger 1 de estas dos carreras en base a mis objetivos profesionales, que son por un lado el ingreso a ingeniería en informática en la USM, pero no me llama tanto la carrera, siempre me gustó más Ciencias de la Computación ( el Computer Science de los gringos), sin embargo no estoy dispuesto a realizar 1 paes más y ""ver si quedo"" o no quedo por unos míseros puntos en la UC ( qué es la única que imparte la carrera, además que no me gusta Santiago, estudiaría en la USM de Valpo).Todo esto es para especializarme o trabajar en el exterior ( países como USA o de Europa).  
   
  
PD: no tengo problemas económicos en relación a cambiarme de país, también me llama conocer otras culturas ( tengo una buena red de apoyo), y tampoco tengo problemas de idioma. ( soy C1 en portugués e inglés).  
  
También estaba pensando en hacer la carrera de Ciencias de la computación en Brasil ( que creo que aún sigue siendo un poquitín más fácil que ingresar a la UC DE CHILE , porque el examen ( el vestibular) es más tranqui por lo visto, en 1 facultad que me gustó, en la PUCPR privada ( Pontificia Universidad Católica de Curitiba).  
[https://www.pucpr.br/cursos-graduacao/ciencia-da-computacao/](https://www.pucpr.br/cursos-graduacao/ciencia-da-computacao/)  
  
https://static.pucpr.br/pucpr/2023/03/re-166-2023-consun-alt-234-2022-mc-ciecc82ncia\_da\_computaccca7acc83o\_ep\_2023-1-docx.pdf?\_gl=1\*18cfr66\*\_gcl\_au\*OTM3MTQ4MjI2LjE3NDQ0NzEzOTA.\*\_ga\*MTY1NTIyMDQyOC4xNzQ0NDcxMzkx\*\_ga\_11M5C4PYGB\*MTc0NTA4NDgxMC41LjAuMTc0NTA4NDgxMC42MC4wLjE3MjI0NTQ0MTM.  
  
",neutral
"Necesito urgente un consejo🙏🏻 Hola estoy cursando 3er año de ing civil eléctrica y me siento muy presionado con los ramos y no me veo capaz de terminar mi ingeniería pronto ni en unos años más, voy atrasado en la malla(por semestre son 6 ramos  y actualmente estoy con 5 y me cuesta mucho) y no me gustan los ramos que tengo que dar y no tengo amigos,  pero quiero seguir en el lado de la electricidad, mi idea es convalidar los ramos que pueda y cambiarme a técnico en electricidad en la usm, no soy bueno estudiando y por más que lo intento me cuesta mucho, los otros dos años logré pasar los ramos de matemática pero con mucho esfuerzo. No sé si congelar, dar la paes otra vez y postular el año que viene o ver si puedo convalidar y cambiarme al técnico para este segundo semestre. Necesito consejos porque ya no me veo estudiando ing civil electrica ni qué hacer con mi vida, estoy bloqueado. Tengo 21 años.",negative
"Universidad en la V region Hola, me metí este año a ing comercial pero después vi que no era lo que quería, por lo que me inscribiré para la paes y quisiera entrar a ing civil industrial o ing civil de minas, por lo que quisiera saber su opinión en cuando a calidad de u entre la PUVC o la USM en estas dos carreras, también en cuanto al ambiente universitario, carga académica, etc. muchas gracias :)",neutral
"ICI O ING. CIVIL COMÚN UNIVERSIDADES (NO UCH NI PUC) Hola gente, como ya han de suponer, he estado hablando y preguntando mucho por ICI o ingeniería civil industrial , y ahora me surgió una duda que creo que algunas personas de acá pueden ayudar.

UCH Y PUC , NO (no me da el nem y ranking)

La cosa es que renunciaré a mi U actual y postularé en admisión 2026 a otras Ues y carreras, bueno X , estaba viendo ICI e ingeniería civil plan común y algunas universidades que he visto, son la Usm y Usach (entre las dos me decanté por Usm) pero quería ver algunas otras opción que estén en la región metropolitana, la Udp también es una opción, obviando la Udp y la Usm , quisiera saber algunas Otras Ues que sean buenas en esas carreras o en las inginerias en general.

Para que tengan una idea, mi nem y ranking son 779 y 784. Y los puntajes paes del año pasado (este año daré la de invierno y de verano con mucha más preparación) fueron , M1 : 821 / Lenguaje: 715 / historia ; 675  / M2 : no rendida xd , si fuese así no estaría preguntando.

Que me dicen , algunas recomendaciones de Universidades más , o las que tengo de opciones están bien? ",neutral
"MIEDO E INSEGURIDAD CAMBIO DE CARRERA. Cómo ven , quiero y VOY a cambiarme de carrera este año , es decir me saldré a mitad de año y daré la paes de invierno y de verano nuevamente (Para intentar subir mis puntajes, mal no me fue) .

Estoy viendo si estudiar ingeniería civil industrial y he visto acá en el subreddit que es buena carrera y todo , pero también he visto ing Civil plan común, el tema es ver la universidad donde puedo cambiarme.

La chile y la Puc , descartadas por puntaje y más que eso , el nem. (779) 

Mis puntajes del año pasado para un wn que no hizo nada en todo el cuarto medio por tener la idea de ser milico fueron : 821 M1 , 715 Lenguaje y 675 Historia, La M2 no la rendí por flojo y sacó w... Solamente.

Bueno , yo tenía vista tres universidades las cuáles eran Usach, Usm y Udp , está última siendo la que más me convence, tanto por opiniones, "" cercanía "" y buenas estadísticas y buenos docentes que tiene , se que ING no es uno de los fuertes de la U pero he visto que dicen que son bastantes decentes de igual forma.

La Usach y la Federico se que son más difíciles que la Udp, pero la Usach no me llama mucho por el tema de que pasa en paro... entonces no me agrada mucho, y la Federico Santa María me da mucha inseguridad solamente porq tiene fama de ser la más difícil del país y la wea , como pregunté en el post anterior.

Entonces no sé si guiarme solamente por eso para tomar la decisión, quisiera saber si hay algunas otras Ues buenas en ICI o ING plan común, si sería mejor decisión poner la Udp por encima de la Usm , considerando pros y contras? Se que en ing la Federico es de las mejores, pero es tan mejor que la Udp? O si realmente me daría muuuchas más oportunidades que la Udp? O no es una diferencia abismal?

Los leo.",neutral
"Ranking QS por disciplina En síntesis, la UC destacó como la mejor universidad chilena en las cinco áreas temáticas generales: Artes y humanidades, Ingeniería y tecnología, Ciencias de la vida y medicina, Ciencias naturales y Ciencias sociales y gestión.

Artes y Humanidades
21. Pontificia Universidad Católica de Chile
76. Universidad de Chile
215. Universidad de Santiago de Chile (USACH)
291. Universidad Diego Portales (UDP)
385. Pontificia Universidad Católica de Valparaíso
401-450. Universidad Alberto Hurtado
401-450. Universidad de los Andes
501-550. Universidad de Concepción

Ingeniería y Tecnología
90. Pontificia Universidad Católica de Chile
127. Universidad de Chile
332. Universidad Técnica Federico Santa María (USM)
353. Universidad de Concepción
353. Universidad de Santiago de Chile (USACH)

Ciencias de la Vida y Medicina
130. Pontificia Universidad Católica de Chile
165. Universidad de Chile
401-450. Universidad de Concepción

Ciencias Naturales
130. Pontificia Universidad Católica de Chile
165. Universidad de Chile
401-450. Universidad de Concepción

Ciencias Sociales y Gestión
25. Pontificia Universidad Católica de Chile (UC)
67. Universidad de Chile
150. Universidad Adolfo Ibáñez
277. Universidad de Santiago de Chile (USACH)
319. Universidad Diego Portales (UDP)
389. Pontificia Universidad Católica de Valparaíso
401-450. Universidad de Concepción
501-550. Universidad de los Andes",neutral
"Ranking QS 2025 por Disciplina En síntesis, la UC fue reconocida como la mejor universidad a nivel nacional y latinoamericano en esta medición que se enfocó en clasificar a las principales universidades del mundo por disciplina. 

Por áreas temáticas el resumen es el siguiente:



Artes y Humanidades:

21. Pontificia Universidad Católica de Chile

76. Universidad de Chile

215. Universidad de Santiago de Chile (USACH)

291. Universidad Diego Portales (UDP)

385. Pontificia Universidad Católica de Valparaíso

401-450. Universidad Alberto Hurtado

401-450. Universidad de los Andes

501-550. Universidad de Concepción



Ingeniería y Tecnología:

90. Pontificia Universidad Católica de Chile

127. Universidad de Chile

332. Universidad Técnica Federico Santa María (USM)

353. Universidad de Concepción

353. Universidad de Santiago de Chile (USACH)



Ciencias de la Vida y Medicina:

130. Pontificia Universidad Católica de Chile

165. Universidad de Chile

401-450. Universidad de Concepción



Ciencias Naturales:

130. Pontificia Universidad Católica de Chile

165. Universidad de Chile

401-450. Universidad de Concepción



Ciencias Sociales y Gestión:

25. Pontificia Universidad Católica de Chile (UC)

67. Universidad de Chile

150. Universidad Adolfo Ibáñez

277. Universidad de Santiago de Chile (USACH)

319. Universidad Diego Portales (UDP)

389. Pontificia Universidad Católica de Valparaíso

401-450. Universidad de Concepción

501-550. Universidad de los Andes",neutral
"Federico Santa María, tan difícil es? Bueno como ven en el título, me entró la intriga de saber si está universidad es tan pero tan difícil y desgarradora como se dice, he escuchado y leído acá en reddit mucha gente que dice que es excelente U pero la exigencia llega a ser exagerada, y por personas que conozco dicen que la calidad de salud mental es bastante mala , se que depende del alumno, pero en general quisiera saber si es así o no.

Hay gente que dice que es más exigente que la Uch o Puc y quiero saber si es tan así , que dicen ustedes? Experiencias suyas , de conocidos o lo que sea?

Usach o Usm?",negative
"Ingeniería de ejecución USM Hola! 
Estoy en la Universidad de Atacama estudiando automatización industrial y la continuidad es ingeniería de ejecución en instrumentación y automatización industrial en la misma U, pero quiero irme de este pueblito y tener más retos en mis estudios.
Caché que en la Federico Santa María tienen la carrera de ingeniería de ejecución en control e instrumentación industrial, el requisito es poseer un titulo técnico nivel superior del área y ya estaría con el que saco este año, quiero saber experiencias.
¿Aguien ha estudiado allí ingenierías de ejecución? Qué tal es? Es exigente como se dice que es la U en si?
Eso es lo que más busco sinceramente, encuentro que la UDA ha sido muy fácil, no siento que me estoy preparando bien, he sacado ramos con promedio 6.9 con 0 esfuerzo, estudiando un día antes xd y me gustaría poder tener un mayor reto en mi educación, así que eso, leo sus experiencias y también cómo es a la horita de buscar pega, igual entiendo que da cierto prestigio el puro nombre de la weaita, pero les leo 👁️
",neutral
"Ingeniería Comercial vs Ingeniería Industrial (no civil) Lo del título, sé que Civil Industrial &gt; Comercial. Pero no sé como es Industrial (no civil) en comparación a Comercial.

Estoy viendo opciones de estudiar en vespertino un advance, y tengo la oportunidad de estudiar Ingeniería Industrial (no civil) en la USM, la USACH o la UNAB, versus estduiar Ingeniería Comercial en la UNAB o la USM (aunque lo veo lejano, ya que implica más costo, dedicación y desplazamiento).

Las 3 opciones son similares en duración, costo, modalidad, pero no sé que me conviene más o que me dará mayor retorno.

Me interesa fundamentalmente cosas relacionadas a la analítica (obvio todo eso lo aprendo por mi cuenta, el título es para hacer la pantalla).

Sé que estudiar una ingeniería no civil acá en Chile es mal visto, pero estudiar Civil Industrial no es opción :( 

PD: mi pregrado (licenciatura) actual es 0 aporte, así que en ese sentido, no es relevante para la decisión",neutral
"Cambio de carrera y universidad. Hola, buenas. Estoy cursando una carrera de la cual he perdido completa vocación, esto con gratuidad. Quiero hacer el cambió a Civil Informática en la usm, tengo entendido que puedo hacer el cambio de carrera solo una vez con gratuidad.

¿No obstante puedo congelar gratuidad, renunciar a mi carrera y después matricularme en la otra U y otra carrera, preservando lo q queda de gratuidad? He indagado por diversos medios, pero quedan a la ambigüedad",neutral
"Ansiedad sobre futura empleabilidad como ingeniero civil Voy en mi cuarto año de ingeniería civil en la usm ya con puros ramos de carrera y me encanta mi carrera (especialmente el area hidráulica aunque solo llevo ramos de análisis, quizas con los de diseño cambie de opinión).

La cosa es que el año pasado el profe de tecnología de materiales nos mostro un gráfico de como ha bajado el consumo de hormigón en el pais y eso sumado a qué veo constructuras quebrando constantemente me esta generando muchas dudas sobre el futuro de la carrera.

Los que ya estan en el mundo laboral ¿Cómo esta el ambiente? ¿Hay futuro en el area?",neutral
"Vale la pena Civil eléctrica? Hola a todos, hago este post para saber si hay algún licenciado de Ing. Civil eléctrica por aquí. Soy estudiante de primer año de esta carrera en la USM pero siento que aún no estoy segura si es para mí, así que me gustaría saber qué opinan aquellos que ya están ejerciendo la carrera, muchas gracias c:",neutral
"Leo que muchos no les gusta USM y que es peluda…está dentro de mis opciones para civil eléctrica 1 civil eléctrica 
2 civil computación en informática 
3 pensando en licenciatura en ingeniería en ciencias de la computación, es nueva y es interesante
4 plan común ingeniería para optar a Civil
en energía 
 
Universidades 
1 USM porque es directo 
2 UCh a plan común
3 PUC por Malla  en tercer lugar 
4 Adolfo 

No sé si la USACH 
Agradezco, me orienten, estoy claro, pero puedo cambiar de U. Mi NEN, ya no me ayuda en la Cato. Debo subir puntaje….pero no me gusta el enfoque de lo que quiero. 

Gracias gente ",neutral
"USM Es buena para Civil Eléctrica?? Hola, estoy en 4to Medio, preparando la PAES, quiero estudiar ingeniería civil eléctrica, directo sin pasar por plan común. Me gusta la USM, que la tiene directo, pero tb no niego que la PUC y la Chile, son grandes opciones. Estamos en abril  mi Nem hasta hoy es 6,65 y mi ranking supongo será parecido. En los ensayos que he hecho desde marzo 2025, en M1 805 CL840 M2 601 maso y ciencias629 no más que eso. Me falta mucho por subir, estoy en Preu, en el colegio tenemos PAES este año con libros de Moraleja y tb hago, por Puntaje Nacional. 
Bueno este es mi piso, para seguir subiendo y optar a la PUC y entrar a plan común…pero la USM me tinca. Qué opinan de esa U? Y si me pueden orientar como van mis puntajes? Se los agradezco. Gracias ",neutral
"Cambiarse de la universidad De Valparaiso a la USM?? Hola, buenas. Es mi primera vez comentando aquí y quería pedir consejo o experiencias sobre cómo es cambiarse de universidad convalidando ramos, y si es posible, entre estas dos universidades, convalidar en su totalidad el primer año de Ingeniería Comercial (tranquilos, sé que no es una ingeniería y a mí también me suena raro llamarla así).",neutral
"Que me aconsejan para la prosecución de estudios USM/USACH Hola, estudie ing. Eléctrica en un IP, es muy evidente el porque quiero seguir en una U y sacar la Civil.

Estoy entre 2 carreras, Ing. Civil Eléctrica o Industrial, es una de las dos, ya trabajo en el rubro y quiero seguir en el, pero si aparece una oportunidad tipo gerencial, la idea es tomarla sea o no del area energetica.

Ambas entregan la licenciatura en ciencias de la ingenieria, la eléctrica puede entregar la SEC clase A, pero ya la tengo.

Ustedes como alumnos, egresados, profesionales. ¿Cual carrera me recomiendan o le ven mas futuro? 

",neutral
"Quedé eliminado de mi carrera y no se qué hacer Hola, gente. ¿Que tal? ¿Como los trata la vida?
Contexto: Entre a estudiar mi carrera de ensueño (Lic. En física) en la USM. Le dediqué tiempo y esfuerzo, yendo a la U desde lejos (2hrs de ida, 2.30 de vuelta con suerte), estudiando todos los días y trabajando en paralelo para poder costear gastos como alimentación y pasaje. Lamentablemente, tuve problemas con las mates comunes (mat022 y mat023) lo que causó que me atrasara caleta y quedará con 2 VTR3. No me voy a excusar, fue en gran parte mi culpa. A pesar de que me esforzara no fui capaz de pedir la ayuda necesaria a tiempo, ni de usar recursos que me hubieran salvado de esta situación (Inclusión neurodivergencia, botones de pánico, desinscripcion de ramos) ni tampoco de afrontar mis circunstancias de buena manera (hubo un semestre donde por un problema de salud falté más de un mes a la U. No congelé y reprobé ramos). Se me notificó de mi estado crítico en la carrera, y posteriormente se me comunicó que fui eliminado. Realicé la petición de excepción al reglamento, que fue rechazada, y una posterior apelación que no tiene muchas esperanzas de ser aprobada debido a que puede que me pase del plazo para pasar la carrera (50% de la duración. Osea, de 4 a 6 años).

Una vez dado este contexto, mis consultas son las siguientes: ¿Que posibilidades hay de que pueda continuar la carrera en otra casa de estudios? Se que es complicado ver la convalidación en especial con el estado de Eliminado, pero quería saber si alguien ha estado en una situación similar, y cuáles serían los pasos a seguir recomendados para mi caso.
¿Que puedo hacer si no presento apoyo por mi núcleo familiar? En un comienzo me apoyaron bastante, pero con el tiempo y el no estar presente por la U ha vuelto tensa está situación. 
¿Sería más recomendable cambiarme a Pedagogía si mi objetivo es ser profesor? Mi plan original era sacar la licenciatura para posteriormente enfocarme en docencia y poder estar dando clases a nivel universitario, pero ahora estoy en un periodo de dudas y no se qué decisión tomar.
¿Valdrá la pena pelear para mantenerme en la USM? He formado varios lazos fuertes dentro de la carrera, y siento mucha afinidad por el departamento y lo que he conocido, tanto en gente como investigación. Se que esos lazos se pueden mantener, incluso yendome de la u, pero parte de mi aún sigue con la duda. No me quiero ir, pero tampoco sé si me quiero quedar, en especial si eso conlleva estar en una incertidumbre terrible por un año entero mientras peleo una pelea que quizás esté perdida.
Y eso. Agradezco mucho sus comentarios con respecto al tema.",negative
"Ingenieria en mantenimiento industrial en la USM es una buena opción? Estudie un tecnico y ahora me gustaria seguir con la continuidad de estudios, llevo tiempo trabajando en la maestranza con mi viejo y vi esta carrera en vespertino en la usm, es una buena opcion? que opinan? quedare cesante en el futuro?",neutral
"Opiniones sobre ing civil industrial UDP Me gustaría saber que tal es la U en esa carrera ya que casi ni encuentro opiniones sobre ella. La verdad es que yo quería en la USM pero no logré entrar. Igual pensaba hacer cambio de U dentro de la carrera y todo, pero eso, me gustaría saber que tal es",neutral
"Puedo hacer algo con el horario? Hola! El 25 empiezo mis clases en la USM acá en Concepción, pero viendo la página del Siga hay 2 días en los cuales tengo topes de 1 hora o más (las 2 clases al mismo tiempo), revisando la página dice que en caso que yo haya inscrito las materias prácticamente no puedo quejarme y debo asumir, pero, las materias por ser de primer año y primer semestre se inscribieron solas (de igual forma al matricularme y todo me dijeron que esperara el horario solamente y me entregaron un papel que decía lo mismo, nada de inscribir materias)

¿Hay algo que pueda hacer para cambiar la hora/día de alguna materia?

No puedo dividirme en 2 para dar las 2 clases al mismo tiempo y no me responden los monitores, ni el data-e, ni nadie. Tampoco pude rellenar el Pinvu en la encuesta del comienzo porque no me dejaba pasar de página aunque rellenara todo y prácticamente me dijeron que el 23 - 25 dijera si podían ayudarme (prácticamente perdí los diagnósticos de matemáticas y física porque ni siquiera la data-e sabía qué hacer y los contactos que me mandaban estaban en vacaciones)",neutral
"No me han dado respuesta del ingreso de la Universidad **Hola chiquillos, quiero comentarles mi problema para ver si me pueden ayudar.**

Era estudiante de segundo año de Ingeniería Civil en Mecánica en la USM Casa Central, pero en el segundo semestre del año pasado decidí retirarme para trasladarme a la PUCV, en la sede de Quilpué, por motivos académicos. Para hacerlo, realicé el proceso de retiro definitivo de la USM y fui presencialmente a la PUCV a averiguar cómo cambiarme. Ahí me informaron que, como mi caso no correspondía a un ""nuevo estudiante"", debía postular mediante un ingreso especial por traslado de universidad.

Seguí el procedimiento indicado y envié mi postulación el 24 de septiembre, dentro del plazo que vencía el 30 de septiembre. Según la información entregada, los resultados se darían a conocer por orden de llegada entre noviembre y finales de enero.

Esperé pacientemente, pero cuando llegó la última semana del plazo y aún no recibía respuesta (ni positiva ni negativa), decidí ir personalmente a la PUCV. La persona que me atendió me dijo que no podía hacer nada y que debía esperar hasta el viernes de esa misma semana para recibir los resultados. Llegó el viernes y **nada**, no me avisaron ni por correo ni por la plataforma donde postulé.

Intenté revisar nuevamente el sábado en la mañana y me encontré con la sorpresa de que **todo el equipo de la PUCV se fue de vacacionesxd**. No sé qué hacer, no puedo quedarme sin estudiar y no tengo ninguna información sobre mi postulación. ¿A alguien le ha pasado algo similar o está en la misma situación? Agradecería mucho cualquier orientación o ayuda, porque realmente estoy desesperado.

Además, según lo que sé, el equipo de admisión de la PUCV regresa recién el 5 de marzo, cuando ya todas las universidades habrán iniciado clases. No tengo matrícula ni nada. **Ayuda, plissssssss;CC**

https://preview.redd.it/2za1ghu5llie1.png?width=1600&amp;format=png&amp;auto=webp&amp;s=00be8bb1828e0c22a3af5aea5e39bb0d5b12e189

https://preview.redd.it/oogjwu78llie1.png?width=1600&amp;format=png&amp;auto=webp&amp;s=1a6f38ba9164865486c18af0b56089f96dc826ac

(me dijeron algo que podía reclamar en el SERNAC o en la superintendencia, alguien sabe algo de esto?)  
  
",neutral
"No sé si tome la mejor decisión Yo egrese en 2022 y me fue bien en la paes a la primera, me alcanzaba para casi todo 
Yo tenia 3 opciones: ing civil mecatronica en la usach, ing civil quimica en la usm y ing civil electronica en la mayor (esta ultima no esta en mas u en stgo)
Me alcanzaba el puntaje para cualquiera de las 3 pero me llamo mas la atención la electrónica y aun me gusta mas que cualquier otra carrera
Pero no sé si habré sido tonto por haber rechazado estar en universidades top para elegir la carrera que mas me gusta a pesar de que solo esta en una u que esta muy abajo en los rankings, ¿qué opinan ustedes?

Pd: “Rechace” estar en la usach porque pasa en paro y aparte esta en estacion central y no quiero que me roben xdd no estoy seguro pero parece que ni siquiera me postule para esa en su momento 
Y por si les interesa he aprobado todo en estos 2 años y aun me sigue gustando mi carrera mucho mas que cualquier otra, nada mas como dato extra ",neutral
"Elegí carrera sobre universidad y no estoy seguro si tome la mejor decisión 
Yo egrese en 2022 y me fue bien en la paes a la primera, me alcanzaba para casi todo 
Yo tenia 3 opciones: ing civil mecatronica en la usach, ing civil quimica en la usm y ing civil electronica en la mayor (esta ultima no esta en mas u en stgo)
Me alcanzaba el puntaje para cualquiera de las 3 pero me llamo mas la atención la electrónica y la puse en primer lugar, quedé y sigo estudiando ing civil electrónica en la mayor 
Pero no sé si habré sido tonto por haber rechazado estar en universidades top para elegir la carrera que mas me gusta (con mucha diferencia) a pesar de que solo esta en una u que esta muy abajo en los rankings, ¿qué opinan ustedes?

Pd: “Rechace” estar en la usach porque pasa en paro y aparte esta en estacion central y no quiero que me roben xdd no estoy seguro pero parece que ni siquiera me postule para esa en su momento",neutral
"Ing Civil Física o Ing Civil Electrónica USM Quedé en ambas carreras y no sé cuál elegir. Creo que me llama más la atención civil física, pero he leído varios comentarios de que no tiene tanto campo laboral y eso me asusta un poco. Me interesa el área de instrumentación astronómica y el desarrollo de tecnologías para la física de altas energías. 
Necesito una idea de qué me conviene más o cuál sería la mejor opción.
Agradezco la ayuda.",neutral
"ING Civil Informática  Este año pasé a cuarto medio y tengo claro que quiero estudiar Ingeniería Civil Informática. Sin embargo, no sé en qué universidad de la región de Valpo. Estoy viendo de opciones: USM, UAI, UV y PUCV.
Quisiera que me den opiniones honestas y me recomienden cuál creen que me conviene más. Si son estudiantes de alguna de estas Universidades o estudian/estudiaron Informática, me gustaría ver su visión de estas Universidades o si me recomiendan otras. 
Muchas gracias desde ya :)",neutral
"ING Civil Informática ¿En qué Universidad estudio? 
Este año pasé a cuarto medio y tengo claro que quiero estudiar Ingeniería Civil Informática. Sin embargo, no sé en qué universidad de la región de Valpo. Estoy viendo de opciones: USM, UAI, UV y PUCV.
Quisiera que me den opiniones honestas y me recomienden cuál creen que me conviene más. Si son estudiantes de alguna de estas Universidades o estudian/estudiaron Informática, me gustaría ver su visión de estas Universidades o si me recomiendan otras. 
Muchas gracias desde ya :)",neutral
"Si mi carrera pide mucho m1, ¿podría subir mucho el puntaje de corte? 
Postulando para la usm en Valparaíso como segunda opción en la carrera de arquitectura, 3.75 puntos sobre el corte y me pide 40% de m1.

Me arrepiento de haber postulado en parte...

Evidentemente en este sub reddit no es como si me fueran a ver el futuro o vayan a sacar una bola de cristal para resolver mis dudas, pero quería saber que opinaban o que teorías tienen al respecto.

(Adjunto puntajes de corte de hace 2023 y los vigentes)",neutral
"¿Se estima que suban mucho lo puntajes para la universidad usm? Mi duda proviene de mi postulación hecha hace pocos días, en las primeras posiciones deje a la usm, sin embargo y por lo que he visto, esta universidad subió poco más de 30 puntos en la carrera que quiero (arquitectura) con respecto a los puntajes de corte de años anteriores. También viendo el alza de puntos en m1 (cerca de 22 con respecto al año pasado), siento mucho más realista irme a otra universidad. (Postuló con 25 puntajes bajo el corte y 4 sobre el corte en otra sede).

Muchas gracias por leer este post, esperó no artarlos con tantas preguntas al respecto.",neutral
"¿Qué tal es la universidad Federico Santa María (USM)? Puse a la usm como mis dos primeras opciones para arquitectura, en San Joaquín y casa central (de la segunda opción realmente me arrepiento, aunque solo supero por 4 puntos, esperemos suba xd). Quería saber que tal les parecía esta universidad en particular y si alguien sabe si es posible que aumente el puntaje de corte (no logre encontrar los puntajes de 2023 para calcular cuanto podría subir). 

Muchas gracias por leer.",neutral
"¿Alguien sabe dónde encontrar los puntajes de admisión 2024 de la usm? Actualmente no los he podido encontrar, ni en un su Instagram ni otra red social, no me refiero a los de admisión 2025 si no los de 2024. Lo más parecido que he encontrado ha sido los de 2023 y no es exactamente lo mismo",negative
"Puntaje corte plan comun usm? Hola a todos, yo este año pondero 726 y el puntaje corte de la carrera esta en 699, el problema aqui es que viendo el alza de los puntajes en la m1, ustedes creen q logre entrar a la carrera?",neutral
Malla nueva ingenierías civiles USM Han visto que la usm cambió la malla de las ingenierías civiles y disminuyeron la cantidad de semestres? Qué opinan de eso? Cómo ven la nueva malla? La usm se irá a la cresta?,negative
"¿Puedo quedar en la udp antes que en la usm? Pasa y acontece que actualmente, después del termino de las postulaciones a universidades por vía centralizada Paes, me arrepentí de mi segunda opción (Arquitectura, USM, Valparaíso) y preferiría por mucho la UDP, mi tercera opción (por temas personales y de gastos), en la USM supero solo por 4 puntos el puntaje corte mientras que en la UDP por 40. ¿Qué aproximaciones me darían con respecto al resultado?",neutral
"Informática y telecomunicaciones en la UDP.  Buenas, tengo dudas sobre cómo es la UDP en cuanto a la carrera de informática y telecomunicaciones y si está al nivel de otras universidades como la USM, la USACH entre otras. ",neutral
"Ing civil en la uch o usm Estoy muy justito pa entrar a civil en la uc así que estoy viendo plan b y me gustan esas 2 ues. Si alguien pudiera contar su experiencia o razones pa elegir una o la otra me ayudaría harto. Cabe mencionar que no tengo decidida la especialidad que elegiré en ing.
",neutral
"Cuanto creen que suba el puntaje corte en ing uc?  Buenas noches, quiero preguntarles cuanto crean que suba el corte en ing uc?

Todo el año quise irme a estudiar ing civil eléctrica a la usm, pero como un día antes de que entreguen los resultados paes, me empezó a interesar la cato y la verdad, no me preparé mucho para ciencias y lenguaje porque sabía que si me iba bien en M1 y M2 entraba demás a la usm, pero para la cato había que hacerlo bien en todas. 

Actualmente pondero 895.5, solo un punto más que el puntaje de corte 🥲 pero la esperanza es lo último que perderé ",neutral
"DIFERENCIAS USM SAN JOAQUIN VS VALP bueno algún sansano que puede ayudar con la consulta , es para ver si matricular a mi retoño en la usm santiago o mejor Usach?? quiere estudiar ing matemática  muuuuuchas gracias opes!!",neutral
"ing civil eléctrica dónde Hola, hoy entregaron los resultados paes y me toca postular a las universidades según orden de preferencia.

Quiero dejar a la PUC de primera opción (pondero 895,5), pero aún así tengo miedo de no quedar, por lo que tengo de opción además la chile y la usm (casa central de valpo) en esas dos es medio seguro que quede, ya que pondero al menos 40 pts sobre el corte, pero no sé cual será mejor opción entre esas dos para dejar en segundo y tercer puesto. 

Ojalá puedan ayudarme! ",neutral
"College a Ingeniería UC En unos días más dan los resultados de la PAES y no creo que me haya ido tan bien como para entrar directo a Ingeniería en la UC, por lo que estuve cachando que se podía ingresar por college. Mi promedio en el colegio fue de 6.85 (nem: 956 y ranking: 962) y no sé qué tan conveniente sea meterse a college ni tampoco sé cómo es el tema de traspaso de carrera. De verdad me llama la atención la UC más que nada por los programas de intercambio y la malla académica. Cabe mencionar que quedé en la USM y no sé si deba desaprovechar ese cupo. Si me pueden contar sus experiencias o dar algún consejo me serviría muchooo :)",neutral
"Buenas universidades en chile Buenas he estado buscando en reddit buenas universidades para ingeniería en chile, pero todos los comentarios básicamente se resumen en la católica, la chile, la usm y la uai, entonces no sé si alguien sabe de otras universidades buenas de chile para considerar mas opciones ",neutral
"Universidad de santiago&gt; universidad de region?  Hola buenaas, presento mi caso: tengo 18 años, doy la Paes ahora en 1 semana mas y tengo la gran duda de donde estudiar.

me gustaria estudiar ingenieria civil electrica y tengo algunas universidades en la lista las cuales son : usm san joaquin, usm en valpo, pucv, unab stgo. 

Mi duda viene debido a que, calculando ponderaciones con mi caga de nem(628) casi que la usm en stgo es descartada y me quedaria estudiar la carrera en valpo, ya sea en la usm o pucv, perooo tambien esta la opcion de la unab aca en stgo, entonces me gustaria pedir consejos, sobre si conviene irme a valpo solo con todo lo que eso significa monetariamente ya que la carrera de por si es cara, o quedarme en santiago estudiando en la unab. Ademas no hay mucha info de la carrera en la unab y me gustaria saber que tal es, los laboratorios etc.. 

Y bueno cualquier opinion, ayuda, critica es bien aceptada, me gustaria saber otros puntos de vista sobre como actuar. ",neutral
"La Universidad Diego Portales (udp) es buena para ingeniería civil industrial en 2024? Hola gente, este año son los resultados y periodos de matriculas, pasa que yo quería quedar estudiando ing civil ind. en la Usm o Usach, ya que la Puc o la U de Chile las veía muy lejos, bueno al final me quede muy cerca de la Usm y de la Usach, pero igualmente quede en la Diego Portales, ya me matricule, pero no estoy muy seguro si me arrepentiré de no haber esperado otro año y entrar en una U mejor, ustedes que opinan?",neutral
"Técnico electrónico para complementar estudios Hola, estoy pensando en sacar un técnico electrónico para complementar mis estudios, ya que conversando con unos profes me hicieron darme cuenta que igual puede hacer la diferencia en el área donde me tocará trabajar más adelante. Estuve comparando la malla de la usm y de la inacap, la de la inacap se ve mucho más completa pero también con algunos ramos que parecen ser de relleno, la de la usm se ve como si fueran directo a lo importante. Necesito opiniones de alguien que haya estudiado o conozca del tema, o le haya pasado algo parecido. Para ser más especifico estoy estudiando para ser maquinista en buques mercantes, pero para trabajar de ""ETO"" (electrotechnical officer) necesito tener la ""especialización"" de electrónico/eléctrico y en mi universidad no la imparten. ",neutral
"¿Estudiar afuera o no?  Hola cabros, soy un tipo de 18 años de la tercera región interesado en estudiar Ingeniería Civil Mecánica, me tomé un año sabático para pensar qué hacer con mi vida y rendir nuevamente la PAES dando el mejor resultado posible. Teniendo eso en claro les cuento el problema.
He leído aquí mil veces acerca de las oportunidades que puede ofrecerle a uno estudiar en una de las grandes universidades: PUC, UChile o USM. Que si el cartón se complementa con ser movido puede resultar bastante bien. Y sinceramente se convirtió en mi sueño. El salir de una universidad de renombre y tener esa base sólida para aprovecharlo de las mejores formas, apoyar a mi familia y poder asegurarme a mí y a la gente que aprecio una vida cómoda sin deudas que pagar.
Vengo de una familia de pocos recursos, tanto que si decido irme a estudiar a otra ciudad tendría que depender sólo de mí, trabajar, y con un poco de suerte pagar arriendo junto a mi pareja (Que también quiere estudiar fuera) o conseguirme un rommie. Y no me quejo al respecto, he tenido dos trabajos en lo que va del año, y creo que es cosa de disciplina organizar tiempos para todo. Vivir como Peter Parker durante unos 7 años me parece un precio justo si me abre la puerta a algo mejor de lo que conozco en este sitio.
Realmente no quiero conformarme con lo poco que ofrece esta ciudad, me gustaría apuntar tan alto como fuera posible, pero necesito saber si es posible. Me ayudaría saber qué opinan, sus experiencias con temas similares. ¿Lo ven viable?.",positive
"necesito ayuda para mi futuro 2 Hola gentesita, resulta que no me fue muy bien y casi me dan el sipee para ing plan comun en la chile pero estoy unas decenas arriba en lista de espera, tambien estoy 20 puntos fuera de las vacantes para entrar a informatica en la usm y en lo unico que quede fue en analista en computacion cientifica en la usach, no me prepare para la paes porque di por sentado que iba terminar entrando a algo similar a esa pero luego de analizarlo veo que al parecer no es lo que quiero, me interesa estudiar algo donde la programacion y el development sean lo mas fuerte, pero al parecer el analista es mas un cargo de supervisor, alguien que tenga experiencia con esa carrera que me brinde su opinion porfavor, tengo la posibilidad de tomarme el año y hacer un preu o algo por el estilo (no es la opcion mas de mi agrado) y tambien con fe de quedar en la lista de espera.",negative
"Nivelación para estudiar ingenieria Hola cabros, bueno, me postule a la USM y la UDP en ingeniería civil plan comun para así después especializarme en la wea q me salga mejor y más me acomode. La wea es que quiero entrar y no querer pegarme un tiro por no entender nada así que quería saber sus experiencias, que tan difícil esta el tema y  en que áreas me tengo q nivelar para entrar con buena base, también si podían decirme si estas U son buenas elecciones o no, Aprovechando que aun estamos en proceso de postulacion y tengo tiempo pa cambiar...Gracias mil besos mil besitos.",neutral
"Técnico en la USM pero soy de santiago Hola cabros, estaba revisando los técnicos de la USM y me parecen muy interesantes, además de que es la principal universidad a la que quiero entrar. 

El tema es que los técnicos tienen continuidad y como ahora estoy haciendo la paes, tenia pensado en que si no me va bien, entro a técnico y hago los 2 años para después continuar con la carrera en si. Pero el problema es que las carreras técnicas están en las sedes de Viña o de Concepción y no se como hacerlo ya que no tengo a nadie en ambas ciudades para hospedarme. 

Estoy pensando bien?, hay algún consejo para encontrar hospedaje o las mismas becas de residencia, que tan difícil es tenerlas, etc.

La wea es que me interesa mucho hacer el técnico para continuar, creo q seria una muy buena decisión pero el tema es como mierda me voy a conce o Viña.",neutral
"Entrar a la U me da miedo holii, estoy en mi primer año de universidad en la USM y mañana empiezan las clases. Yo soy super ansiosa y me da un miedo tremendo entrar a la universidad.

Además de que soy del Sur entonces no conozco a nadie en Santiago, nose si la manera en la que yo me relacionaba con mis amigos es la misma aqui o si hay algo que tengo que saber?

también creo que un problema va a ser mi edad, recién cumplí 18 y yo no caxo mucho de la vida en genera pq a me criaron con eso de que uno va de la casa al liceo y del liceo a la casa.

igual como soy del Sur viajar en metro y micro es super confuso para mí, a mi siempre me fueron a buscar en auto o cuando vivía cerca de mi liceo caminaba a la casa, tiene algún consejo sobre ocupar el transporte público?

en conclusión:

1- como uno hace amigos en la U?
2- como chucha se ocupa el metro y la micro?
3- no tengo calle y me da miedo Santiago sjajsjaj",negative
"Me siento, y soy un mediocre. Viví toda mi vida con el 4.0 y una suerte absurda. Tengo 20 años y mi papá me crió con el pensamiento de 'pasaste de curso con un 4, wn pulento', y yo, pensando que me iría igual de bien que él, jamás me esforcé en nada. Tuve suerte y me fue bien dentro de todo. Pensando que a mí me iría bien en la vida como a él; él es un wn extrovertido, carismático y convincente. Se metió en las ventas después de haber estudiado dibujo tec en inacap, y con los años le fue muy bien en ventas; ganaba aprox como 3 palos vendiendo proyectos años atrás. Pero yo no soy así: me metí a estudiar ing en mantenimiento industrial en el inacap. Mis amigos son todos wnes bacanes: uno está en ing civil informática en la usm, otro ing civil en la usach, otro enfermería en otra u buena; yo soy el wn penca del inacap. Me siento y soy mediocre, me di cuenta de lo inferior que soy a mis 19. Siempre tuve buena labia y fui suertudo; me va bien en los estudios. Realmente no sé cómo quitarme estos sentimientos. Estoy estudiando habilidades blandas ya que, si no soy inteligente para los estudios, tengo que ser inteligente con el habla, así como mi padre. es lo único en lo que puedo triunfar en la vida, en lo laboral.",neutral
"Ya no sé qué hacer  Este año entré a la U y desde que postulé que he estado en una constante angustia, lamento molestarlos con esto pero no tengo con quién más hablar.

Tengo 20 y este año cumplo 21, cuando di la paes por primera vez a los 18 no estudié porque me había pasado la peor wea que me ha pasado en la vida ese año y sinceramente no tuve la motivación, aparte de nunca haber investigado nada de ninguna carrera ni nunca haberme planteado ir a la U, nunca sentí que tuviera las capacidades. Me tomé otro año para darla a los 19 pero tampoco estudié bien porque de todas formas mi familia entera insistía en que simplemente fuera a un técnico, pero aún sin estudiar mucho saqué buenos puntajes y me di cuenta que en realidad sí podría entrar a la U, así que decidí darla por tercera vez a los 20, me fue bastante bien y quedé en QyF en la Chile. 

El año que la di por tercera vez quería entrar a odonto en la Chile pero luego de leer los gastos monetarios que conlleva la carrera y lo saturada que está hoy decidí dejar ese sueño a un lado (Además de que no me siento muy segura en mis habilidades manuales como para operar la boca de una persona xd), investigué más y llegué a QyF. QyF m gustó harto y me tincaba muchísimo, así que estuve debatiéndome entre odonto y QyF. No estaba muy segura de esta última porque igual tiene hartas matemáticas y yo nunca he sido más que mediocre en eso, pero al estudiar para la paes me di cuenta de que en realidad las mates más básicas noe cuestan tanto como pensaba y en la M1 me fue la raja, así que me decidí por QyF y logré entrar, de 140 vacantes en la Chile quedé en el puesto 20 y algo y estaba muy orgullosa de mí y mi esfuerzo.

Pero desde que postulé que me he cuestionado mucho está decisión, el ptje tmb me alcanzaba para cualquier ingeniería en la usach y la usm pero me dio miedo entrar a una ingeniería porque, aunque igual le agarro el ritmo a las mates, la verdad soy bien lenta en eso y me cuesta un poco la física. Además, con todo respeto a esas Ues, nunca me ha tincado mucho la usach y en cuanto a la usm me dio susto pq siempre he leído que los hacen mierda en cuanto a lo académico, incluso tengo un compañero que estuvo en esa U y me confirmó lo mismo. Otra razón por la que decidí meterme a QyF en la Chile es pq el campus me queda súper cerca de la casa, y como vivo en un barrio pésimo donde ya me han asaltado, se meten a robar a los condominios e incluso llegué a escuchar cómo trataron de secuestrar a una niña al lado de donde vivo, tengo la opción de que me vayan a dejar y no tener que andar sola por acá, que me da harto susto. Y que me lleven me ayuda a ahorrar plata en traslado, pq la plata en general me hace harta falta y los pasajes de ida y vuelta a la U todos los días me significarían un gasto grande igual. Aparte de que la usm está en San Joaquín y, si quedaba alguna caga en el metro o había mucho taco en la micro no tendría cómo llegar a la U vsbsbsb.

Pero a veces sobrepienso y siento que simplemente debí arriesgarme a una ingeniería o meterme a Ing Comercial en la Chile, que quizá así tendría más salidas laborales o podría ganar más plata. Siento que me dejé llevar mucho por el gusto a la química y la biología por lo que leí de que QyF tiene harto campo laboral en Chile y se ganan buenos sueldos, y en general me cuestiono mucho la decisión que tomé. El año pasado esta carrera me encantaba y cuando me aceptaron en la Chile lloré de felicidad, pero ahora que entré siento que no me llena y que escogí una wea penca sin haberlo pensado, cuando la realidad es que traté de averiguar harto de la carrera el año pasado.

Me siento súper infeliz, una opción que antes me encantaba ahora siento que me disgusta y creo que debí meterme a cualquier cosa aunque no me gustara solo por los sueldos y el campo laboral. No puedo parar de pensar si simplemente terminar la carrera y tratar de agarrarle el gusto como cuando me gustó hace un año, estudiar este año pero igual dar la paes de nuevo a fin de año y tratar de cambiarme a ingeniería en la Chile o terminar esta carrera y ya cuando salga estudiar otra, creyendo que para ese entonces quizá ya haya encontrado algo que me gusta y podré costearme otra carrera con mi propia plata en vez de vaciarle el bolsillo a mi mamá cuando la plata es lo que menos nos sobra.

La realidad es que no tengo ninguna habilidad o gusto especial por nada, el año pasado me di cuenta de que me encanta la ciencia pero la carrera que escogí igual no va muy orientada a eso. Siento que nada me llena, me gustaría volver el tiempo y haber tomado mejores decisiones. De verdad que traté de escoger la mejor opción con los recursos que tengo, pero aún así me siento insuficiente y weona. Creo que me metí a una carrera innecesariamente difícil y densa, hasta lo que he leído, y que si fuera por eso mejor me metía a ingeniería de una aunque mis habilidades matemáticas no sean las mejores. Otra cosa que me desalienta un poco es que escogí esta carrera pq leí que es de las pocas que no están saturadas, pero ahora que hartas Ues están impartiendo la carrera muchos hablan de que lo más probable es que se sature a futuro, y precisamente me alejé de odonto o comercial pq averigüé que ambas están más saturadas que la cresta, así que creo que tampoco fue una decisión tan buena a las finales haber descartado esas dos carreras si ahora esta otra tmb se va a saturar.

Alguien podría darme un consejo, por favor? Igual estoy pensando ir al psicólogo o algo, pero por ahora no creo que pueda. Lamento que sea tanto texto vsbsbbs, cualquier consejo que me den se los agradeceré mucho y gracias de antemano a quienes lean esto hasta el final.",negative
"U de Valpo pero estudiar ""lo que quiero"" o PUCV pero estudiar otra carrera  Necesito consejos y testimonios para ver si estudio ingieneria en la U de Valparaiso.

La haré corta, estudiaba en el infierno de la USM, me sali, di la PAES de nuevo quería la **PUCV** pero no me da para ING. Civil industrial en la PUCV pero puede puede que si lo haga para **Ing. civil informática** (en la pucv), la otra opción que tengo seria en la **UV** (universidad de valparaiso) pero no conozco a ***NADIE*** que me pueda contar su experiencia de como es estudiar esa carrera o alguna ingeniera allí.

Antes que nada considerar que parece tendre **gratuidad** por el FUAS en ambas.  
Las opciones que tengo son:

1. PUCV pero cambio de carrera/objetivo pero me arriesgo que me arrepienta
2. UV NO tengo info y ni si quiera se si enseñan bien esa carrera o las ING en general.

\*\*Por favor Ingenieros de U de valpo, o gente que estuvo allí, denme su punto de vista, se los ruego jaja.",neutral
"Me van a echar de la carrera Me van a echar de la carrera :(

Hola, esribo esto igual ahora medio alterado porque me llego de sorpresa la noticia hoy en la mañana jajajaja. Soy estudiante de la USM y ya termine mi quinto (y muy probablemente ultimo) semestre.

Yo el semestre pasado muy weon me eche mate2 por tercera vez, un ramo de segundo semestre de primer año, y eleve una solicitud de excepcion academica para que me dejen darlo por cuarta vez, que lo di este semestre y aprobe. Resulta que no sabia que por reglamento solo podia dar un ramo por tercera vez, si, muy aweonao, y me eche la fisica por no darle mayor importancia en mi carrera (civil Informatica).

Hoy en la mañana, tipo 10:30 me llega el correo diciendome que estoy en situacion de eliminado, quede pa la caga, ahora estoy escondido en el baño sin saber como decirle a mis viejos, no por miedo, sino mas bien verguenza, siempre me han apoyado, pero siempre me he sentido como un inutil, ademas mis papas ya estan mayores, por lo que me siento horrible, ademas de todo lo que han invertido para que yo el muy weon sea eliminado por no saber el reglamento.

Me duele sobretodo porque la informatica es algo que me apasiona, en los ramos de carrera mi desempeño no era malo, hasta bueno, y me motivaban a estudiar.

No tengo esperanza alguna en que me aprueben una nueva excepcion, pero queria compartirlo, no tengo muchos amigos para hablar la situacion y necesitaba hablarlo, no hay mucho que pueda hacer, si se, recontraweon, pero ya cuando me eche las mates sentia una verguenza tremenda, ahora no se como podre lidiar con esto.

Gracias por leerme, y si alguien ha pasado x algo similar o tiene algun consejo bienvenido sea :(

",negative
Alguien q haya estudiado ingenieria quimica en la uc? Estoy estudiando ingenieria quimica en la usm y me quiero cambiar a la uc pero he visto que no tienen ingenieria civil quimica como tal y la tiene como ingenieria civil industrial con mencion quimica es la misma wea o una cosa diferente,negative
"Duda sobre el prestigio Buenas, tengo una duda sobre el prestigio en el ámbito de conseguir un trabajo luego de terminar la carrera, estaba estudiando ingeniería civil en la usm, pero el ambiente y los alumnos no calzaban muy bien conmigo, me cambie este año al Duoc a ingeniería informática, me dijeron que el ambiente era bastante bueno y los profes igual, lo único que me da miedo, es que a largo plazo por haber salido del Duoc me cueste el encontrar un trabajo, ¿Realmente es importante el prestigio en estos casos?",negative
"Que responder al “de que universidad eres”? Bueno, en mi pega en más de una ocasiones cuando me ha tocado hablar con gente nueva me han preguntado de qué universidad vengo, curiosamente casi siempre la gente que me ha preguntado eso es de alguna TOP3 (UCh, PUC, USM) y yo no estudié en ninguna de esas, pero la
Pregunta en si lo encuentro incomoda ya que se siente que es para “medirse o compararse con uno” o para ver “qué tan buen profesional eres”, es como una pregunta tendenciosa (o por lo menos lo siento así)

Como responden ustedes?",negative
"Viajar a estudiar o vivir allá? holaa entre este año a la universidad, vivo como a 1 hora y media de la u y la vdd ya me tiene chata el viaje, estoy en la usm y ya me tienen llena de estudio y trabajos. estoy pensando arrendar una pieza allá cerca pero la verdad nunca he estado lejos de mi familia y me da miedo todo. ayuda q me recomiendan,1) seguir viajando sacrificando horas de sueño y estudio ya q pierdo como 4 horas al día en puro viaje, pero seguir disfrutando a mi familia y sin la responsabilidad de cocinar, ordenar, etc 2)o irme allá en una pieza, sin ver tanto a mi familia pero teniendo el tiempo de estudiar y descansar ",negative
"Para quienes estudian o hayan estudiado en la USM. Buenas tardes. Mi consulta va para quienes estudian o estudiaron en la Federico Santa María (independiente de la sede).

Conocen casos o a alguien que ha rendido por cuarta vez una asignatura? Lo digo porque hoy me rechazaron la solicitud que presente por el SIGA más la documentación necesaria (debo mandarlos de nuevo) por una asignatura que reprobé por tercera vez (me faltó muy poco para aprobarla) y me gustaría conocer testimonios de gente que haya pasado por lo mismo.

De antemano muchas gracias y que pase bonitas fiestas con los suyos.",neutral
"Ingenieria comercial USM  tengo planeado entrar a ingeco en la usm , mas alla de lo saturado y las contantes burlas a la carrera queria consultar sobre la dificultad de esta , mas queriendo en la usm donde todos se quejan de la salud mental pq te hacen pico , entonces al wear tanto a la carrera me imagino q no es de exigencia tan alta pero igual la u por lo visto te culea ",neutral
"Puntqje corte usm Hola ya que ayer salieron los puntajes paes y hoy tengo q hacer las postulaciones, cren q suba mas de 30 puntos el puntaje de corte para este año considerando los años anteriores? O me alcanza para estudiar?",neutral
"¿Aplicaciones/páginas para ejercitar código? Ayer mientras estaba aburrido encontré CodeChef y lo encontré una forma bastante entretenida de ejercitar cosas básicas de lenguajes de programación en tiempos muertos, lamentablemente el mismo día termine los ejercicios de prueba gratuita ya que la gran mayoría eran bastante básicos. No estoy en momento de considerar los 19 dolares diarios o el plan anual que ofrece la página, lo que me hizo preguntarme ¿Hay más páginas de este estilo? ¿Cuáles recomiendan? ¿Hay gratuitas?

Me gusta arto esa clase de ejercicios y recuerdo a un profe mencionar que la usm tenía una página con pdfs de ejercicios que les pasaban a los alumnos, no se si será real, pero cualquier cosa sirve para entretenerme aunque sea escribiendo codigo simple en vez de haciendo doomscrolling.",neutral
"Ing en informática a los 28 Hola tal y como dice el título pienso entrar el prox año a estudiar a la usm ing en informática (dura 4 años). ¿Lo encuentran viable? O quizas sea mejor sacar un tec mas rapido y emtrar a trabajar?
Solo necesito opinionea, de ante mano gracias
(No tengo hijos que mantener)",neutral
"vale la pena cambio de usm a uch? Buenas, como el titulo lo dice, estoy pensando en cambiarme de u, desde la usm a la uch. Estoy en segundo año de ing civil informatica con los ramos de plan comun al dia. La cosa es que la usm me tiene aburridísimo en muchos aspectos:  los espacios de estudios en epoca de pruebas son casi nulos; la gente, siento que no encajo muy bien y encuentro muy fome a la mayoria; el campus no me gusta y otra cosa es el tiempo, se que la usm se caracteriza por ser una universidad dificil y la verdad me ha ido bien pero encuentro estupido que apenas tengamos tiempo libre, ya que tambien quiero tenerlo para distraerme y salir. Quería preguntar si valdrá la pena cambiarse según estos motivos, ya que viendo la malla igual me llama la atención en la uch, y si alguien de la chile me podría ayudar lo agradecería mucho.  
Gracias por leerlo

EDIT: igual me causa mas indecisión que la malla de la usm para el otro año la actualizarán y será solo de 5 años la carrera, teniendo la opcion de tomar la nueva malla.",negative
"Quien tiene material de estudio para técnico hola gente, así como dice el título quería saber si alguien tiene material de estudio, libros, ejercicios o materia que les hayan pasado durante su carrera de IT- dev, para estudiarlo antes de entrar a estudiar esto, recomendaciones sobre qué estudiar al principio o las bases previas etc. Cualquiera me sirve aun que idealmente si es de la USM  aún mejor, quisiera estudiar de antes debido a que no tengo mucha noción aún!! ",neutral
"Síndrome del impostor? Buen día estimados/as.

¿Quizás hasta cierto punto es ""off topic""? Pero la verdad (siento) que es un tema que tengo presente desde hace unos meses y no creo que sea el único/a.

Así que vengo a compartir mi experiencia y leer en lo posible sus experiencias, opiniones, comentarios, etc, ante esta situación.

Primero que todo, estoy cursando Tec. Analista-Programador en Duoc UC.

Hace unos cuantos meses (2 ~ 3) he estado desarrollando tres proyectos (Si es posible denominarlo de esa forma):

1) Una aplicación móvil para el ramo de Aplicaciones Móviles.

2) Un proyecto local de venta de discos de vinilos de un conocido.

3) Un proyecto alterno respecto a la institución.

Por lo que he tenido unos cuántos momentos de estrés y frustración, cosa que sé manejar pero como cualquier humano, llego hasta cierto punto de resistencia.

Desde mi situación de estudiante hasta la actual (Porque un tiempo estuve en Ing. civil informática USM y tuve que retirarme un año) solía tener motivación y mucha emoción al saber que estoy realizando lo que me gusta, pasando por aprendizajes y errores, hasta lograr correctamente lo que buscaba.

Si bien, los proyectos que estoy realizando (El primero y el segundo mencionado) no han sido una carga extremadamente dura, me hace sentir lo que pienso que es totalmente ridículo e inmaduro:

- No soy capaz de valorar lo que hago, sabiendo que lo realizo mediante error-aprendizaje.
- Las AI (GPT / NLP) serán, innecesariamente, algo más importante a futuro.
- Salí de un técnico, ¿Qué tiene de bueno?.
- Tengo 22 años y ¿Tan absurdo soy para cuestionarme a esta edad?

Esto es algo de lo poco que puedo expresar ahora mismo, de lo que he estado pensando y reflexionando respecto de mi experiencia, objetivos y ""logros"".

Para terminar, me gustaría dejar la opción de que ustedes comenten su experiencia, situaciones, comentarios, no sé...

Los quiero mucho, disculpen por el testamento 😅.",neutral
"Ing en Informática vs Ing Civil  Alguien que haya estudiado Ing en informática ya aea en la USM (sede viña) o cualquier otra equivalente, que pueda iluminarme xon au exp por favor ;(",neutral
"Recomendaciones para entrar en el mundo de la informática? Hola a todos, tengo 24 años y vengo de otro rubro pero estoy muy interesado en empezar en la informática. He estado leyendo sobre lo que se hace, los fundamentos básicos y todo los aspectos relacionado con este tema, a excepción de los sueldos porque no estoy interesado en ganar arriba de $2M o algo parecido. Quiero disfrutar de lo que hago y tener un trabajo estable y seguir especializándome en un área específica donde pueda escalar poco a poco.
Tengo dos opciones en mente y me gustaría que me ayudaran o aconsejarán para saber cuál es mejor.

A) Estudiar analista programador en el Inacap e intentar buscar trabajo con ese título para empezar a tener experiencia y nuevos contactos y después continuar con la ingeniería en informática en el mismo establecimiento. 

B) Estudiar de una Ingeniería informática en la PUCV o en la USM ",neutral
"Alguien que cache de ing informática en la usm? Wena cabros, tengo pensado entrar a ing informática (no civil) en la usm de viña, quería saber que tal es la carrera, como es en temas de pegas/empleabilidad, y si es posible sacar la civil después en algún otro lado o la misma santa maría. Gracias de antemano 🙌.",neutral
"DUDA CONTINUIDAD INGENIERÍA INFORMÁTICA A CIVIL INFORMATICA USM/UTFSM Buenas, tengo una duda respecto si puedo sacar la carrera de ingeniería en informática y después pasar a la civil sacando la carrera de informatica en la misma universidad, la idea es no tener que dar la PAES, ya que puedo entrar a la ingenieria en informatica directo despues de sacar el tecnico en informatica en la misma U. Todo este webeo se debe por que tengo 403 nem (escala antigua) y tengo q sacar puntajes casi perfectos en la paes para entrar regular, aun que igual lo intentare si no se puede hacer lo que comente mas arriba. (necesitaria algo como 800+ m1, 750+ m2, 750+ lenguaje y 800 en historia) ",neutral
"Intercambio a Chile- Ingenieria Informatica Buenas a todos, ¿como están?, disculpen que use su comunidad, pero estoy un poco perdido.  
Soy un estudiante de ingeniería Informática en Argentina, la universidad me permite hacer intercambio por uno o dos cuatrimestres en algunas universidades de Chile UDD, UAC, USM y me parece una linda oportunidad para conocer Chile.  
Acá en Argentina las materias se separan en módulos de 4 horas por dia y horario es decir te anotas a 4 materias cursas de lunes a jueves cada dia una materia por 4 horas en el horario de la noche por ejemplo (6:30 a 10:30), pero revisando los horarios de las universidades en Chile veo que se cursa mas de una materia al dia en diferentes módulos. Es posible estudiar  y trabajar al mismo tiempo con esta metodolgia de horarios? Aca en argentina es muy comun trabajar durante la cursada, me encuentro trabajando en un full time mientras curso la ingenieria, mi idea seria pasar a hacer part time en mi actual trabajo y conservarlo de forma home office o en todo caso buscar algo en chile, lo cual es otra pregunta, como esta el mercado actualmente en chile? ¿dicen que me contrarían en algún rubro informático o la tengo complicada al no ser chileno? (tengo experiencia laboral).   
Otra consulta no relacionada con estudio y trabajo:  
¿Respecto a la vida social que tan bien son recibidos los argentinos en tema de hacer amigos?, si me dan los horarios haría algún deporte para sociabilizar.   


¡Desde ya muchas gracias! y disculpen si no es la comunidad",neutral
"¿USM --> PUC/UCH? Primero, muchas gracias por abrir este post.

Tal como dice el título, quiero consultarles a ustedes, la querida comunidad de informáticos ñoños y desconocidos, si es que vale la pena cambiarme de U.

Soy sansano, 2do año de Ingeniería Civil Informática (SJ), y la USM me ha hecho pico. Más encima, estoy en uno de los peores momentos de mi vida (tomando pastillas y mierdas) y simplemente siento que no me la puedo o no me la pude en la USM. Hace muy poquito que congelé y me puse a trabajar.

He escuchado muchos testimonios de ex sansanos que mencionan cosas muy parecidas: que la USM es artificialmente difícil, que es innecesariamente complicada, que la planta de profes es cuestionable, que los servicios al estudiante también son horribles (confirmo), etc. Hay prestigio y calidad en la formación, pero es todo un martirio.

Obviamente, al cambiarme a la PUC o Beauchef, estoy seguro que la dificultad no bajaría, pero muchos dicen que las oportunidades y experiencia general para estudiar mejora bastante.

Mi principal prioridad actual es regularme el tema mental, congelar el próximo semestre, juntar unas lucas y tomar una decisión.
Obviamente, estoy dispuesto a volver a intentarlo en la USM a ver cómo me va, pero tampoco quiero que sea en vano.

Por otro lado, tengo gratuidad, pero también estoy más que dispuesto a endeudarme para sacar esta carrera de mierda.

Les agradezco un montón.
Me interesa mucho leer sus experiencias, sugerencias, tirones de oreja y comentarios.",negative
"NO SÉ QUE ESTUDIAR hola buenas, tengo 17 y soy un alumno de 4to medio, sería genial si me podrían ayudar con algunas dudas que tengo, no sé que estudiar aún, si ingeniería informática o civil informática, o también otras opciones como ingeniería en software o ingeniería en ciencia de datos, no sé lo que busco aún, solo sé que busco algo relacionado con esas cosas, entonces si me podrían explicar los pros y contras de cada carrera o si existen otras y cual es mejor, sé que no hay mejor pero se podría decir la más completa, o quizás me conviene un técnico de 2 años en vez de hacer una carrera de 4 años, así no ""gasto"" esos 2 años estudiando sino trabajando, a la vez haría mis propios proyectos, estudio y gano experiencia, quizás así aprenda más que con los 4 años de ingeniería, digo esto porque en ingeniería informática o al menos en este campo no importa tanto el prestigio de las universidades, sino más lo que uno sabe hacer, también tengo entendido que en el extranjero se estudia menos años, entonces tengo una vaga idea de irme a estudiar afuera pero no sé en que país ni como, entonces apreciaría harto todos los consejos o recomendaciones que me puedan dar, mis opciones de universidad son pucv, usm, uai, uch. O si tienen otras ideas de universidades que sepan mencionenlas, si pueden contar sus experiencias en las universidades que mencioné y cual recomiendan, cual conviene más, o si estudio un técnico podría ser en inacap o duoc, cúal es mejor inacap o duoc, o el tecnico que ofrece la pucv o la usm, si estudio técnico ¿en donde sería mejor? gracias de antemano.
",neutral
"Analista informático INACAP - Técnico Universitario en informática USM Hola, busco algunas opiniones y experiencias similares respecto de esta decisión

Ya tengo un título en ingeniería civil de una universidad estatal, pero lamentablemente no me ha dado los frutos que esperaba en cuanto a empleabilidad. Ahora quiero apostar por algo que me permita reinsertarme laboralmente de una manera más efectiva, y me estoy inclinando por la informática/programación, idealmente en un programa vespertino para poder trabajar al mismo tiempo.

He estado evaluando dos opciones: **INACAP** y la **USM**. 

INACAP me resulta más cómodo porque no tendría que moverme de ciudad, además de que parece tener una acreditación similar a la de la USM. Aparte, dado que en informática no necesito laboratorios súper especializados como en electricidad o electrónica, con un PC decente bastaría para la mayoría de las actividades prácticas.

He estado revisando las estadísticas en [**mifuturo.cl**](http://mifuturo.cl) y no veo una diferencia tan abismal entre ambas instituciones en cuanto a empleabilidad, pero no estoy seguro de qué tan confiables son esas cifras. Por eso, quería saber si en la realidad laboral pesa tanto el prestigio de la USM frente a INACAP cuando se trata de conseguir trabajo en este rubro.

[Estadísticas ingreso\/empleabilidad](https://preview.redd.it/ujukgjqwobie1.png?width=968&amp;format=png&amp;auto=webp&amp;s=1b1049d44aa80eb95216d05c3360b43242b832c9)

Por último, me gustaría saber qué tan prácticos y aplicados son los programas en ambas instituciones. He revisado las mallas curriculares y en ambos casos veo algunos ramos que me parecen un poco de ""paja molida"". Si alguien que se haya formado en alguna de estas dos instituciones puede comentar sobre la cantidad de teoría vs. la práctica, sería de gran ayuda.  


[Malla USM](https://preview.redd.it/i9xudkljobie1.png?width=1218&amp;format=png&amp;auto=webp&amp;s=ab395e47d4d5c880d98b0b1a832f68f5835b2ca9)

[Malla INACAP](https://preview.redd.it/kwgghz6oobie1.png?width=1410&amp;format=png&amp;auto=webp&amp;s=62bfb7be84d169c35150e3bbbe5be6195f907106)



",neutral
"Consejo para universitario inexperto Buenas comunidad, soy estudiante de quinto de ing civ electrónica en la usm (cc). Mi mención es computadoras y me interesa caleta todo lo relacionado con software, sin embargo, siento que la carrera me ha enseñado de muchas cosas, pero en ninguna me he ""especializado"" entonces siento que si bien he aprendido sobre el área no estoy especializado en nada, y cuando he tratado de buscar práctica siempre se busca a gente que ya haya metido harta mano al área y yo estoy  recién empezando. Mi petición es que si alguien entendido me pueda recomendar que puedo hacer en mi caso para encontrar práctica, o para prepararme individualmente para lo mismo (este semestre me toca full ramos de mención, pero ni cagando salgo como experto). Gracias de antemano.",neutral
"Ing informática, Usach o USM [removed]",neutral
"Como es la cuestión? Me siento en un caos, todos dicen que en todo el mundo informática está valiendo callampa laboralmente, muuchos otros ya titulado están intentando entrar al este mercado, otro dicen que informática es el futuro y que todos ganan 3 millones. A quien le creo por dios? me saqué la chucha pa entrar a civil informática en la usm y siento que estoy perdiendo el tiempo la verdad, no quiero creer que el mercado está tan mal como dicen al punto de que por ej en eeuu nadie encuentra pega en computer science, dicen que medicina te asegura buenas lucas pero para ejercer fuera del país es básicamente sacar la carrera de nuevo. A los entendidos de aquí y/o gente que conozca bien el mercado, que hago? me salgo de la carrera, me especializo en un área específica de esta?, mi meta de vida es sacar a mi familia de chile e irnos a un país como canadá para poder vivir de una forma más cómoda, pero es un sueño que veo cada vez más lejano viendo como van las cosas. Que pasara en 5-10 años más? estaremos todos cesantes?. No entiendo realmente ni sé a quién creerle respecto al panorama IT. Soy todo oídos, gracias por leer.",negative
"vale la pena trasladarse de U? Soy estudiante de 2do año de ing. civil informática en la ucn (coquimbo) y de inicio de este año me surgió el miedo a que la U no sea buena (esta solo en el top 15 de chile) y que por lo mismo después se me haga difícil surgir en lo laboral. Estaba viendo la posibilidad de trasladarme a alguna U (puc, usm, usach, uch) en santiago porque cumplo con los requisitos de traslado (mínimo promedio general 5.0, primer año 100% completo y curriculum porque en mi primer año de carrera hice una app con usuarios).
en mi U actual veo muchos profes que no son ni doctores, ni magistrados, muchos solo son egresado de alguna ing, varios ramos son muy desorganizados y lo otro es que la cantidad de oportunidades que hay en la serena vs las que hay en santiago igual es grande. 
me gustaría saber que opinan ustedes, seria buena opción un traslado? (y quizás salir 1 año mas tarde de la carrera), que tanto va a pesar el prestigio de la U cuando me titule? se me hará mas difícil surgir si me titulo de una U que no es prestigiosa?",negative
USM Valpo vs San Joaquin Donde hay mejor nivel de profesores para estudiar Civil Informatica? salu2,neutral
"ING CIVIL INFORMATICA VS ING INFORMATICA USM Se que se ha hecho harto esta pregunta pero la mia es un poco mas especifica, es respecto a la diferencia entra esas dos carreras en la USM en especifico, mi duda es si vale la pena realmente la civil, ya q he visto q la informatica normal no tiene ramos de algoritmos complejos q si tiene la civil q es mi mayor preocupación, ya que es diferente aprender por si solo algoritmos complejos a aprenderlos en una universidad top.",neutral
"Ciberseguridad o Ciencia de datos? Soy estudiante de civil informática de la usm, pero estoy entre esas 2 especialidades de todas las que me ofrecen, pero quiero saber la opiniones de los del reddit sobre que camino tomar, yasea campo laboral, sueldo y como se viene el futuro, etc
Gracias por su aporte.",neutral
"De Analista Progrqmador INACAP a Ingeniero en la USM o USACH Así cómo escuchastes, alguien que haya salido de analista programador de INACAP y haya convalidado ramos para sacar la ingeniería en una de estas dos universidades de “prestigio”? 

Que tan viable es? 
Vale la pena? 
Es tan difícil cómo dicen? 

Teniendo en cuenta mi base Inacapina y el buscar cómo desafío profesional y de experiencia/oportunidad tomar alguna de estas dos opciones? 

Sería en modalidad vespertino 
Acepto cualquier orientación, consejo, puteadas, lo que sea haha 
",neutral
"Informatica usm Alguien que estudie o haya estudiado ing en informatica en la usm de viña o conce que me cuente su experiencia y si vale la pena ya que no es la ing civil, gracias",neutral
"Qué universidades recomiendan? Quiero estudiar civil informática pero por ej pra la chile no me da el puntaje, para la usm lo tengo difícil, que otras universidades son buenas opción? Por mi parte había visto la u mayor que la carrera de llama ing. Civil en computación e informática, y la u autónoma que es civil informática. 
Estas son buenas u para la carrera?? O hay alguna mejor que tenga puntaje de corte alrededor de 720?",neutral
"Técnico Informático USM: ¿Qué conviene más - Advance o certificaciones? Buena cabros, soy técnico en informática de la USM, actualmente estoy con pega. Intenté convalidar ramos en otras U/institutos pero no me pescaron y como ya no quiero estudiar 4 años, estoy entre:

- Hacer Advance en la UNAB (online, con grado y licenciatura)(2 años y medio)
- Sacar certificaciones buenas (AWS, Microsoft, etc)

Teniendo en vista que mis objetivos a largo plazo son trabajar para afuera, cuál creen que será mi mejor opción el título profesional Advance o tener certificaciones reconocidas?  Valdrá realmente la pena sacar el título de Ingeniero?

Agradeceré sus experiencias!",neutral
"Que tal es la UDD en Informatica? https://preview.redd.it/ygrbvch9ctbe1.png?width=5811&amp;format=png&amp;auto=webp&amp;s=13f7c83f71132615b6d05da10a01d28815fbf03c

Holaaa, la verdad que me gusta mucho la malla, ya que quiero irme por el lado de IA y la UDD es la unica que tiene tanto sobre IA en su malla, siento que saldria altiro con mejor base, ademas que me imagino q es una U donde sales con buenos contactos...

La verdad que mi meta es eventualmente trabajar de manera remota e internacional, y siento que con esta U podria ""partir con ventaja"" en cuanto a ese objetivo.

Pero me alcanza pa la chile, la puc y la USM. Serian una mejor opcion que la UDD para mis objetivos?

Que opinan?",positive
"Entrar a civil informatica en la UDP o entrar a civil telematica y dsp cambiarme en la USM Bueno me fue meh en la paes, pero me alcanza para entrar directamente a Ingeniería Civil Informática y Telecomunicaciones en la UDP, no he escuchado opiniones sobre esta U y se que no es tan de renombre como lo serian la Uch, Uc, Usm, etc. Pero encuentro que igual tienen buena malla. Lo otro seria ir a civil telematica en la usm para despues cambiarme a informática, pero no se si valdria la pena. Estoy abierto a otras opciones que sean en santiago, por que no me dejaron ir a estudiar en valpo xdd.",neutral
"UNAB Advance vs INACAP para Ing. Informática - Con miras a emigrar Buena cabros,

Soy técnico informático de la USM y estoy entre estas dos opciones para seguir estudiando:

\- UNAB Advance (online): 2 años y medio. Da licenciatura EN INGENIERÍA (no en ciencias) 

\- INACAP (vespertino): 2 años + los 2 que me convalidan = 4 años en total. No da licenciatura

Mi meta es irme a Nueva Zelanda, Australia o Europa. Y aquí está mi duda: algunos me han dicho que la licenciatura es SÚPER importante para los papeles de la visa calificada, pero otros me dicen que lo que realmente importa es tener una carrera de 4 años total para que te la reconozcan como Bachelor afuera. 

¿Cuál de las dos opciones creen que me serviría más pensando en emigrar? ¿La UNAB por la licenciatura o INACAP por ser 4 años en total?

También si hay alguien que haya estudiado o esté estudiando en alguna de las dos, me sirve caleta saber qué tal es la carrera, los profes, la malla, etc.

Si alguien se fue o está en proceso de irse pa fuera, me serviría caleta su experiencia. Igual si alguno estudió alguna de las 2 carreras, me ayudaría saber su opinión.",neutral
"Duda de Carreras y Ues Hola chiquillos, tengo dudas y me gustaría que me orientaran porfis.

Estoy interesado en la carrera de LICC en la UC, pero no estoy seguro si con 20 puntos sobre el corte posibilidades de entrar. Me tinca esta opción porque no incluye el plan común de civil.

Como segunda opción, estaba pensando en Ing. en CS en la Adolfo, pero también me da vueltas la idea de Ing. Civil Informática en la USM, aunque he escuchado que es un baño de sangre y el ambiente ahí nomas.

Cualquier recomendación, consejo o tip es bienvenido. :c",neutral
"Buscar práctica industrial Hola buenas estoy en segundo año de ing informatica en la usm (viña), y tengo que empezar a buscar práctica. Serían tan amables de darme consejos y lugares en donde podría buscar? Muchas gracias de antemano 🙌",neutral
"Cómo ingresar a la USM? Buenaas, el otro día pedí consejos sobre donde estudiar para continuar evolucionando en el mundillo del TI, ya que estoy en un cft y muchos me comentaron sobre la USM o universidades que siempre vi fuera de mi alcance, por eso quería preguntar, luego de que termine el técnico, si quiero entrar a la USM tengo que volver a dar la paes? o como? aparte también vi que tendría que echarme 5 años, aunque dicen que con continuidad te descuentan años, pero no sé, me falta algo de orientación al respecto, o bastante...",neutral
"¿Qué podría estudiar? Necesito orientación. Buenas, es el primer post de mi vida que hago en Reddit, y espero poder contar con su ayuda, supongo que no hay mejor lugar. [Post largo]

Les cuento, este año entré a la USM, no estudié un pingo, ni mérito he hecho para entrar, no tengo idea de nada y las matemáticas no son mi área. Irónico, pero esperaba lograrlo.
Más allá de esto, hay varias cosas que me han dejado de convencer de la universidad a pesar de lo poco y nada que llevo y para no entrar en detalles, planeo dejarla e irme por un camino más corto y que asegure que efectivamente aprenda.

La cuestión es que me interesa entrar a Ingeniería en Ciberseguridad del Inacap. La malla me es convincente, es muy parecida a la de Informática pero cambia algunos ramos muy generales o medio teóricos por otros muy buenos de la rama de la ciberseguridad, y como es un sector que me gusta, quisiera probar a irme por ello.
Ahora, sé que el hacking y todo lo que pasa constantemente en el medio puede ser abrumador y requiere de mucha cabeza, por lo que igual considero irme por un lado más calmado y hacerme dev Front End o Full Stack, pero sé que gracias al tema de los bootcamps, se saturó de juniors y aunque no imposible, ha hecho difícil resaltar en el área y como saben, sin experiencia ni te pescan.

Entonces, ya que acá hay gente con experiencia en el área de las IT, ¿Qué me recomiendan hacer? ¿Qué lugar o medio será confiable para estudiar estas cosas? ¿Será una carrera confiable en el Inacap, valdrá la pena conseguir un título de -Ciberseguridad- y no como informático? Igual sigo con la duda, Full Stack? Hacking? Ambas? Y eso, necesito orientación, no quiero cagarla de nuevo.",negative
"Opinion Tec. telecomunicaciones y conectividad USM hola, tengo varias dudas respecto a la carrera de tecnico en telecomunicaciones y conectividad, actualmente lo estoy cursando en la USM, considero que la universidad es solida en ámbitos académicos e internacionales pero fuera de eso.

¿creen que es una buena carrera?

me gustaría especializarme en ciberseguridad, me gusta el código también pero desconozco el campo que puede existir en Chile como en el extranjero.",neutral
"¿Qué estudiar y dónde? Ing Ciberseguridad, Ing Civil Informática o Inf y Telecomunicaciones. Ojalá que estén muy bien y que hayan tenido un buen día. 

Tengo claro lo que quiero estudiar, me gusta y me atrae el tema de programar, pero tengo varias opciones y quería ver si me podían dar una opinión sobre esto, sé que hay 20 mil preguntas más abajo, pero no he encontrado algo más específico, más que nada hago esto porque tengo poco tiempo y tengo hasta el 5 de enero para postular en algo.

Con mi puntaje de PAES core que no me dio para la USM, USACH, que justo era en esas que quería entrar.

Mis opciones que tengo contempladas son:

1) Estudiar en la UNAB, como tengo la pila llena del FUAS, aprovechar un par de becas, sacar CAE y estudiar Ing Civil Informática

2) Ing. Ciberseguridad en la INACAP, ya que aprovecho mi gratuidad.

3) UDP, ya que el puntaje si me da, pero la carrera sería Ing Civil en Informática y Telecomunicaciones, en este caso también aprovecharía la gratuidad, pero desconozco que se hace específicamente en telecomunicaciones.

4) Adolfo Ibañez, Ing Civil Informática, no tiene gratuidad para mí, egresé de 4to el 2022, así que la misma, usar CAE.

Quisiera saber qué opinan sobre esos lugares para estudiar y sobre la carrera, ¿tienen suficiente campo laboral, buen sueldo y futureproof? ¿Son buenos lugares? Ya que después de 5 años el mercado siempre va cambiando y esa es mi preocupación. Ah y, ¿vale la pena usar el CAE?

Eso sería, ojalá no haber confundido a alguien pero no sé que hacer por ahora, muchas gracias por eler.

&amp;#x200B;",neutral
"Informatica USM o UNAB (advance) Vespertinos Hola cabros/a les cuento salí del duoc de ingenieria en conectividad y redes, una wea enfocada en redes, ciberseguridad y telco. Pero no me gusta siendo sincero, nunca me gusto mucho, saque la carrera para no perder la gratuidad. Ahora trabajo como admin de infra para un proyecto de desarrollo de software con ASP.net  para unos clientes AFP. La wea es que este año y el pasado por medio de conversar con desarrolladores y gente del rubro (también leyendo en esta red social) y cursos de udemy, platzi, coursera, etc me he dado cuenta que me gusta mas el desarrollo de software y el mundo de la data. La wea es que me quiero reinventar y poder trabajar en roles t.i así. La pregunta es
¿Que opinan de las carreras advance? precisamente de la UNAB, ¿Recomiendan estudiar en esa wea Ing de computación y informatica? ¿Que opinan de la USM (universidad tecnica federico santa maria)? ¿recomiendan estudiar ing de ejecución en software en la USM? (creo que no es un advance pero es vespertino) entre esas dos opciones ¿cual elegirían y por que? 
Me gastaría leer opiniones, experiencias, también de otras U o institutos (weas vespertinas si po que si no trabajo no como). Tengo 24 años ¿estoy viejo para reinventarme? Eso po los leo😘.",neutral
"Ayuda o recomendación en cuanto a lugares de estudio buenas tardes a todos, hago este post para buscar guías o alguna recomendación de dónde estudiar, egresé el año pasado y me tomé un año. planeo estudiar el 2024 y ing civil informática me llama la atención, tiene buenos sueldos y es un área en la que quizás no me manejo específicamente, pero me manejo en el área computacional, siempre he estado con pcs de chico y me gustaría aprender harto sobre la materia. mi puntaje fue bueno pero no excelente, por lo que estoy viendo en qué lugar de estudio ingresar. mi primera opción fue la usm porque en los rankings sale como 3era mejor universidad de Chile y la wea, pero he cachado que es innecessrismente difícil, q los profes son capos pero en habilidades blandas decaen o cosas así. luego me interesé en la usach, pero tampoco sé qué tal sea en la carrera. quizás no sea una universidad sino un instituto, o algo por el estilo, pero por temas familiares estoy como medio obligado a entrar a una u, aunque al final creo que valdrá pico lo q me digan. 

mi objetivo es sacar la carrera, ponerme a trabajar, ojalá q desde la casa, y quizás un tiempo después especializarme en el área de cyber seguridad. muchas gracias",neutral
"AYUDA  

Hola, tengo 17 años, voy en 4to Medio y me gustaría estudiar Informática porque quiero ser programador, aspiraba a la U de Chile, la U Mayor, y la USM mas que nada, pero no me inscribí a la PAES de ciencias, me empecé a informar hace poco de carreras y universidades, así que no se na mucho del tema, ¿Qué me recomendarían, esperar al otro año pa dar la PAES de ciencias, meterme a alguna parte que no me pida esa prueba, o no es totalmente necesario que de la de ciencias? por favor necesito orientación D:

 ",neutral
"Ingeniería Comercial USM vespertino / advance Hola! Estudie una wea humanista que tarde o temprano limitará mi techo laboral. Así que quiero desde ya ver opciones de 2° carrera. En general las ues que ofrecen cosas vespertinas u advance, son ues re malas, pero encontré que la USM ofrece comercial en 3 años. Me gustaría escuchar experiencias más que nada post egreso, realmente vale la pena? cuánto están ganando? en que áreas están trabajando? cómo están versus ingeco uch, uc, uai, etc?

Mencionar que sería presencial todos los días (campus Vitacura), 11 meses al año, me haría MIERDA físicamente y mentalmente, debiendo más de 15 palos, pero si el escenario laboral lo vale, estoy dispuesto :)

pd: mientras estudio estaría trabajando. de referencia trabajo en mkt digital, gano 1 palo aprox, pero busco poder trabajar en áreas de mejor paga como finanzas, operaciones o analytics. en la u tuve cursos de economía, finanzas, etc. Me encantaron, pero igual los pasaba con 4.5 - 5, tampoco me iba tan bien, y eso que eran cursos más ""fáciles"" que sus similes de comercial.

tengo 24, así que saldría con 27-28",negative
"Dudas perfil profesional y bajo nivel Hola todo el mundo,  busco recomendaciones en base a mi perfil y búsqueda profesional, cualquier comentario es bien recibido :) Disclaimer: Me referiré a lenguajes como C y Rust como bajo nivel por la practicidad del post.

Sucede que me gusta mucho lo que es programar en low level o bajo nivel pero por cosas de la vida tengo mas experiencias en trabajos que no involucran ello. Tengo la duda de cómo es (si es que hay) ámbito laboral programando en bajo nivel en Chile. Planeo irme para afuera pero estoy ganando un poco de experiencia y formalizando mis estudios.

Se que me gusta por la práctica y teoría, amé C haciendo un http por amor al arte y ahora tengo unos proyectos en assembly x86\_64, C y mientras termino de aprender Rust trabajo en algunos aportes que se ocurrieron para RedoxOS. Bueno y armo mi distro personal de linux mas que nada por gusto y practicidad a al cambiar de equipos. Aparte, he hecho contribuciones a open source y uno que otro pequeño aporte a un par de distros linux (no especificaré para no doxearme tanto jaja).  El tema es que como decía mi experiencia laboral ha sido no solo no enfocada en ello si no que también un poco dispersa, teniendo experiencia en Soporte (ganando experiencia), Desarrollo back-end e Infraestructura (como apoyo en  algunas automatizaciones y trabajos con servidores de distinto tipo). 

Actualmente soy jr y según mi actual jefe, no me queda mucho pal semi-senior. Actualmente estoy dirigiendo un poco mi perfil para DevOps o sistemas ya que me gusta y  he podido trabajar algo. Añado que estoy terminando un técnico, pero por sorpresas de la vida y unos buenos simulacros PAES, daré la prueba para entrar a ejecución en informática en la USM ya que me dio de sobra, casi que por amor al arte y pensando también en enseñar en algún momento ya que creo poder contagiar el gusto que tengo :) (Siempre fui estudiante cacho y porra hasta hace no mucho que me rehabilité, estoy demasiado contenta con mi progreso y creo que puedo aportar en la educación de personas que se puedan ver como yo me vi en la universidad de mas joven).

Eso! gracias a quienes lean y disculpen el mucho texto y la posible mala redacción, jajaja :) Que vergüenza el post :$ ",neutral
"Ingeniería o técnico? Hola buenas, tienen algún consejo sobre si es mejor estudiar el técnico y luego sacar la ingeniería o meterme directo a la ingeniería? Estoy pensando en entrar a técnico en informática en la USM el 2026; conozco programadores buenos que han dicho que ingeniería es innecesaria si eres bueno, pero estoy dudoso aún. Me tinca el técnico porque son dos años y no pide puntaje, me estaría cambiando de carrera (derecho) así que la idea de salir antes me atrae bastante. Gracias! ",neutral
"Estudiar Ingeniería Informática en una universidad en modalidad diurna después de estudiar Analista Programador en un CFT. Hola, teniendo en cuenta cómo está la empleabilidad en esta área para los recién egresados, mi pregunta es la siguiente: hace menos de un mes terminé los ramos de Técnico Analista Programador y quiero saber qué tan recomendable sería estudiar Ingeniería Informática en una universidad como la USM o la USACH, en modalidad diurna, si ya he sacado un título de Técnico Analista Programador, en el caso de no encontrar pega y considerando que tengo los medios económicos para hacerlo.

Actualmente estoy aprendiendo y repasando contenidos para hacer una buena práctica y aumentar mis posibilidades de ser elegido en alguna entrevista. Asumo que así debe hacerse, pero, leyendo cómo está el mercado laboral, me preocupa cuánto me costará insertarme en el mundo laboral.

Suelo leer acá que lo que realmente sabes pesa más que el título, pero también he visto que los ingenieros de universidades como las que nombré antes, según MiFuturo y otras fuentes, tienen mejores proyecciones de sueldo en promedio. Además, lo más importante es que creo que, al salir de una universidad, tendría mejores oportunidades de encontrar pega que si me quedo con un título técnico de un CFT o de ingeniero de un IP.

Estoy bien perdido, la verdad. Creo que me estoy adelantando a los hechos, y sé que tomar decisiones importantes en base a lo que diga gente de internet no es buena idea, pero necesito opiniones y no sé dónde acudir ahora.
",neutral
"Que opcion elegir? Ya q hoy salieron los puntajes de la paes, me alcanza para ingenieria civil informatica en la usm de valparaiso plan comun, la udp y estoy 15 arriba del corte en la pucv, me gustaria saber q universidad eligirian, cabe recalcar q tengo gratuidad y vivo en santiago pero no me importaria vivir en valpo y sacrificarme para entrar a una buena universidad ",neutral
"Cómo complementar la carrera Hola, voy a cursar mi último año curricular de  civil informática (usm) y me gustaría saber cómo han complementado uds sus conocimientos con cursos, certificaciones, estudio, etc. Me gustaría encontrar pega este año en el área de ciencia de datos, ML o ingenieria de datos x ejemplo, en la u he usado mucho Python y las librerías principales del área, además de mucho Power bi en mis prácticas, pero al momento de encontrar pega siempre piden muchas más cosas y bien variadas, entonces quería saber cuales son las que más se buscan o lo que les ha resultado a uds. 

Gracias a todos y saludos!",positive
"USM (Valparaíso/Viña) Buenas, quería saber la experiencia de gente de la quinta región en la usm, ¿Es tan difícil como la pintan? Quiero entrar a ing informatica y debo decir que no era para nada bueno en matemáticas por el hecho de ser flojo nomas, no por entender. Obvio uno entrando a la U cambia la mentalidad así que eso, quería saber que tan difícil la encuentran, experiencias, recomendaciones, etc. ",negative
"Duda dónde continuar la ingeniería Buenas! para hacerla corta, trabajo hace 3+ años en el área web/cli y terminé recién la carrera técnica en un instituto más o menos nomás (más que nada para asegurarme un título en caso de querer cambiarme, ya que empecé como autodidacta). Ahora estaba dándole vueltas al tema de hacer la ingeniería (porque me gustaría hacer clases a futuro) y quería saber qué opciones tenía.

No sé qué tanto peso tendrá la institución una vez ya teniendo años de experiencia la verdad. 

He visto como opciones la [USACH ](https://www.usach.cl/prosecuciones-facultad-ingenieria-5)en vespertino o la [USM](https://usm.cl/admision/carreras-vespertinas/ingenieria-de-ejecucion-en-software/); más que nada porque igual me gustaría tener una universidad decente en mi CV, pero no sé si valdrá la pena en cuando a esfuerzo y que sea vespertino presencial.

Por otro lado he visto carreras online como la [UNAB ](https://advance.unab.cl/carreras/ingenieria-en-computacion-e-informatica-online/)o [UGM ](https://advance.ugm.cl/carrera/ingenieria-en-computacion/)que tienen como un plan más corto de ""advance"" pero claramente hay unos escalones de distancia con respecto a las que mencioné.

TLDR; no sé si valga la pena sacar la ingeniería en un lugar más bonito y el esfuerzo extra que conlleva (estudio + presencialidad) vs una universidad un poco del montón.

Espero sus opiniones!",neutral
"Campo laboral de cloud Hola a todos, soy ingeniero civil informático titulado de la usm, he estado unos meses buscando mi primer trabajo como desarrollador full stack, pero sin éxito todavía, por otra parte, estaba interesado en empezar a estudiar cloud, para trabajar como cloud engineer o architecht. Quería ver si me pudiesen recomendar que rumbo tomar, saber si con certificarse en algún servicio cloud me es suficiente para poder buscar un trabajo de junior, o seguir buscando trabajo de desarrollador.

Cualquier información que me puedan otorgar se agradece.",neutral
"Giro de carrera o consejo  [Alerta de mucho texto]
Hola a todos que tal como van, esperando que todo bien les quería preguntar o pedirles un consejo, les cuento soy Ingeniero civil electrónico de la USM, llevo ya un tiempo trabajando en una empresa dedicada a temas de automatización( cumplo 3 años este mes), estoy mas dedicado a la venta, estilo el cliente tiene un problema y debemos desarrollar una arquitectura para abordar ese problema obviamente dedicado a temas de automatización industrial, Scadas, adquisición de data, etc.
Hace ya año, comencé a introducirme en temas mas IT, obviamente manejo algunos temas de redes pero nada del otro mundo. Comencé a aprender AWS me pareció interesante y comencé a darle mas profundidad ( le dedico unas 4 horitas diarias 2 antes de ponerme a trabajar y dos después) de eso ya ha pasado 1 año y medio, hago algunos proyectos propios básicos, onda levantar wordpress con balanceadores de carga, migración con DMS, algunas con IOT que es mi área entre otras cosas.
La cosa es que mi picó el bichito de entrar a algún entry job dedidado a Cloud orientado a venta( que es lo que tengo mas experiencia) principalmente por que hay cosas que no manejo dentro del
Desarrollo web, en este tiempo de aprendizaje saqué las certificaciones de Associate( me falta 1 ) y bueno nosé si el mundo de IT existen estos roles tecnicos y ventas, que me aconsejan? Igual es mi pega actual estoy bien, pero ya estoy un poco quemado y me gustaria moverme para seguir aprendido.
Eso cuidense y cualquier
Comentario es bien recibido 

Saludos !!",neutral
"Tecnico en informatica Duoc o ing en software usm Espero esten todos bien

Soy egresado de una ing lejos de it, por lo que no puedo darme el lujo de estudiar en formalidad diurna, sin embargo, tengo pensado estas dos carreras que ya he investigado y llegue a esta conclusión (no he estudiado si la usach tiene modalidad vespertina), cual tiendria mas sentido estudiar.

Agradecido de todo apoyo ",neutral
"Desahogo con respecto a mi presente profesional en IT (texto largo) Hola gente

Este post es mas bien un desahogo con respecto a mi presente profesional y personal. Considérenlo como una continuación de [este post](https://www.reddit.com/r/chileIT/comments/1ayc8fb/adaptarse_al_mercado_o_enfocarse_en_tecnologias/) y les pido tanto a los mods como al admin que no bajen la publicación ya que necesito la opinión de quienes puedan comentar y así tener mas claridad de lo que puedo hacer

Yo llevo 10 años como profesional primero haciendo sitios Wordpress y luego en trabajos mas grandes como Fullstack en PHP y JS, aunque en estos últimos años me he estado especializando en Backend y Devops. No es que odie PHP pero siento que ya no me aporta nada a mi CV y necesito enriquecer mi status profesional, mientras que con JS casi siempre he tenido trabajos en Frontend y para mi es un área del cual no me siento cómodo de trabajar. Por eso me enfoco en Backend y Devops siendo Go mi caballo de batalla del cual quiero destacar en mi CV pero siempre me rechazan debido a la falta de experiencia, al contrario me llueven ofertas de Fullstack en PHP o Frontend en JS del cual dudo en aceptar salvo que sea por necesidad como en mi anterior trabajo.

Con lo anterior me sigue dando vueltas la pregunta del [otro post](https://www.reddit.com/r/chileIT/comments/1ayc8fb/adaptarse_al_mercado_o_enfocarse_en_tecnologias/): ¿Adaptarse a las tecnologías que se usan en el mundo laboral? ¿O enfocarse en una tecnología o área del cual uno está a gusto de trabajar? Para mi es algo muy difícil de responder ya que he tenido experiencias pasadas muy pencas que me dejaron con traumas y hasta normalizo sus practicas hoy en día. Por ejemplo cuando hacia de front me pedían maquetar el sitio desde colores, formas, tamaños, transiciones que, junto con ReactJS son cosas que a mi no se me da. Menos mal que aprendí VueJS y en un trabajo teníamos un diseñador del cual yo implementaba todo lo que el hacia pero al final yo era el responsable de todo y era una carga que no estaba a gusto de asumir. Por eso mismo no busco y hasta rechazo ofertas que incluyan algo de Frontend ya que si bien no es mi fuerte aun tengo miedo de volver a trabajar en eso, no sentirme cómodo y hacer un mal trabajo. Al ser de región la oferta laboral es menor con menos sueldo y tecnologías antiguas, para un proyecto financiada por una universidad ganaba 500 mil ya que unos años de experiencia y a los meses me reemplazaron por un practicante de la USM (que dio la cacha al final), una vez trabajé en Santiago como Fullstack en PHP pero viajaba todos los días y mi sueldo era rozando el millón liquido, y para una agencia de diseño me pagaban 250 mil por sitio Wordpress entregado y en caso de no haber clientes no pagaban, me amenazaban intentando retenerme y fue gracias un amigo que logré salir de ahí.

En el otro post alguien mencionó de que los lenguajes son una herramienta mas. Me gustaría creer eso ya que tuve una oportunidad de trabajar en NodeJS lado servidor sin mucha experiencia y me pude adaptar de lo mas bien, pero aun así mi stack actual ya no me da valor y busco algo mas actual y vanguardista. Por eso de los muchos lenguajes de moda hoy en día me gusta Go por su sintaxis, similitud con C y potencial uso en Devops y microservicios pero aun así no tengo oportunidades ya que siempre me piden experiencia previa sumado a que salí de un instituto no tengo una buena base sobre arquitectura, SOLID, patrones y otras cosas salvo el desarrollo. De hecho en una charla en el 2023 uno de los expositores mencionó estar feliz trabajando en Rust que ya no quiere volver a tocar código Java, C# o PHP, mientras yo me pregunto ""¿Como el llegó a trabajar con dicho lenguaje? ¿Trabaja para el extranjero? ¿Encontró una empresa chilena que lo use? ¿Y de verdad está tan confiado en que no volverá a tocar código de lenguajes que suelen ser odiados?"" Yo personalmente desearía estar en sus zapatos y aceptar trabajos que de verdad me gustan en vez de aceptar trabajos con tecnologías que no son de mi agrado pero a veces me doy cuenta de mi realidad y se me pasa, luego me hago bolita y me pongo a llorar.

Si tuviera el tiempo aprendería Rust, Ruby, Python o incluso C junto con Message Brokers como Apache Kafka o RabbitMQ, bases de datos NO SQL aparte de MongoDB y profundizar DevOps, pero ahora mi prioridad es sobrevivir la cesantía mientras busco la forma de crecer como profesional al aprender (y ojalá aplicar profesionalmente) Go. Se que lo mejor es trabajar para el extranjero pero si tengo problemas aquí los tendré en cualquier lado así que necesito superarlos y saber como enfrentar la realidad al menos aquí en Chile. Podría freelancear mientras aunque debido a como soy prefiero hacerlo bien piola vía Fiverr en vez de tener una cartera de clientes y hacer marketing con mis servicios (ya que no falta el cliente que necesite un sitio en Wordpress) así que mientras estoy viendo cursos de barista para subsistir (ya que no falta el café o salón de té que necesite uno).

Así que eso, me gustaría saber como puedo conllevar todos estos temas y como surgir como profesional. No soy de muchos amigos y mi actitud introvertida me ha impedido ir a mas charlas, formar una red de contactos o amistades con colegas para al menos ir por unas cervezas o armar su tarreo geek. Si hay alguien de la V región le interesa contactarse conmigo o si saben de una charla en la que pueda ir y no tome todo el día (asumiendo que es en Santiago) pues me sumo con tal de saber otras experiencias y tirar mi CV hasta que caiga un trabajo ideal para mi.

Un abrazo

PD: Estoy muy a gusto de compartir mi CV o Linkedin, a pesar de mis bajos ánimos sigo estudiando Go y ahora estoy viendo como hacer un SDK de integración con Mercado Pago. A pesar de aun no mandar mi CV a Mercado Libre ya lo haré",neutral
"La Universidad Diego Portales (udp) es buena para ingeniería civil industrial en 2024? Hola gente, este año son los resultados y periodos de matriculas, pasa que yo quería quedar estudiando ing civil ind. en la Usm o Usach, ya que la Puc o la U de Chile las veía muy lejos, bueno al final me quede muy cerca de la Usm y de la Usach, pero igualmente quede en la Diego Portales, ya me matricule, pero no estoy muy seguro si me arrepentiré de no haber esperado otro año y entrar en una U mejor, ustedes que opinan?",neutral
"¿Ingeniería civil informatica o informática?, Universidades y futuro Hola, estoy entre esas dos carreras pero cuál sería rentable, también estoy entre UNAB, PUCV y USM, por conveniencia de cercanía la UNAB es mejor muchísimo pero ví que no era tan buena comparada con las otras 2 pero también no es tan demasiado lejos pero me preocupa un poco ( mucho ) el horario pero también la malla de la carrera, por el inglés UNAB y PUCV me conviene pero en la USM aunque no esté no dudaré en estudiarlo en mis tiempos libres (si es q tendre), por gustos de la malla la PUCV y USM, la UNAB no me disgusta pero no sé mucho la verdad, sobre el futuro no sé mejor me pegó un tiro.",neutral
"USM O PUCV? Buenas, me interesa estudiar ing civil química pero debato entre la usm y la pucv.
Soy súper responsable y tengo habitos de estudio, me gusta estudiar y no me interesa carretear ni salir. Igual me puedo adaptar súper al momento de tratar con gente.
Vale la pena lo difícil de la usm al momento de encontrar trabajo ? o es igual q la pucv
Por campus me voy mil veces a casa central de la usm, av brasil me da tristeza jajdjsjk perooo😭 tendré gratuidad (99%segura, si no no estudio) y no me puedo dar el lujo de demorarme ni un semestre de más en la carrera. 
 Ayudaa denme sus opiniones para alguien ⏹️ como yo",neutral
"Ing Civil Informática + licenciatura en Ing mecánica?   

Buenas, un poco de contexto, estudio ing civil mecánica en la usm, voy en 4to año pero me di cuenta que no quiero dedicarme a esto por lo que estoy gestionando el cambio a ing civil informática. La cosa es que me quedé a un par de ramos de obtener la licenciatura en ingeniería mecánica que te dan al terminar todos los ramos hasta el cuarto año y bueno tengo la posibilidad de rendir esos ramos que me faltaron como asignatura libre mientras estoy en informática por lo que podría a la larga titularme como ingeniero civil informático + licenciatura en ingeniería mecánica. Mi inquietud es si esto tiene peso como tal en el mundo de TI, si realmente es un plus, si solo servirá para sectores específicos o si hasta puede ser contraproducente. Si me pueden brindar un poco de su experiencia lo agradezco de antemano. ",neutral
"Espero mi título? Hola, comunidad de IT en Chile!

Soy mexicana y en mi país estoy estudiando Ingeniería en Computación, específicamente terminando el semestre 7/10, y uno de ellos lo estudié de intercambio en la Universidad Técnica Federico Santa María sede San Joaquín. 

Desde que volví la universidad me ha desmotivado un montón, el nivel de exigencia que tengo se queda cortísimo comparándolo con el que tuve en la USM y por ende los conocimientos que estoy adquiriendo también. Soy la segunda generación de una nueva malla curricular y los profesores de los últimos semestres no son expertos en su ramo y se nota, además de que cancelan clases con tanta frecuencia que he asistido a clases la mitad del tiempo que correspondía, y cuando hay clase me hacen recordar a la secundaria porque dejan actividades en plan ""haz un resumen"", ""haz un mapa conceptual"", etc.

Tengo una relación formal con un santiaguino desde hace años, y la idea es casarnos e irme a vivir a Chile cuando termine la universidad, pero la espera me está pareciendo taaan lenta por la poca motivación que tengo, y estoy dudando que valga la pena tener esta educación tan precaria solamente por esperar un título, un papel.

Intento justificarlo que aparte de ""esperar"", aprovechando el tiempo libre que me está dando la universidad puedo seguir aprendiendo por mi cuenta, crear mis propios proyectos, prepararme para ser buena candidata a un puesto de trabajo específicamente en la industria IT en Chile. 

Qué me pueden decir ustedes sobre el peso que tiene un título universitario en IT en Chile? Es simplemente un papel que muchas veces ni siquiera toman en cuenta, o de verdad aporta y hace la diferencia, ya sea para aumentar las posibilidades de conseguir un trabajo o para aspirar a mejores sueldos? 

Gracias!",negative
"Diplomado v/s certificación Hola! Llevo casi tres años trabajando en una empresa como desarrollador junior. Cada año, una empresa externa realiza un ethical hacking a nuestros sitios, y me ha correspondido mitigar las vulnerabilidades encontradas. Ya ha pasado harto tiempo desde que salí de la U, el tema de la ciberseguridad me interesa y estoy pensando en estudiar este año. Ante esto, he visto algunos diplomados (UC, USM) que se ven interesantes, pero son enfocados en gestión. Por otra parte, estuve viendo OSCP que, si bien es medianamente caro, está bien visto en varias fuentes. Ante esto ¿Qué recomienda la comunidad? ¿Alguien ha pasado por una situación parecida? Mi interés está en seguir desarrollando, pero con un foco claro en la ciberseguridad, y en algún futuro liderar equipos de desarrollo bajo esa perspectiva. Los leo!",neutral
"Estoy preocupado Les cuento, soy estudiante con gratuidad y entré a ing civil informática en la usm, consideré civil eléctrica por su mejor empleabilidad y menor saturación, sin embargo la dificultad y duración promedio me asustó, era como en promedio 10 años en la usm, no me puedo permitir pagar más de lo que cubre la gratuidad así que entré a informática, últimamente he visto que el panorama laboral para informática está complicado, y me preocupa el no tener algún retorno económico de todo el esfuerzo que invertiré en estos 5 años. Tan mal está el panorama? Que sería una expectativa realista para cuando salga? en mifuturo.cl sale que informática tiene empleabilidad del 96% y 2.5M al 4to año, sin embargo en todos los grupos de informáticos dicen que está difícil encontrar pega y que pagan cada vez menos, ahí no sé a quién creerle. Que opinan al respecto? ",negative
La utem es buena en ingenieria civil en informatica / ciencias de datos? O me preparo para la U. De Chile/ Catolica o la USM?,neutral
"¿Es la USM tan terrible como la pintan? Tengo bastantes amigos y conocidos que se han ido de esta por ser ""artificialmente difícil"", cosa que me preocupa. Estoy cambiándome de una carrera en una universidad que ya era bastante exigente e inflada por su dificultad y que, en mi opinion, no se evaluaban conocimientos ni profundidad, sino que factores como el azar o el profesor que te tocaba terminaban influyendo más de lo que deberían.

Claramente no me gustaría repetirlo si es que la calidad de educación no va a ser sustancialmente superior a otras universidades de la zona.

¿Cuáles son sus experiencias en la USM en la carrera de informática o afines? ¿Creen que es posible solventar la carga académica con viajes largos (vivo lejos de la facultad)? ¿Alguna otra universidad en la 5ta región que recomienden?",negative
"qué estudiar hola reddit, vengo con dudas para saber que estudiar con 22 años creen que valga la pena estudiar técnico en informática?? precisamente en la USM o es mejor el tec.analista programador de esa U,, mas que todo amo programar en código así que quisiera enforcarme en eso, lo que si como es el tema de los sueldos? son buenos o aceptables ? (si alguien tiene algún ejemplo estaría bien) 

mi idea es sacar la ing después pero donde podría convalidar? y creen que sería muy tarde? gracias 🙏🙏",neutral
"Universidad de stgo&gt;universidad de region?  Hola buenaas, presento mi caso: tengo 18 años, doy la Paes ahora en 1 semana mas y tengo la gran duda de donde estudiar.

me gustaria estudiar ingenieria civil electrica y tengo algunas universidades en la lista las cuales son : usm san joaquin, usm en valpo, pucv, unab stgo. 

Mi duda viene debido a que, calculando ponderaciones con mi caga de nem(628) casi que la usm en stgo es descartada y me quedaria estudiar la carrera en valpo, ya sea en la usm o pucv, perooo tambien esta la opcion de la unab aca en stgo, entonces me gustaria pedir consejos, sobre si conviene irme a valpo solo con todo lo que eso significa monetariamente ya que la carrera de por si es cara, o quedarme en santiago estudiando en la unab. Ademas no hay mucha info de la carrera en la unab y me gustaria saber que tal es, los laboratorios etc.. 

Y bueno cualquier opinion, ayuda, critica es bien aceptada, me gustaria saber otros puntos de vista sobre como actuar. ",neutral
"Universidad de stgo&gt;universidad de region?  Hola buenaas, presento mi caso: tengo 18 años, doy la Paes ahora en 1 semana mas y tengo la gran duda de donde estudiar.

me gustaria estudiar ingenieria civil electrica y tengo algunas universidades en la lista las cuales son : usm san joaquin, usm en valpo, pucv, unab stgo. 

Mi duda viene debido a que, calculando ponderaciones con mi caga de nem(628) casi que la usm en stgo es descartada y me quedaria estudiar la carrera en valpo, ya sea en la usm o pucv, perooo tambien esta la opcion de la unab aca en stgo, entonces me gustaria pedir consejos, sobre si conviene irme a valpo solo con todo lo que eso significa monetariamente ya que la carrera de por si es cara, o quedarme en santiago estudiando en la unab. Ademas no hay mucha info de la carrera en la unab y me gustaria saber que tal es, los laboratorios etc.. 

Y bueno cualquier opinion, ayuda, critica es bien aceptada, me gustaria saber otros puntos de vista sobre como actuar. ",neutral
"Que harían en mi lugar? Buena cabros, falta menos de dos semanas para la paes, y tengo 3 opciones (no están en orden):
-Ing civil informarica (en la USM)
-Ing ejecución informática (en la USM)
-Ing civil en informática y telecomunicaciones (en la UDP)
En caso de que no me alcance para la primera, a cual de las otras dos se irían?, varia mucho el sueldo y la empleabilidad entre ambas? cacho sobre programación y todo, pero cacho muy poco sobre cómo desempeñarse laboralmente, que me recomiendan?",neutral
"UNAB o USM para Ing. Civil Informática  Hola, me llama muchísimo la atención estudiar Ing. Civil en Informática, pero tengo dudas sobre estas dos universidades, la USM o la UNAB. Ambas opciones me gustan, pero mi familia prefiere a que me vaya a la USM ya que para ellos, la UNAB no tiene un prestigio. 

Quiero aclarar que me puedo costear una universidad privada, aunque también tengo la gratuidad de la USM. 

Mi principal duda es que si la UNAB tiene buen reconocimiento a la hora de las entrevistas laborales, sobre todo a la hora de realizar practicas o al buscar trabajo. Mi familia me recalca que la UNAB no tiene la misma reputación que otras universidades tradicionales. (Como la UC y la U. de Chile)

He hablado con amigos que estan en la USM y me dicen que la malla de la UNAB como la Universidades son buenas a comparación de su universidad, pero sobre pienso demasiado en eso.

Igual, se que los tiempos cambiaron y de vez en cuando no importa tanto de que universidad saliste y tal (algunos trabajos si importan, pero pienso que solo el 40%).

Por otro lado, no me interesa la U. de Chile ni la UC por sus mallas.

Igual le explicado mucho a mi mamá de como funciona la UNAB y tal, pero insiste que vea la USM.

Espero que me ayuden, muchas gracias de antemano.",neutral
"Consejos de informatica ola bom dia, bueno gente la verdad es qué me tinca estudiar esta carrera en un tiempo más (3 años por que ahora estoy sacando una carrera que me tinca harto pero por gusto netamente no ingresos ni nada) concretamente éste es el camino que pienso seguir, si alguien me aconseja u otra cosa estaría muy agradecido de alguna recomendación 🙏

bueno primero pienso sacar posterior a esta carrera que no pienso laburarla ya que es por gusto hajajsjjs sacar un técnico en informática, pensé en la USM (quisiera más salir de una U en éste caso) e ir puliéndome estos años para que no sea tan complicado al momento de estudiar,, vi la malla y no soy tan bueno en las matemáticas; programación la estudio de forma autodidacta ( actualmente empecé con coursera con el de la catolica en python) y en ingles estoy certificado con B2, igual pienso sacar más niveles posteriores y por ahora me visiono en esto. 

alguna recomendación de que más aprender? me apasiona el código y es lo que más me gustaría hacer pero en distintas cosas, eso gracias!! ",neutral
"Que harían ustedes? Buena cabros tengo una duda, y ante mi conocimiento limitado en el rubro quería saber que opinan personas que ya llevan su años en esto. Sucede que entro a estudiar el próximo año y después de pensarla harto estoy entre dos carreras, ing comercial o ing informática (o civil informatica, no comprendo mucho la diferencia), que harían en mi caso? estudiar ing comercial en la chile y dsp especializarse en el área de la tecnología o estudiar ing informática (o civil informatica) de una ?. Si es ing comercial tengo en mente la Chile, y en informática a secas o civio tengo en mente la USM. Considerando empleabilidad a futuro y esos temas, que me recomiendan? Que perfil sería mas valorado en sus 6 años más? Muchas gracias de ante mano.",neutral
"Ayuda para escojer carrera informática Buenas gente, actualmente estoy sin estudiar, tengo 20 años, mis papas me dijeron que si o si debo entrar a estudiar en 2025, desde chico me ha gustado todo lo relacionado a la programación y los computadores, las matemáticas se me dan bien pero tampoco me considero un experto. Estoy al tanto de que informatica se esta saturando, sobre todo en el área junior, por lo que quiero entrar a una buena u, la USM me gusta harto, se que es exigente pero es la mejor a la que puedo asprirar postulando con la paes de historia (me fue super bien en esa, la de cs nunca la he dado ni la he inscrito). Pido disculpas por tantas vueltas, pero ya yendo al punto, considerando como esta el mercado y como podría estar la cosa en unos años más, ¿me recomiendan estudiar ing civil informatica en la usm o ing ejecución informatica en la usm? (la civil igual me da algo de miedo ya que he escuchado que varios no lo logran y yo cuento con gratuidad, no puedo permitirme estudiar sin gratuidad o quedar fuera), si estudió la ejecución tengo pensado en los dos años menos de duración que la civil, sacar certificaciones y cursos para especializarme en ciberseguridad o ia. ¿Que me recomiendan en base a su experiencia? Les agradezco mucho de ante mano por su tiempo 🙏.",neutral
"Pucv o Usn? wena los cabros, que tengan todos un hermoso dia.

mi problema es el siguiente, actualmente estoy en 4to medio y obviamente estoy en ese momento en el que debo decidir que cresta hacer en la u, yo desde siempre he tenido una afinidad por la programacion por lo que ahora mismo estoy planeando estudiar ing. en programacion o informatica y mis opciones son la Pucv, Ucn (principalemente pq he escuchado que son piolas y tengo familiares cercanos a ambas U, no cuento a la Usm pq he escuchado unas weas satanicas de esa u y valoro mi vida personal).

entonce, les pido porfavor a los estudiantes o egresados de esas dos u que me cuenten cual fue su experiencia, para asi tener un poco mas de nocion sobre a q me voy a meter.

hasta ahora mis preocupaciones son:

-profes desgraciadamente desgraciados

-carga o estres por los ramos

-relevancia de las materias para la actualidad

-influencia del titulo de cada universidad a la hora de buscar pega

-ofertas laborales durante el transcurso de la carrera

ejo noma cabro

muchas gracias!

",neutral
"Soy ing civil industrial y quiero entrar al mundo del desarrollo informático  Lo que dice el título. Tengo 28 años, 5 años de experiencia como industrial en startup y emprendimiento y estudié en la USM.
Como aconsejan hacer mi entrada al mundo del desarrollo informático?? Es por bootcamps? Ponerme a aprender con Youtube?",neutral
"Material primer año de civil informatica en la UTFSM Hola, alguien que estudie ingenieria civil informatica en la usm que tenga material del primer año que me pueda servir? me gustaria comenzar desde ya a estudiar los ramos mas dificiles para que no ahogarme estudiando. cualquier ayuda la agradecere enormemente. ",neutral
"Ing Informática &amp; Ing Telemática Buenas a todos. Tengo que recalcar que estoy entre insertar estas dos carreras en mis postulaciones y algo inseguro igual sobre cuál priorizar, podría entrar a las dos de lo más bien en la usm.

Me interesaba telemática por la combinación que se hace de programación, electrónica y teleco. Pero ya cuando me empezaron a llamarme de la uni me entraron dudas. El estudiante telemático con el que hablé me aclaró que tampoco tenía experiencias previas de electrónica antes de entrar y aún así aprendió bien hasta el cuarto año. Telemática para mí es una carrera amplia, lo cual es buenísimo, pero también me proyecto queriendo trabajar como developer algún día, él me dijo que la carrera me abría la oportunidad para poder desarrollarme como programador, por lo que no le podía envidiar nada a un informático, pero aún así estoy barajando entre postular solo a Info (estaría muy cómodo). 

Piensan que me arriesgaría si me meto a telemática? Tendría un telemático posibilidades de trabajar bien tanto nacional como internacionalmente? sabiendo que no se centra en una pura cosa (en este caso, programar) y es holísitica respecto a lo que enseña en TIC.

Cualquiera que pueda saber acerca de la carrera de Info, Teleco o la integración de ambos profesionalmente me encantaría recibir sus opiniones. No estoy desesperado por postular ahora y pronto aclararé más dudas en la feria del postulante que hacen allá. Gracias por leerme.",neutral
"Me hallo en un dilema Entre a la universidad este año a Ingeniería civil Informática. Estoy actualmente en el segundo semestre y repobre dos ramos lamentablemente por problemas externos a lo academico (problemas personales). Pero en fín, me he dado cuenta que mi universidad no realiza tantas actividades en pro de la programación, tampoco organizan muchas charlas (mas que online y son en gran parte seminarios de titulo) para incentivar al aprendizaje, o para oportunidades laborales a futuro.
Estaba pensando en cambiarme a la pucv o la usm, ya que soy de la quinta región y esas son las que mas me llaman la atención. Y mi dilema es...
¿Es realmente necesario? He leído de otros usuarios que el cartón no dice mucho y mas importa los cursos, experiencias, actividades que realices fuera de la universidad o adentro. No se que tan cierto sea eso. 
O de verdad pesa mucho mas el carton de estas universidades que por ejemplo en comparación con la Unab (Andres Bello) o UV (Universidad de valparaíso)? O es solo un desperdicio? 
Agradecería mucho sus respuestas, graxz.",negative
"Informática y Universidades Saludos, mi situación es que soy egresado de media del año pasado que se encuentra preparando la Paes para noviembre, tomarme el año fue al final buena opción porque pasé de no saber qué estudiar a querer perseguir algo (cosa que postee anteriormente y tomé los consejos), tuve la chance de reflexionar en qué habilidades podría potenciarme, de prepararme bien, hacer ensayos y conocer unis (rescato haber podido visitar la usm y la usach), tengo compañeros que estudian informática en esta última y me han dado un visto bueno (que es exigente y buena dentro de todo), y para postular la tendría como opción en civil informática, de ejecución, ciencias de la computación y mecatrónica.

Mi plan es que mis nuevos puntajes me ayuden para postular a civil, y en el caso de no quedar tantear entre ejecución, analista de computación, y en otros casos informática de la UDP o UAndes (considero igual que la usach tiene un plan de estudios para sacar el grado de civil informático si se viene de ejecución).

Consulté anteriormente sobre mecatrónica en la misma uni y estoy contento de haber recibido respuestas variadas, pero la mantengo como un plan b con el fin de buscar un punto medio entre mis intereses (robótica e informática), por el contexto especial que tiene esta carrera.

Mi tema es no sé cuál tener como ""segunda opción"" entre estas, considerando que mi goal es poder es prepararme para ser software developer, aprender robótica al menos de forma autodidacta y quizá trabajar algún día en un ambiente angloparlante; ya tengo de por sí un aprendizaje constante con el inglés y practico programación en mi tiempo libre. Si alguien de acá tiene experiencias con estas carreras o con el ambiente de esas unis espero puedan comentarme algo. Gracias por leer.  
",neutral
"Comercial usm, civil industrial unab o informática unab para Analytics? Lo del título, mi interés es roles de analítica más ligado a negocio, pero teniendo un dominio impecable del elemento técnico que un data analyst, bi o similar requiere para solucionar problemas en operaciones, producto, marketing, etc

Tengo esas 3 opciones de carreras, todas las sacaría en aprox 3 años (programas Advance)",neutral
"embarazo adolescente Tengo 18 años (recién egresado de 4to medio), empecé a pololear a inicios de año con una compañera de curso y todo fue bonito durante  los siguientes meses, como cualquier pareja consideramos tirar como a los 2 meses de andar, todo esto habiendo discutido métodos anticonceptivos etc. etc. La cosa es que ella decidió optar por el diu (dispositivo intra uterino) y yo considere que era la mejor opción ya que tiene +99% de efectividad.
Cuento corto, me gane la ruleta de la mala cuea y voy a ser papá a pesar de tomar todas las  precauciones necesarias para no serlo, me pase todo el año estudiando para la PAES y entrar a la UTFSM, me fue la raja en la prueba y ahora no se con que cara mirar a mis papás.

Todo por hacer lo que todos hacen eventualmente de la forma más responsable posible, solo escribo esto para desahogarme por qué la verdad tampoco creo q ustedes puedan sacarme de este hoyo.",neutral
"Alguien sabe como terminan los egresados de una carrera científica en Chile? Tenía planeado licenciarme en física, porque en el colegio me iba siempre bien sietes piola y me gusta,  di la PTU me fue bien y en general pondero entre 740, pero con la llegada de la pandemia/clases online me decidí tomarme el año para ayudar el negocio familiar. El punto es que dudo de estudiar la carrera, pq el sesgo general es que te dediques a estudiar una ingeniería si eres bueno para la matemática, pero nunca me tinco mucho la idea en comparación de ser científico afín. Aún así, ver que la investigación es bastante competitivo y el financiamiento es escaso, aún hablando en el contexto al salir al extranjero, desmotiva. A la vez, tampoco se si al terminar hayan muchas oportunidades dentro de Chile. Entonces quería saber si vale la pena estudiar carreras en el área de la ciencia o que alguien que este estudiando y que quiera compartir su experiencia.

P.D : En cuestión a la hora elegir u, cuál creen que es mejor en general, ambiente y en facultades?  (PUC, UDEC, UCH, UTFSM)",neutral
"Para todos los titulados chilenos. tl;dr: ¿afectan las notas de la educación superior en la pega del mañana?

Como estudiante universitario de segundo año con notas más o menos decentes (poquito más de promedio 5), me he estado cuestionando mi rendimiento académico. Lo anterior se debe a que he estado leyendo algunos subreddits donde la duda generalizada entre estudiantes (estadounidenses) es ""¿podré optar a tal cargo/empresa si mi GPA es ...?"", lo que evidentemente implica que las calificaciones obtenidas durante la educación superior tienen una gran incidencia en el futuro de sus carreras.

Ahora, ¿es aplicable lo anterior en Chile? ¿es más valioso el título de una universidad prestigiosa (UCH, PUC, UdeC, UTFSM, etcétera) con promedio 4 que uno de una universidad ""no tan buena"" (UNAB, UDD, UFRO, etcétera) con promedio 6? ¿cuánto me afecta si paso todo a puros 4? ¿hay discriminación salarial por notas?

Agradezco anticipadamente sus respuestas.

",negative
"Mejores universidades para estudiar informatica?  Lo del titulo básicamente. Quiero estudiar ing. civil informática/computación, pero no se cuales son las mejores de chile para estudiar eso. Hasta ahora la PUCV y la UDP son como mis principales candidatas, pero también he visto la usach, uchile, puc, utfsm y la udec. 

  Cuáles crean que sean las mejores? Tipo, por lo que han escuchado o demás. Por ahora, dependiendo de si me dan becas o no, yo creo que estoy tirándome más por la UDP porque Santiago es Chile y puedo conseguirme una beca parcial, pero igual quiero ver qué opina mi sub querido.",neutral
"Me arriesgo a meterme a una U para estudiar ingeniería en informática o me meto al duoc y filo? Sé que ya hay muchos post de esto pero como mañana se entregan los resultados de las postulaciones y luego empieza el proceso de matrículas estiy desesperada y todavía no sé por qué chucha decidirme, y la verdad me ayudaría muchosi alguien de ustedes pudiera aconsejarme :(

Me interesa ess carrera y postulé a la unab, la usach, la udd y la utfsm. Hasta lo que ví quedo en todas, pero el tema es que no sé si dar el siguiente paso y matricularme en alguna pq me da demasiado miedo que me hagan mierda a puras matemáticas y no poder aguantar. He estado revisando las mallas curriculares y hasta ahora la que se ve más """"""piola"""""" es la de la utfsm, pero otra cosa es con guitarra ya una vez dentro de la u misma.

Estos últimos meses me he dado cuenta de que las matemáticas me gustan y que si le meto color las puedo entender (Contexto: en el colegio no les di mucha bola y me iba más o menos pero ahora que me tuve que poner a estudiar para la paes le puse color y hasta me fue bien en la M1 pq me di el tiempo de estudiar y entender materia a la que antes me la pasaba por el ñackson). Pero aún así sé que en la universidad ya es distinto. Pienso que, si me meto a alguna de esas universidades, voy a tratar de repasar lo que más pueda la materia de la malla o lo que me sirva para nivelarme, pq he visto que está lleno de clases de eso en youtube y hasta hay clases de las universidades subidas ahí mismo (No las había revisado antes por temas de tiempo y pq tampoco alcancé a estudiar todo pa la m1 y m2, so igual me siento media desnivelada).

También he leído mucho por aquí que en informática el lugar de donde saliste importa poco, sobre todo pa irse a trabajar  otros países (Que es una de mis metas), e incluso lo he visto a través de miembros de mi familia que estudiaron en institutos pencas y ahora tienen buen sueldo y viven de lo más bien (Porfa no me digan que les pregunte a ellos pq con esas personas actualmente tengo 0 contacto y/o simpatía). Por eso también creo que tal vez sea innecesario meterme a una U a quemarme las neuronas si puedo meterme a un instituto y, aunque tal vez me cueste un poco más al principio, lograr lo mismo que lograría habiendo salido de una U.

Mi opción de instituto es el duoc, del que he visto buenas opiniones y me llama la atención el hecho de que después podría sacar diplomados en la católica (no sé si sirvan tanto pero igual me llama la atención) o tal vez hacer lo mismo en otras universidades. También me atrae el hecho de que en dos años podría sacar el título de analista porgramadora y empezar a trabajar mientras estudio para sacar la ingeniería, y así podría ir ganando experiencia laboral y también ir juntando money.

Siento que debería arriesgarme con una U y poder probarme que soy capaz, pero también dudo de ser capaz de poder sacar los estudios en una universidad.

Qué opinan ustedes? Algún consejo que puedan darme? Qué saben de las universidades que nombré y/o del duoc? Cualquier ayuda me serviría y se las agradecería muchísimo:), las/los leo.",negative
"Ayuda. Soy extremadamente inseguro. Dudas varias. Estimada comunidad. Me dirijo a ustedes con el siguiente dilema para ver desde otro punto de vista mis problemas :)

&amp;#x200B;

El principal problema que tengo es que soy más inseguro que la CTM. Frente a un problema me cuesta DEMASIADO tomar una desición. Una vez me decido por una, pienso que otra es aún mejor. Entonces echo todo para atrás y vuelvo al mismo punto. Cómo podría mejorar esto? alguna sugerencia?

&amp;#x200B;

Dilema actual: llevo como 5 años trabajando en lo que me titulé pero la verdad mi carrera no me gusta nada. El trabajo es escaso, mal pagado y explotador. La mayoria del tiempo he boletiado y he tenido pega máximo 9 meses al año. Por esto he decidido estudiar para cambiar de rubro. He reducido mis opciones a las siguientes:

&amp;#x200B;

1.- Estudiar ""algo"" en el extranjero. Algo que complemente mi carrera. La verdad, de lo que he averiguado nada me convence/atrae.

&amp;#x200B;

2.- Prosecución de estudios, ingeniería comercial. La usach y la utfsm tienen esta opción de estudios. Sería estudiar 2.5 años aprox de noche. Lo ideal sería buscar un trabajo part time que sea en el área mientras estudio. 

&amp;#x200B;

Siento que la primera opción es mejor, se vería mejor mi CV. La segunda requiere menos esfuerzo (por lo menos me quedo viviendo en mi casa) pero creo que se vería raro para los encargados de selección un CV de un tipo treintón con poca a nula experiencia en el área. Igual son como 10kk, cualesquier dinero. Además tampoco es como que me mate la idea de ser ing com, pero tengo la tincada de que tener trabajo estable (con contrato indefinido que me permita comprar un depa y vivir solo) es más probable que con el título que tengo.

&amp;#x200B;

Una tercera opción es mandar todo a la chucha un tiempo e irse un año a working holiday, pero siento que es atrasar todo un año y al regresar estaría en el mismo punto que ahora. Comentarios de amigos que están ahora en Australia con esta visa me han hecho dejar de lado esta opción. 

&amp;#x200B;

Cabe mencionar que no se que cresta hacer con mi vida jajaja.

&amp;#x200B;

PD: late 30, agrónomo. Santiago, Chile. ",negative
"¿Cuales de estas universidades son buenas? (U mayor, UNIACC, UDLA y U Gabriela Mistral) Les cuanto que me he querido cambiar de carrera a animacón digital.

El tema es que vivo en viña y solo existe una institución que la imparte que es el DUOC. Pero al no ser universidad y como me fue bien en la PSU (709 prom) mis papas no quieren que estudie ahí y quieren que considere alguna universidad de Santiago (Porque el DUOC ahi solo va la gente que no les alcanza al parecer /s)

Tampoco hay muchas universidades que la imparten en Santiago pero existen la U mayor, UNIACC, UDLA y U Gabriela Mistral.

¿Saben como son estas universidades en general?¿Infraestructura calidad de educación, etc? (Y si alguien sabe como son las carreras de animación digital en esos lugares agradecería mucho su opinión.

Vengo saliendo de la UTFSM así que ahí hay un punto de comparación jeje.",negative
"duda futuro Hola Reddits, actualmente estoy cursando mi octavo semestre de ing comercial en la UTFSM y quiero irme de intercambio a un pais, sin embargo no estoy seguro. Debería irme de intercambio? por que? pro y contras de realizar intercambio?",neutral
"Estudiante Ingeniería, Busco Práctica Este es quizás el medio más informal que hay, pero no pierdo nada con intentarlo. Estudio Ing Civil Electrónica en la UTFSM y busco práctica profesional ojalá que esté relacionada con control e instrumentación de procesos. Ya postulé a CODELCO y algunas otras empresas, cualquier dato o tip se agradece. 
Saludos",neutral
"Consulta Técnico Informática Hola. Tengo una duda sobre la carrera que quiero estudiar, si me pueden ayudar se los agradecería.
Me gusta el área de la informática. Mi idea es estudiar una técnica primero, durante ella aprender por mi cuenta todo lo que pueda y especializarme con cursos en un área especifica. Cuál será mi mejor opción?

- Técnico en Informática en la UTFSM
- Analista Programador DUOC
- Analista Programados INACAP

He recibido buenos y malos comentarios de las 3.
Si hay alguien que esté estudiando o se haya titulado de alguna de estas carreras, para saber también su empleabilidad.
Muchas gracias!

PD: También he considerado estudiar Ingeniería en Informática",neutral
"Dudas de primer sueldo como egresado Wena los K, les comento:
Soy recién egresado como Técnico en Electrónica de la UTFSM y estoy pronto a terminar mi práctica dentro de un mes. 
La weá es que dentro de mi familia no hay nadie que haya estudiado alguna weá remotamente parecida a mi carrera y tengo poca y nada de referencia respecto a los sueldos como egresados. Agradecería caleta si alguien que haya estudiado esta carrera me ayude a cachar más o menos el panorama actual respecto a los sueldos. 
Gracias!",negative
"Consejos para un extranjero que va a Valparaíso el próximo viernes? Estoy yendo allá sin lugar dónde vivir y necesito encontrar un lugar para quedarme hasta el fín de julio. Voy a hacer intercambio en la UTFSM  


Tienen consejos sobre cómo buscar un lugar dónde vivir en Valparaíso? Busco un lugar barato, vivir junto de otros estudiantes buena onda y no muy lejos de la universidad. He encontrado el sitio \[compartodpto\]([https://www.compartodepto.cl](https://www.compartodepto.cl)) y es de bastante ayuda, pero me gustaría saber si hay otros métodos  


Mi plan es encontrar los lugares que arriendan online, quedarme algunos días en AirBnB y visitar los lugares para saber cuál me gusta. Muchas gracias!",neutral
"UTFSM, alguna experiencia que quieras compartir? [removed]",neutral
"¿Alguien sabe cuales son los puntajes de corte de la UTFSM?, ¿Que puntajes se necesitan? [removed]",neutral
"¿Sueldo de Ingeniero Civil Industrial sin experiencia? (Tips para encontrar trabajo se agradecen igual) Hola, feliz martes.  


El año pasado me titulé de Ingeniero Civil Industrial de la UTFSM, Casa Central. Después de darme un descanso estos meses, estoy comenzando a postular a trabajos, pero respecto a la pregunta de ""pretensiones de renta"" me queda la duda de cuánto es un monto razonable a pedir (líquido).  


Según MiFuturo, el suelo bruto de ICI de primer año para el 2023 fue de de 1.719.151 CLP mensuales ([MiFuturo](https://www.mifuturo.cl/buscador-de-estadisticas-por-carrera/)). Considerando impuesto a la renta, AFP, Fonasa y descuentos menores, entiendo esto debiera derivar en torno a un sueldo líquido de 1.4M.  


He escuchado sueldos líquidos en torno a 1.3M y 1.5M, pero quería consultarles igualmente.

Quería saber si alguien me podría ayudar con esto; si ustedes saben o conocen de alguien que haya encontrado trabajo el año pasado o este, en qué y su sueldo líquido aproximado.

Igualmente, agradecería cualquier tip que tengan para encontrar buen empleo.

Muchas gracias.",neutral
"Qué tal es Ing Civil Informática en la UDP? Hola, está llegando el día de los resultados de la PAES y estoy haciendo un gran resumen de las universidades a las que me interesaría entrar. Tengo entendido que esa carrera es buena en la PUC, la UChile y la UTFSM (aunque después de leer los últimos posts ya no me tinca tanto esta última), pero dudo que me de el puntaje para una U de esas 3, por lo tanto me gustaría saber en que otras universidades me recomiendan estudiar ing civil informática. Muchas gracias",neutral
"Trabajar en la UTFSM? Hola gente! Llevo un tiempo analizando ofertas laborales y me gustaría saber si alguien en este sub cuenta con experiencia laboral en la Universidad Santa Maria? Que tal es el ambiente? Recomiendan ese lugar? O saben de algún amigo o cercano que tenga esa experiencia?

Los leo, la verdad me ayudaría bastante para analizar opciones.
 
Muchas gracias!",neutral
De diurno a vespertino UTFSM. [removed],neutral
Denuncia. UTFSM despide a decenas de trabajadores aludiendo a proceso de reestructuración ,negative
Astronomía UChile vs PUC vs USACH vs UTFSM [removed],neutral
"Magister en énergia Hola a todos! (yo de nuevo xd)

Tal cimo reza el tîtulo: Estoy recolectando experiencias sobre magisteres en el àmbito electricidad/énergie. Acudo a sus experiencias y sapiencia: ¿Vale la pena?

He visto la UC , UTFSM y UAI. Creo que ese es el orden de interés. 

Mi duda grande también es si es mejor el magister en ciencias de la ing o seguir alguno de estos programas , cuyo caràcter es profesionalizante.

De verdad, toda ayuda me sirve.

Gracias a todos!

",neutral
"ABRO Ama DE DUDAS DE BECAS CAMBIO DE CARRERA y DE U; ELIMINACIONES DE CARRERA, CONVALIDACIONES, estudios de ING CIVIL... Eso, redditores,  estuve primero en un IP con el nombre del libro de Ercilla (conta) de ahí trabajé, pasé a la UTFSM en el 2019,  mal año , a civil industrial y me cambié a la USACH sobreviviendo de una fea (carta de eliminación injustificada).... bueno he visto, he ayudado, fui ayudante de la u, estuve apoyando en inclusión, la VRA y a las asistentes sociales. Pregunten lo que quieran y con gusto ayudo. La idea es que no se dupliquen las dudas.

Ams, además pueden preguntarme por becas y gratuidad, FSCU y CAE.

&amp;#x200B;

Los leo.",neutral
Ing Eléctrica en Duoc o UTFSM? [removed],neutral
"Ayúdenme a escoger una U porfa Bueno, la cosa es que soy de Conchalí y soy una wna bastante pava que no sale nunca (literal) de su casa y no tiene nada de calle, y con el puntaje que saqué en la paes lo único que me queda cerca para postular es química y farmacia en la Chile, que queda en independencia. Quedaría altiro por mi puntaje y me tinca mucho esa carrera, pero para las otras opciones que debo poner no sé bien cuáles escoger por temas de ubicación.

Me alcanza para estudiar qyf e ingenierías en la usach y la utfsm, pero ambas me quedan lejos y hasta lo que sé ambas quedan en lugares donde igual hay harta delincuencia (Por lo menos hasta lo que siempre veo de Estación Central y por lo que algunas personas me han dicho de San Joaquín). Y aunque son universidades de prestigio, y me enorgullecería harto sacar un título en cualquiera de las dos, el andar sola por esos lados igual me asusta porque, como dije antes, no soy más tonta para andar en la calle simplemente porque no nací antes.

La otra opción que me tinca es civil informática en la udp, que por lo que me han dicho tiene buena preparación y buena empleabilidad, y la ubicación de su sede no me complica tanto. Pero es privada y no de mucho prestigio, lo que igual me preocupa a la hora de tener que buscar pega pq sé que aunque en informática importa más la experiencia de todas formas al recién partir hacen un filtro según donde uno haya estudiado.

Y eso, ¿Qué me recomiendan ustedes? Cualquier consejo que me puedan dar se los agradecería mucho c:",neutral
"Ingeniería Civil Informatica, USACH O UTFSM(San joaquin) [removed]",neutral
Traslado externo utfsm a U de chile [removed],neutral
"La cagué con las preferencias de las universidades, no hay nada que pueda hacer? Buenas, resulta que postulé a 5 universidades, la u de chile, usach, utfsm(San Joaquin), la udec y la unab, todas en la carrera de civil informática y en ese orden de preferencia. Al principio estaba confiado del orden en el que las puse, pero después empecé a sentirme muy inseguro, mis puntajes fueron estos: M1=830 LENG=788 M2=734 Ciencias=798 NEM=823 y Ranking=824, en casi todas las universidades pondero más de 800, el tema es que me arrepentí y me dieron ganas de irme a la UdeC :/ en la UCH sé que no voy a quedar, en la USACH lo dudo igual ya que piden mucho nem y ranking, y como las generaciones de pandemia se boostearon las notas de más que quedo fuera, la que me preocupa es la UTFSM, no sé si mis puntajes fueron taaaaan buenos o solo es un puntaje promedio, si me pueden comentar puntajes que hayan visto sería genial, pq si me fue como a todo el mundo entonces dudo que quede en la UTFSM, y creo que quedaría en la udec justito.

 También me gustaría saber los promedios que hayan visto, supongo que todo el mundo tuvo más de 6,4 por la pandemia? Si tienen más puntaje que yo me harán feliz ksks",negative
¿Estudiar ingeniería civil electrónica en la PUCV o la UTFSM? [removed],neutral
¿Estudiar ingeniería civil electrónica en la PUCV o la UTFSM? [removed],neutral
Ing. civil en minas (UTFSM o USACH) [removed],neutral
¿Humano egresad@ de tec. Química utfsm? Os leo.🦦,neutral
"Alguien , ing. informática UTFSM viña del mar? Hola ! , Alguien sabe si en la de Usm, campus viña del mar, ¿ingeniería en informática es una buena opción ? O si vale la pena estudiar una ingeniería a secas y no civil .

Cualquier cosa que sepan sirve (^-^ ) , gracias :3.",neutral
Algún Consejo? Quiero entrar a Ing Civil Plan Común en la UTFSM de Santiago pero no se si vale la pena entrar a esa universidad si no estay en Valpo [removed],neutral
"Desfederarse... ¿que opinan? Me pregunto, [¿que opina la gente de la desfederación?](https://www.facebook.com/estudianteslibresdeChile/posts/616144472072655), en mi caso conocí a Dusan Vilicic (todo un personaje el wn, [se dedicaba a wear en los paros](https://www.youtube.com/watch?v=WQofMViEiaE) y [postulaba solo en las listas](http://www.soychile.cl/Valparaiso/Sociedad/2013/12/06/217997/Un-estudiante-de-la-UTFSM-es-el-unico-integrante-de-una-lista-para-la-eleccion-de-la-federacion.aspx)) en la UTFSM ya que estábamos en la misma carrera (informática) y durante el ultimo en el que estuve los profes se comunicaban con el para realizar las pruebas y disertaciones (ya que aunque la federación votaba paro el se había salido de la federación)

Además, me acuerdo que se rumoreaba que la federación tenia que pagar la plata del juicio y tenían miedo de que todos empezaran a desfederarse o inclusive crear otra federación, pero nunca ocurrió una salida masiva, a lo más uno o dos locos desfederados más no más.",neutral
"Actualidad y futuro de universidades en Chile (mis pensamientos) Hace tiempo quería compartir unos pensamientos que han estado rondando en mi cabeza las últimas semanas. Voy a explicarlo desde la perspectiva de alguien que estudió ingeniería.

¿Cuál es el rol de las universidades en una sociedad? ¿Es su propósito principal generar mano de obra calificada o formar profesionales competentes para el país?

El papel de las universidades ha evolucionado con los años. Lo que antes eran principalmente centros de investigación, ahora se perciben, en muchos casos, como instituciones enfocadas en formar profesionales para satisfacer las demandas del mercado laboral. Sin embargo, desde mi punto de vista, este cambio de enfoque podría tener consecuencias negativas a largo plazo.

Por ejemplo, las universidades privadas han comenzado a posicionarse como la opción principal para muchos estudiantes, incluso por encima de instituciones históricas y destacadas como la USACH, la UDEC o la UChile. Esto puede ser preocupante, especialmente considerando que muchas universidades privadas —como la UNAB— matriculan a una gran cantidad de estudiantes y, al final del día, son empresas con dueños que tienen nombres, apellidos e intereses particulares.

Hoy en día, parece que a muchos estudiantes no les interesa el conocimiento en sí, ni la historia de las instituciones, ni los valores de las universidades tradicionales, ni el diálogo y el debate académico que solía caracterizar a la vida universitaria. Si pudieran hacerlo, tengo por seguro, harían un skip de todo el camino de la universidad para solo tener el cartón. He leído en este sub personas que eligen universidades basándose en argumentos como “no tienen paros” o “tienen mejor infraestructura”. Estas, desde mi perspectiva, son algunas de las variables menos importantes al elegir una universidad (aunque admito que, en carreras del área de la salud, esto podría tener mayor peso), y los paros en universidades indican un movimiento estudiantil importante, de gente que tiene pensamiento crítico, con ganas de realizar un aporte y que no están estudiando un 5to medio.

Otra cosa que he notado es cómo algunas personas prefieren universidades privadas sobre universidades tradicionales top porque “la malla está mejor enfocada”. Pero ¿realmente entienden los contenidos de cada ramo? Muchas veces parece que solo se dejan llevar por el nombre de las asignaturas, realizando criticas que no tienen sentido, pues aún te quedan 5-6 años de estudio para recién entenderlo.

En mi opinión, la UChile siempre será la mejor universidad del país en ingeniería. Aunque los rankings internacionales digan que es la PUC, las universidades estatales como la UChile tienen un componente social que las diferencia. Estas instituciones no solo están vinculadas con el desarrollo del país, sino que también ofrecen carreras que, aunque poco rentables económicamente, son fundamentales para preservar nuestra cultura y desarrollo como sociedad. Por encima de todo, enseñan a pensar críticamente, mientras que en otras universidades, te enseñan a como hacer la pega para dar una buena impresión al mundo laboral.

Entiendo que existen personas que debido a sus situaciones de vida es imposible que puedan ingresar a una universidad tradicional y que necesitan surgir rápidamente por problemas económicos. No hay problema. Esto principalmente va dirigido a personas que tienen la oportunidad de elegir y con un respaldo económico para poder pensar sobre otras cosas que no sea tener comida en la mesa o tener el dinero para llegar a fin de mes.

Para finalizar, les dejo un video sobre un destacado ex-profesor de la UTFSM, el cual expresa de mejor manera el rol que deben tener las universidades a mi parecer y el cómo se ha ido perdiendo a lo largo de los años.

  
[Ultima Clase de Mario Salgado](https://www.youtube.com/watch?v=ZasTkHgAv0o&amp;list=LL&amp;index=1&amp;t=50s)",neutral
"Ingeniería Química y en qué Universidad Buenas gente de reddit, alguien que tenga tiempo de contar como es estudiar ingeniería química, que tan rentable puede ser, y las áreas de especialización. Las universidades que tengo en mente son la usach o la utfsm así que agradezco también sus opiniones en cual puede ser mejor.

Adicionalmente, cuál sería la base química con la que es recomendable entrar?",neutral
"Gratuidad: MANUAL DEFINITIVO y AMA Hola querida comunidad de este bello sub!!  
  
Como todos los anos, actualizo este hilo. Aprendo más, conozco más trucos y puedo ayudar más (antes lo puse en capa9 y en El antro xd). sÍ, yo los redacté , porque fui ayudante de las srtas en RR.EE.   
  
Con ustedes; ***el Manual de Corta Palos: Gratuidad 2024 (todos los llamados oct/2023 y marzo/2024)***  
  
Desempolvo este bello manual, tanto para quienes recién comienzan sus estudios como mechones, aquellos que estudian cursos superiores, a quienes les entró el bichito y quieran sentarse de nuevo en un pupitre, tanto para comenzar estudios de cero o proseguirlos.  
  
Se tocan los tópicos sobre cómo postular por el mecanismo de Formulario Único de Acreditación Económica (FUAS) : Veremos como rellenar o modificar la RSH (registro social de hogares) para que sea coherente con lo que presentaremos en el FUAS.  
  
Detallaremos los pasos del proceso de elección de beneficiarios (preselección, selección, asignación de los beneficios y la apelación ( con todas sus causales y cómo reunir la información y documentación para respaldar la ''pataleta'') .  
  
El año 2018 solo tenía mi experiencia (de una postulación y dos apelaciones) pero ahora, aprendí màs , estuve de ayudante en RREE y de madrina de alumnos nuevos, tengo màs experiencia , tanto por el aprendizaje formal y el ensayo/error con varios alumnos.! Y, comparto con ustedes algunos tips, porque creo que la educación , el conocimiento, e investigación es una de las vías para que Chilito mejore y vaya por una vía mejor. (no me tilden de progre por fa) 

Edit: por razones x me cambié a otra tradicional.  
  
Es para utilidad pública, libre de republicarse y compartir. Si estiman que no calza acá , por favor mover el hilo!   
  
**CARACTERÍSTICAS DEL BENEFICIO**  
  
Como todos sabemos, la archiconocida Gratuidad , se le otorga al 60% de población más vulnerable del país. Este beneficio consiste en cubrir el costo de arancel y matrícula, del período la duración de carrera ideal, en universidades , IP y CFT adcritos a ésta.

En resumen: solo se paga los semestres que se ""salen"" de la duración nominal y los costos de titulación (no la ceremonia, el costo de defender tesis y depositar el título).

  
Las instituciones deben tener al menos cuatro años de acreditación. En su constitución, deben ser sin fines de lucro , y sus controladores (naturales y/o jurídicas), tampoco deber tener ánimo de lucro. Si en su constitución existiera tal fin, debe ''corregirse'' y emitir carta al MINEDUC en donde se comunique ese compromiso.  
  
Hasta acá todo bien, o no?  
  
  
**QUIENES PUEDEN SER BENEFICIARIOS?**  
  
No quiero hacer un copy/paste, apuntaré de forma más sencilla posible y al grano y no engorrosa.  
  
  
Como lo apunté más arriba el 60% de la población más pobre del país. Ahora viene la pregunta.... y yo???? Califico dentro de este % ??  
  
**-** ***De Los Quintiles****:* Los quintiles son ''grupos'' para medir la situación económica. El quintil es : Las lucas de toda la familia en un año, de todos los miembros que generen lucas (todo se escribe en montos mensuales, para efectos de cálculo, el fuas se rellena de forma anual, pero es harina de otro costal, por ahora) sumamos todo y lo dividimos por el N° de integrantes de la familia. Ese monto (repito, mensual) que obtenemos, tenemos que buscarlo y ver en cual decil o quintil se ubica. Vale? Desde el 2018, la gratuidad cubre estudios para personas de hasta el SEXTO quintil .... Ahhhh!, ya!! Raya para la suma: El monto del quintil, de nuestro cálculo debe ser igual o menor a $193.104 Grábenselo como un mantra: $193.104, por cada miembro del hogar.  
  
***-De la matrícula en las instituciones adscritas*** : bueno, eso lo mencioné más arriba.  
Hay casos excepcionales , que voy a puntualizar acá: se trata de aquellas personas que ya tienen títulos, grados o estudios anteriores. Antes de ponerse pálidos, lean bien:  
  
***Uno***: Un ''técnico'' puede perfectamente postular a una ingeniería, prosecución o ingeniería normal (por citar una profesión, se puede hacer lo mismo con ´tecnico en x cosa y continuar estudiando la profesión x, dejaré ingeniería como ejemplo). Excepto licenciaturas terminales y postgrados.  
***Dos***: uno puede estudiar en un DUOC o otro IP o una u una carrera ''en ejecución'' (sin grado académico, estas carreras se imparten en ués que eran de la ex UTE, actual USACH) y solo egresar y postular a una prosecución, o a una carrera que sea condocente a un grado académico y acogerse a la Gratuidad. Yaaaaaa.... y ¿Qué hago con la primera, si no me titulé? Es muy usual que uno saque , en caso de los IP, los estudios pero no el proceso de titulación (memoria y práctica) y hay binomios de carreras que se complementan muy bien, y también es buena idea para quienes comenzaron/mos en IP, y claro, ni yo ni muchos de uds tuvimos chauchas para U, o por falta de información, elegimos x carrera y sería buena opción tomar una continuidad ( u otra carrera y convalidar), además enriquece nuestro bagaje de conocimientos, ect. Es una buena opción, pero es para detenerse y evaluarla caso a caso, entre otras razones, por la presteza por ingresar al mercado, el futuro estudiante tiene hijos, ect ect. Repito: sirve mucho para articular la carrera (ejemplo, de ejecuciòn (**Repito:: solo egresado!**!) a civil).  
  
***Tres*** , el postulante tiene título o grado académico. Puede acogerse a Gratuidad siempre y cuando postule a un programa de pedagogía.  
  
  
  
**CÓMO POSTULO?**  
  
Esta es la pregunta de un millón de euros. Desglosemos.   
  
Antes que todo, en el portal Beneficios estudiantiles , se desglosan hartas opciones/formularios, (al año 2018 eran tres, en 2019 , seis y ahora , para el 2020 todo se reordenó):  
  
***\~ Formulario Único de Acreditación Socioeconómica.***( en ésta opción nos centraremos, a ésta se postula si queremos aplicar a Gratuidad)  
Beneficios a los cuales puedo postular aplicando acá:  
  
Gratuidad  
Beca Nuevo Milenio  
Beca Bicentenario  
Beca Juan Gómez Millas  
Beca Juan Gómez Millas Extranjeros  
Beca Excelencia Técnica  
Beca Excelencia Académica  
Beca Puntaje Prueba de Transición Admisión Universitaria  
Beca para Hijos de Profesionales de la Educación  
Beca de Articulación  
Beca para Estudiantes en Situación de Discapacidad  
Beca Continuidad de Estudios para Instituciones en Cierre  
Beca de Alimentación para la Educación Superior (JUNAEB)  
Fondo Solidario de Crédito Universitario  
Crédito con Garantía Estatal  
  
No entraré a las otras, pero son  
  
***\~ Beca de Vocación de Profesor,*** y  
  
***\~ Becas de reparación***  
  
  
**RSH: Registro Social de Hogares**: Antes que cualquier cosa, evaluemos este punto importante. Porque a diferencia de los que muchos creen el FUAS no es igual ni refleja lo mismo que RSH. ¿Vale? Es más, puedes postular por vía FUAS, sin necesariamente tener RSH, pero tener RSH simplifica las cosas al momento de evaluar otorgamiento de beneficios.  
  
Mientras el FUAS se rellena en base a las rentas promedio, de tooooodo el 2019 y de enero a octubre del 2020 , de cada integrante del hogar, e intenta calcular el quintil de un núcleo familiar para el otorgamiento de beneficios para la educación superior , el RSH busca proporcionar un valor indicador que refleje la vulnerabilidad social (no sólo económica, porque se evalúan hartas cosas para obtener el resultado) de una familia nutriéndose de diversas fuentes, privadas y públicas. En palabras del portal del Ministerio de desarrollo social: ""El **Registro Social de Hogares** es un sistema de información cuyo fin es apoyar los procesos de selección de beneficiarios de un conjunto amplio de subsidios y programas sociales.""  
  
Cuando una va con la familia a realizar e inscribirse bajo el RSH , se los firmo , que es así porque ya está comprobado con los casos de varios muchachos) ahí el gobierno tiene facultades para cerciorarse con todos los medios posibles de que lo que hemos ingresado u apuntado en la ex ficha social coincida con el sistema (AFP, ISAPRE, FONASA, SENADIS, rentas de cargos públicos, montepiadas/os, jubilaciones (sobretodo las ex INP) ect ect) .  
  
En fácil , lo lògico es encontrar incoherencias y mentiras, si comparamos y cruzamos información entre RSH y fuentes de buena tinta. Mientras que, si ya pasamos el cedazo de la RSH, esa informaciòn se calca al FUAS, porque el gobierno tomará los datos de la RSH (si hubiere) como verificada y fidedigna. Y eso , simplifica mucho las cosas. Para ello hay que realizar cosas con antelación, yo aconsejo, unos seis meses antes del primer período de postulaciones, o sea, , tener resuelto todo a nivel ''papel'' los marzo de cada año.  
  
**~Algunas situaciones comunes y algunas consideraciones.~**  
  
***1) Mis progenitores ganan mucho!!*** Si agarres tus maletas (teòricamente) y te vayas donde la abuela que gana la pensión básica solidaria , mientras que tus viejos perciben buena renta . Vas donde tu abuela y le pides que te incluya en su ficha RSH y renuncias a la de ''tu familia''. Esta renuncia acarrea algo más que eliminarte de un documento: si estás en el plan de isapre de alguno de tus padres, deberás pedir la desafiliación primero, e irte a Fonasa , idealmente varios meses antes de que se abra el proceso de postulación del FUAS, como dije arriba, ojalá tener resuelto eso antes del año escolar o universitario, unos seis meses antes de que se abran las postulaciones FUAS, . porque al momento de recorregir la ficha de tu abuela, las asistentes sociales son agujas, y, el solo hecho de tener Isapre, te castiga mucho en el puntaje. Y empezarán las dudas: ¿por qué se va con la abuela justo ahora, ad portas a la PSU? es probable que te pongan más de un pero para evaluarla situación y ayudarte. Así que , has eso con mucha antelaciòn, a mi sobrina le pasò, que tuvo que apelar dos veces). Y anda desde esa fecha, pensando una historia muy convincente sobre el cambio de hogar.  
  
***2)*** Lo mismo pasa que ***si vives solo y ganas tus porotos*** : deberás incluir a tu hermano chico , a tu sobrino, o calcular bien e irte a la RSH de tus viejos, todo esto a nivel teórico, y siempre y cuando al calcular tu quintil , esta opción te ''ayude''. La idea es que la RSH en donde ""pertenezcas"" siempre sea igual o menor al 40% más vulnerable de Chile.  
  
3) ***Depurando rentas***: acà hay que ser cuidadosos: hay una línea fina que separa a la mentirita piadosa a ser un embustero de tomo y lomo: Es probable que la renta no imponible no calces en el sexto quintil. Y que tengamos que hacer unos ""ajustes"", que llamaremos depuración.  
  
Diremos , por ejemplo que los bonos **no** imponibles, podemos restarlos , o sea , no incluirlos, en la renta. Las rentas o pensiones de entidades pùblicas. empleados pùblicos o cajas de previsiòn (ex INP) aconsejo no ""depurarlas"", porque es muy fácil dar con el valor líquido que se percibe. También podríamos omitir las actividades independientes (pololitos, siempre y cuando no existan imposiciones sobre ellos o no sean ingresos por honorarios (esta última porque se encuentra la mentira contrastado info con el SII) . También , podemos callar si percibimos fondos por un arriendo, pero éste no debe estar bajo un contrato de arriendo con subsidio de arriendo. También si existiere un pensión o ayuda familiar , se puede omitir excepto fondos percibidos por resolución judicial (como las pensiones de alimentos) y cuyos fondos no pasen por el sistema bancario, mucho menos por el Banco del Estado.  
  
4) Ojo: también tengan cuidado: si hay adultos cesantes, respaldar muy bien , con finiquito, carpeta tributaria, imposiciones e idealmente también , con el seguro de cesantía. Si las asistentes sociales ven muchos adultos y muy poca renta.... creerán que hay datos incoherentes, o bien se oculta información. Es probable que pregunten qué sucede.  
  
  
Con todo los documentos listos , realizamos o solicitamos la ficha RSH, o bien , renunciamos a la ficha en la cual pertenecemos y solicitamos el ingreso a otra.  
  
Con todos nuestros papeles, liquidaciones , declaraciones de gastos, fotocopias de carnet , ect ect... presentamos el dossier con la solicitud . Es probable que se reflejen los cambios o realización de las RSH en unos dos meses. (por eso die que hay que realizar las cosas con haaarta antelación).  
  
No diré que programas usar para depurar documentos, porque el post se convertirà en otra cosa Si tienen documentos en pdf y quieren convertirlo a .doc o .docx, cuidado con las destabulaciones de los archivos.  
  
*Lo único que diré es que es absurdo , plantear que una casa, cuyo promedio familiar es de diez mil pesos màs que el sexto quintil, puede costear una carrera de cuatro millones. Es ilógico. Por eso apoyo y hago recomendaciones de ""mentiritas piadosas"" ☺️. Que no salga del foro, vale?*  
  
**~-RELLENANDO EL FUAS.~**  
  
Ahora es el paso , para rellenar el FUAS, que literalmente, calcaremos la información de la RSH:  
  
1) Rellenar datos personales.  
2) Anotar cada uno de los integrantes del hogar  
3) Apuntar los ingresos promediados . Los ingresos se desglosan en nueve ítems:  
-Sueldos: La renta líquida percibida (si es necesario: la renta líquida menos haberes no imponibles)  
-Retiros  
-Pensiones: pensiones de vejez, solidarias, de invalidez, de discapacidad , montepiadas.  
-Honorarios  
-Pensiones de alimentos u otros aportes familiares. (no incluiremos los montos que no pertenezcan a resoluciones judicial y los montos se entregan en mano)  
-Dividendos de acciones  
-intereses de capitales mobiliarios  
-Ganancias de capitales mobiliarios  
-Otras actividades (leer màs arriba) (aquí entran los pololitos, o toda actividad pagada ''a lo amigo'' sin boleta ni imposiciones.  
  
Sumo ''hacia abajo'', mes por mes.  
  
Para cada ítem: se obtiene el promedio mensual y se divide por el nûmero de integrantes.  
- Para el 2019: los totales mensuales (son doce) se promedia por doce, la sumatoria de los ingresos anuales (del 2018) de cada ítem.  
- Para el 2020: los totales, que serían diez, se promedia por diez ,. .La sumatoria de los ingresos percibidos desde enero a octubre del 2020 (porque el MINEDUC abre los octubre las postulaciones y aún no termina el año, esa es la razón).  
  
Como ya habíamos realizado la RSH, este paso es replicar la información (si no está explicitada, está en los papeles presentados) a este formulario. Solo tener cuidado al promediar. Tan fácil como coser y cantar.  
  
  
**LOS PASOS PARA EL OTORGAMIENTO: NIVEL SOCIOECONÓMICO, PRESELCCIÓN Y ASIGNACIÓN**  
  
**Nivel Socioeconómico:** Ya enviamos el FUAS . Se cierra el período de inscripciones. El primer cedazo que realiza el Mineduc, es la Preselección (en RREE se le dice coloquialmente ""las 'pilas'') . En esta etapa se evalúa los ingresos declarados por los postulantes. Esta etapa es solo INFORMATIVA. Se le conoce como ''las pilas'' porque se usa una imagen de una pila , que según lo ''llena'' que esté uno puede acceder a más beneficios.  
Si está full, candidato a gratuidad sin cuestionamientos.  
Si está un 3/4 de llena, aplica todos los beneficios menos la gratuidad.  
Si está casi vacía, solo CAE.  
Si no aparece la pila, quiere decir que hay información (bastante) inconsistente, y que habría que ir a la U, para realizar una evaluación socioeconómica. Las divisiones de RREE de las instituciones de educación superior (IES) tienen personal especializado, su rol es hacer ''contraparte'' y realizan la gestión para ser todo presentado al MINEDUC. Ellos anotan todo, juntan un dossier de tus documentos (ellos te dicen cuales requieren) y mandan todo al MINEDUC para ser evaluado. En el fondo , te mandan ''a repechaje'' , por ende, el resultado de los beneficios se procesará junto con tooooodos quienes postularán en el segundo llamado (junto con los olvidadizos que no postularon a la primera)  
  
**PreSelección**: La Preselección es una etapa informativa en la que Mineduc comunica a los estudiantes si cumplen con los requisitos establecidos para optar a Gratuidad, Becas y/o Fondo Solidario. Puntualizo enfáticamente , por favor lean, que ***para que un estudiante obtenga finalmente un beneficio, éste debe encontrarse matriculado en una Institución de Educación Superior que cumpla con las condiciones establecidas para la asignación.***  
  
Esto puede no ocurrir, sobretodo si son estudiantes vespertinos ~~(saludos a coodinadoción de ici vespertino de mi U, ya son tres años de lo mismo !!!)~~, (saludos al vicerrector académico, y a los directores de Dirección de Docencia y de Dirección de estudios, me han salvado la vida tres veces!!!) Puede que ya se hayan matriculado e incluso le entregaron comprobantes de matrícula, peeeeero que no hayan sido ingresados a la nómina que la IES le entrega a MINEDUC. Como no aparecen, van a tener problemas, pero tranquilos, veremos esto en un rato màs.  
  
**Asignación** : Como su nombre lo dice, es la fase de otorgamiento de los beneficios. Aquí se descorchan champañas jajajaja no, aquí comienza la alegría para muchos, pero también una frustración para otros tantos (me incluyo): No resultó!!!! No me asignaron!!! Qué hago?   
  
  
**Apelación:** Una vez entregados los resultados de asignación y hubo resultados negativos, hay dos opciones: Apelables y no apelables (no existen ''no apelables'' pero hay situaciones que se corrigen en segunda vuelta.)  
  
  
**- No apelable :** Te preseleccionaron y no te matriculaste, o bien te matriculaste pero la IES no te apuntó en la nómina, por ende Mineduc no tiene como saber que ya estás en una IES este año. Tranquilo. Pese a que no estar matriculado, per se no hay ítem de apelación. solo debes esperar los resultados de la siguiente ronda (el año pasado fue en abril). Solo pide una mano con una asistente social para que te precise si estás en la nueva nómina que van a enviar al Mineduc. Ahí queda corregido y se actualiza la lista de matriculados y tendrás el otorgamiento sin problemas. Otra situación no apelable, son los renovantes. Su resultado en la mitad de año. No pasan a segunda vuelta, ni apelan. Solo esperar. Me pasó las dos cosas, la primera el 2018, y la segunda el 2019, 2020 y ahora.  
  
  
**- Apelables:** existen doce causales para acogerse al pataleo. Ojo que la cláusula de apelación debe ser coherente respecto a la razón de no asignación de los beneficios. Apuntaré de forma resumida las causales y que debemos hacer/presentar/subir a la plataforma:  
  
  
  
**1) Diferencias en la composición del grupo familiar:** Declaración jurada simple, cartola del RSH, certificado de nacimiento/defunción según sea el caso.  
**2) Diferencias en los ingresos:** cartola de 12 meses de imposiciones, resolución para las pensiones de alimentos, y documento que certifique los ingresos (honorarios o liquidaciones, según corresponda, (No hablaré de photoshopear, porque ahí si que es feo, aunque cada uno save lo que hace jeje)  
**3) Cesantía de un integrante de la familia :** Finiquito, seguro de cesantía y cartola de 12 imposiciones (dependientes) Término del giro, carpeta SII , 12 cotizaciones, declaración mensual y pago simultáneo de impuestos, Resumen de boletas de honorarios y F22 (independientes). Todo eso. Hazlo simple, imprime y tica, pon todo en una carpeta en el pc, por integrante. Así llevarás un orden, y no andarás con el butt a dos manos a última hora .   
**4) Gasto permanente de salud:** Certificado médico y declaración de gastos médicos.  
**5) Gasto en educación a un integrante sin beneficios:** Contrato de prestación de Servicios educacionales y documento que acredite los gastos.  
**6) Integrante con discapacidad:** Documento emitido por Registro nacional de discapacidad , Compin o SENADIS. Lo más fácil es sacar una copia en registro civil virtual, con clave única.  
**7) Ausencia/diferencia de NEM :** Certificados de la Enseñanza media y la Licencia de EM.  
**8) No contar con título técnico, profesional o licenciatura:** declaración jurada simple, en donde declaro que NO los tengo . Se imprime el formulario tipo que la misma plataforma te da.  
**9) Hijo de profesional o asistente de educación:** Certificado de nacimiento, Copia del contrato (del progenitor que trabaja en Educación)  
**10) Permanencia definitiva:** Certificado de permanencia definitiva, (de PDI y depto de Extranjería) con fecha posterior al FUAS.  
**11) Becas de reparación:** Fotocopia de ci por ambos lados, Licencia de EM, formulario legalizado de aceptación al beneficio.  
**12) Beca de traspaso de reparación:** Se revisa qué documentos faltan.  
  
  
En cada apelación , tienen su espacio para subir c/u de los documentos. Por persona y por causal. Se realiza la apelación y se espera los resultados de la ''segunda vuelta. y los renovantes , en la tercera (junio de este año).  
  
**Para tener en cuenta**   
  
- La gratuidad cubre  UN SOLO cambio de carrera, uno solo, pero los años de duración -ideal y restando los cursados en la carrera anterior. Ejemplo, en mi caso me cambié de tradicional a tradicional, civil x , en la primera cursé 4 años y me cambié a la segunda que también dura 6, entonces 6 -4 = 2. Me quedan dos años de cobertura con gratuidad (sin echarme nada).  
  
-***Si me falta un semestre para cubrir,*** postular el año anterior al que caduque la gratuidad, al fuas, para así acogerse al CAE , FSCU (fondo solidario) u otro beneficio. Avisar a RREE o al coordinador de las matrículas, o Finanzas. Nadie pero nadie te puede eliminar de la IES ni condicionarte la matrícula si la gratuidad te cubre parte de este año y estás gestionando otro mecanismo para cubrir el diferencial.

El arancel que se debe pagar es MENOR , es arancel AJUSTADO.  
- ***Ojo con los cambios de carrera internos:*** convalidaciones, tomar más ramos (de una forma sana) y los ramos equivalentes para tener menos semestres sin ser cubiertos por la gratuidad.  
- Ojo con ***cambiarse carrera internamente.*** cerciórense que ya están fuera de la primera carrera. Puede salir alguna cosa rara al MINEDUC y también puedes salir beneficiario, que te cubrirá la primera carrera o, la màs ''barata '' (de las dos) . Si llegaras a aparecer en el sistema como estudiante de carreras paralelas, será un chollazo hacer traspaso de fondos de una facultad a otra . o de un depto a otro. Siempre hay errores de traspasos de fondos.  
- Lo mismo aplica si ***me cambio a otra IES (transferencia externa le dicen en algunas IES).***  
  
- Otra cosa 1 : dejar arreglado el avance curricular, especialmente si las carreras son alojadas en la misma facultad y ***hay ramos con misma sigla o equivalente.*** Esto corre especialmente si estudian el plan común. Ojo con las equivalencias de asignatura, por ejemplo, en la UTFSM: los ramos de carrera como las economías y operaciones dictadas por el depto de Industrias son ""convalidables"" para quien se vaya a Comercial. Pero, al revés no, es decir si te vas de comercial a industrias esos ramos no son considerados como convalidables y tendrías que cursarlos ""de nuevo"". Este es un ejemplo. Ten presente como se evalúa eso en tu casa de estudios. ***Mi consejo es tener el manual de tu IES. Reglamentos, protocolos. Familiarízate con esas normas, porque nadie lo hace por uno.***  
  
- Otra cosa 2: importante, que a mi me amargó el principio de dos años :si renuevas gratuidad, o sea vas desde segundo año en adelante, ***la IES no puede pedirte ningún documento (cheque, vale vista o dinero) para respaldar fondos, ni menos negarte la matrícula ni inscribir asignaturas.*** Eso es ilegal. También me sucedió. Me persiguieron pidiéndome cheques y nunca me matriculaban (nómina) , el tema grave era que si no estaba matriculada, tampoco aparecía apuntada en la lista que se envía al mineduc, caería en apelación y la situación se repetiría ""at libutum"". Deben ir (cada instituciòn es distinta): Al departamento/ facultad y a RREE, después finanzas, y por último, a la Vicerrectoría o Decanato, o bien la Dirección General de Docencia.  
  
. Otra cosa 3: Corre para quienes excedan la duración nominal y requieren cubrir lo que falta para titularse: postular con fuas: Cuando lo hago?  
El año anterior a que venza la gratuidad. Por ejemplo : Si culmina el segundo semestre de este año , deben postular al llamado de ahora. SI cubre este año completo, postular en octubre 2023 (o segundo llamado en este 2024).  
  
Si van a postular a CAE, consideren que los van a evaluar como alumnos antiguos, les van a exigir avance académico, generalmente, de los dos últimos semestres.  
Si encuentran más piola el FSCU, postular y dar, el año anterior a que caduque la gratuidad, a la PSU. Se otorga FSCU con PSU rendida ese año o el anterior.  
La otra forma; si estudian carreras técnica, acogerse a la beca nvo milenio.  
Otra forma para carreras de pregrado: si tienen discapacidad; acogerse a Bicentenario Discapacidad.  
  
**Sobre los aranceles ajustados**  
  
Este es un detalle no menor, y afecta tanto a las IES (los que más han ''alegado'' son las ues del CRUCH) como a los alumnos:  
  
La gratuidad financia a las IES por un monto que es inferior al arancel real. Para no dar la lata, se calcula con un factor, que incluye entre otras cosas, los años de acreditación. Esa diferencia que se genera restando el arancel real con el ajustado, la IES no puede cargarla al alumno. Hay un pdf del Mineduc que detalla esos montos.  
  
Por otra parte, los alumnos que no fueron beneficiaron de gratuidad y se ubican en el 7mo quintil, se les cobra un arancel ajustado. Estos valores también aplica a alumnos que perdieron gratuidad, sea por la razón que sea. O sea supongamos, mi carrera el arancel real es 4.750.000 , y la gratuidad me pagará solo un semestre (2,375 MM), yo, deberé buscar como financiar el otro semestre, pero este no será de otros 2,375 MM, porque también aplicará un arancel ajustado. Para acogerse, hay que enviar carta a RREE y a finanzas, apenas sepas los resultados de los beneficios de este año.  
  
Postular a beneficios internos: red de ex alumnos, empresas, municipios, por una [carrera.cl](http://carrera.cl) es buena pagina para ir buscando opciones.  
  
  
Sorry , se me alargó mucho el testamento.... estaré actualizándolo por si se me queda algo en el tintero.  
  
Pregunten no más  
  
Adiosín ",positive
"Ingeniería civil informática uah Soy mechona en ingeniería civil plan común en la uah, me gustaría leer experiencias de gente que esté cursando esa carrera en esa u o egresados, esta era mi segunda opción luego de la utfsm, sin embargo quedé en lista de espera (lugar 20), me matricule de todas maneras pero me gustaría opiniones sobre esa universidad y la carrera ya que no he encontrado mucha información en internet, los leo!",neutral
"¿Qué universidad es mejor? Tengo 18. Si bien aún no estoy decidido que estudiar, una de las opciones que más me llama la atención es Ing. Civil de minas. Aún así no sé universidad me conviene más. Tengo un primo que la está terminando en la UDD, pero no me convence mucho la verdad. Había pensado la UCH, o la UTFSM, pero sigo sin estar seguro.
Me va (o iba) bien en matemática en el colegio, y la física y la química tampoco me cuesta.",neutral
"Advance hacia ICI partiendo de Comercial? Hola! Resulta que en unos tres meses termino Comercial con Magister en la UAI, me gusta la carrera, pero en el cuarto año me di cuenta que me gusta harto ICI. Ahora, no me quiero tomar 6 años extra de carrera estudiando ICI siendo que Comercial es relativamente similar.

Un amigo que sacó el doble grado Comercial-Civil Industrial me comentó que en salario y oportunidades laborales son super buenas, entonces quería ver si, dentro de la opinión de ustedes realmente conviene o no.

Con el tema de la matemática extra, no le tengo mucho miedo porque siempre se me ha dado relativamente bien, mi rendimiento académico dentro de la carrera ha sido sobresaliente, y dentro de las Ues que veo que lo ofrecen están la UTFSM, la UNAB, y la USS.

Pa que les voy a mentir, las últimas dos es por puro en caso de no quedar en la USM pero quizás el título de Civil Industrial no necesite ser de una U tan ""cotota"" habiendo estudiado Comercial en la UAI y saliendo bien rankeado.",neutral
"Magister o Licenciatura  Hola, salí de un IP, después hice un magister y siempre he tenido cargos de Jefatura, no me quejo de las lucas. Se que no soy Ingeniero, ya que no tengo la civil, pero siento que tampoco me ha ido mal. Que harían Ustedes? Sacarían un Magister en la Utfsm o una civil Industrial?.

",neutral
"Dificultad Ingenieria UTFSM vs UC vs UCH Hola!
El viernes unos amigos empezaron a debatir sobre en cuál de esas universidades es más difícil estudiar ingeniería (tenemos entre 27 y 29, así que ya salimos hace un ratito)

Los argumentos seguían la siguiente línea…
- UTFSM tiene las mayores tasa de reprobación
- Sí pero eso es porque tienen puntaje de corte mucho más bajo a la UCH y UC
- un amigo se fue a la UC y saca puro 6
Etc

Alguien acá ha estado en más de una de estas ues? O ha visto pruebas? Cosas de tener una opinión más formada
",neutral
"¿Qué tan realista es hacer posgrado en una Universidad top mundial saliendo de Chile? Cuento corto, soy mechón de Astrofísica en la UTFSM, y como muchos saben, acá les encanta rajarse a los alumnos con las notas (a decir verdad, por lo que he visto, ahora es un poco menos que hace algunos años), entonces, quería preguntar qué tan realista sería hacer un magíster/doctorado en una de esas Universidades con nombre bonito que siempre menciona Lisa Simpson habiendo salido del pregrado acá (sé que para el posgrado importan mucho tus notas de pregrado, entonces no sé cómo se verían mis opciones a futuro). Y también quería pedir tips para seguir durante la carrera para tener más posibilidades de entrar a un buen posgrado a futuro.",neutral
"UdeC o Usach Ingeniería? Wena cabros el título lo dice todo, además de eso contarles que mis intereses van por ingeniería civil electrónica, mecánica o eléctrica, cuál u me recomendarían para una de esas carreras y cuál carrera recomiendan más en específico, me interesa mucho la física y las matemáticas? Soy del Maule así que descarto la Utfsm porque por lo que he leído la sede buena es la de Valparaiso, también la uc y uch porque me pasé un poco por el forro las materias que no me gustaban en la media así que mi nem y ranking no fue muy bueno que digamos. Las ponderaciones de la Udec me alcanzan para el plan común y en la usach me faltan como 10-20 puntos (considera mayoritariamente nem y ranking, fuk) que el plan es subirlos ahora en la paes de invierno o en la de verano a fin de año.

Se agradece cualquier sugerencia u orientación :b",negative
"Arriendo es Santiago para 3 pibes Hola gente de reddit, soy un cabro de valdivia y con 2 amigos más nos vamos a ir a estudiar a santiago, estamos en la UTFSM y la Diego Portales, estamos buscando depa con 3D desamoblado o amoblado, cualquier datito o consejo sirve, idealmente por Providencia, Las condes, Vitacura o Ñuñoa muy alto",neutral
"La wea no es editada, en verdad Fox News puso esto en su IG (el edificio que sale es la UTFSM de Valpo) ",neutral
"Ayúdenme a escoger una U porfa Bueno, la cosa es que soy de Conchalí y soy una wna bastante pava que no sale nunca (literal) de su casa y no tiene nada de calle, y con el puntaje que saqué en la paes lo único que me queda cerca para postular es química y farmacia en la Chile, que queda en independencia. Quedaría altiro por mi puntaje y me tinca mucho esa carrera, pero para las otras opciones que debo poner no sé bien cuáles escoger por temas de ubicación.

Me alcanza para estudiar qyf e ingenierías en la usach y la utfsm, pero ambas me quedan lejos y hasta lo que sé ambas quedan en lugares donde igual hay harta delincuencia (Por lo menos hasta lo que siempre veo de Estación Central y por lo que algunas personas me han dicho de San Joaquín). Y aunque son universidades de prestigio, y me enorgullecería harto sacar un título en cualquiera de las dos, el andar sola por esos lados igual me asusta porque, como dije antes, no soy más tonta para andar en la calle simplemente porque no nací antes.

La otra opción que me tinca es civil informática en la udp, que por lo que me han dicho tiene buena preparación y buena empleabilidad, y la ubicación de su sede no me complica tanto. Pero es privada y no de mucho prestigio, lo que igual me preocupa a la hora de tener que buscar pega pq sé que aunque en informática importa más la experiencia de todas formas al recién partir hacen un filtro según donde uno haya estudiado.

Y eso, ¿Qué me recomiendan ustedes? Cualquier consejo que me puedan dar se los agradecería mucho c:",neutral
"Tengo 40 años y quiero reinventarme, pero la inseguridad me mata Me animé hacer la pregunta porque vi varias similares y han dado consejos re buenos. La cosa es que yo estudié informatica hace varios años atrás. Nunca me sentí informático realmente, programé unos años, estuve sin pega otros tratando de sobrevivir trabajando en cualquier cosa, luego por otros 10 años no hice más que una mezcla entre soporte técnico y administración que podría hacer cualquier persona sin estudios. Lo sé, es culpa mía no especializarme ni hacer otros cursos aunque la vida nunca me dio la posibilidad, en fin no vengo a quejarme. La cosa es que ya llegué a mis 40 y esa vocesilla que me decía ""haz otra cosa"" cada vez es más fuerte, hace mucho mi actividad no me motiva y me he quedado atrasado en mi area competitivamente hablando. No hay mucho que me atraiga pero la mecánica siempre me ha parecido bien interesante y además estable (siempre se va a necesitar un mecánico, hasta para uno mismo xd).

Eché un vistazo y vi que la UTFSM tiene una carrera de 2 años de técnico en mecánica automotriz, entonces me encantaría leer sus opiniones:

He tenido la oportunidad de conocer a EXCELENTES mecánicos que creo que no tienen ni 4to medio entonces tengo miedo de perder 2 años y plata estudiando algo que realmente se aprende trabajando. O quizás debería continuar con lo que tengo y replantearme el plan. Realmente estoy indeciso. Si llegaron hasta aquí gracias.",negative
"Pago de CAE Hola a todos, tengo una consulta, la verdad soy muy confiado en que cada institución funciona bien y que no buscan cagarte descaradamente al menos. Mi caso es que estudie ingeniería civil electrónica en la utfsm por 7 años, y pedí crédito CAE al no poder costear la carrera. Lo pedí durante los años del 2011 a 2017, y el referencial era de 2.4m aproximadamente (lo que me cubría el crédito cada año)(el resto que faltaba le pedía crédito a la universidad, como especie de fondo solidario). El asunto que ahora estoy pagando y me fijé que debo como 40millones (no sé cómo xuxa subió tanto)... La cuota me sale 180mil (tengo suerte de tener un buen sueldo y que no me moleste tanto, no me puedo quejar en ese ámbito). El asunto es que veo en el banco Itaú el tema del crédito y se puede ver los montos anuales de los creditos que pedí, para mí sorpresa habían creditos de 5millones, 4.5millones, mayor que el arancel referencial de 2.4millones que eran en esos años y además el arancel anual entero era más o menos de 3.5millones más o menos por esos años.. no se si me están cagando o estoy viendo algo mal en el crédito.
Alguien ha tenido una experiencia similar? Habrá que consultar con el banco al cual se tiene el CAE?",neutral
"Ingeniería civil en computación mención informática en la UTEM o cambiarse de universidad Les cuento mi historia. Fui beneficiado pace y me dijeron que si me postulaba a la utfsm o la usach quedaría, pero no fue así y quedé en mi tercera opción que era la utem (que fue una u que puse para rellenar). Pero me dijeron que era muy buena universidad igual además que un tío salió de ahí y hoy tiene un puesto importante y decidí quedarme.

Ya terminé mi primer año en esa u y la verdad es que me sorprendió su exigencia y quitando algunas cosas como la infraestructura es mejor de lo que creí. Sin embargo ¿Creen que me sale mejor cambiarme de universidad? ¿En esta carrera importa el lugar del que uno sale? ¿Que se debe hacer para cambiarse?",positive
"Dudas sobre estudiar Ing. Civil Informática. TLDR: ¿Dónde estudiar Ing Civil Informática?, ¿qué tan posible es?, ¿Ramos malditos?, ¿Necesito ser un genio para las ciencias?, *y demás preguntas de un estudiante de 4to medio angustiado por la PAES.*


Hola!, estoy en plena época de tomar decisiones vocacionales y me he interesado mucho por la carrera de Ing. Civil Informática, pues desde pequeño siempre me han gustado las matemáticas y la programación. Ahora, la cosa es que tengo dudas sobre qué tan distinto es estudiar en la casa central de la utfsm del campus San Joaquín, cómo es el ambiente social, relación alumno profe, calidad de las instalaciones, irregularidades, y en general si me conviene o no. Mi otra opción era la U. de Chile (Beauchef), pero no estoy seguro si me va a dar el puntaje y la malla no me gusta tanto. Aprecio cualquier consejo que me ayude a entender mejor el mundo de las universidades, y que tan posible es sobrevivir en estas. Y por último, ¿es fundamental ser un genio para física, química y biología?, siempre he tenido problemas en esos ramos, y me da miedo llegar a dar pena a la U, me gustaría saber con qué nivel aprox hay que llegar a la U para pasar esos ramos, así me pongo a estudiar ahora mismo jajaja

Lo siento lo disperso pero tengo muchísimas dudas y me gustaría tomar la mejor decisión posible a la hora de entrar a la U, gracias por adelantado!!",neutral
"Ingeniería Informatica o Ingenieria Civil Telematica? Buenas, 

Mi principal consulta es como indica el titulo, ¿Qué sería mejor, estudiar Ingeniería Informática o Ingeniería Civil Telemática?

El foco de mi pregunta va dirigido principalmente al quehacer de ambas carreras, si bien las dos son similares en algunos aspectos, no me queda muy bien a que podría dedicarse el telemático. Hace poco revisé la malla de la que se imparte en la UTFSM y vi ramos de informática, electrónica y telecomunicaciones. 

Entonces si estudio telemática:

\- ¿Puedo dedicarme a gran parte de las áreas de la informática mas, algunas de telecomunicaciones?, 

\- ¿Qué haría el telemático que un ingeniero puro de las dos ingenieras anteriores no? 

\- ¿Podría aumentar las oportunidades laborales al tener conocimientos de varios ámbitos, o reducirlo por no estar especializado derechamente en algo?

\- ¿Cuál sería la mejor entonces para poder encontrar trabajo y poder desarrollarme profesionalmente con mas soltura?

Y para aquellos que están estudiando/estudiaron la carrera, especialmente si es en la UTFSM,

\- ¿Qué tan difícil fue? y ¿Cómo es el ambiente en la universidad?

Gracias de antemano para todos aquellos que se den el tiempo de responder.

",neutral
"Creen que valga la pena meterse a esta carrera solo por la plata y no por el gusto? Recién me matriculé en química y farmacia en la Chile porque me encanta la química, la biología y me gustaría trabajar en el área de la salud o las industrias farmacéuticas, además de que leí que el campo laboral es amplio y los sueldos suelen ser buenos. Pero he estado con una crisis vocacional tremenda desde que me matriculé, siento que debí haber tomado el riesgo de meterme a ing informática en la usach o la utfsm (Me alcanzaba para las dos) para poder salir ganando plata altiro. No me metí a esas carreras pq sé que la utfsm hace mierda a sus estudiantes y la usach creo que pasa en paro y a cada rato va perdiendo prestigio como universidad, aparte de que soy bien más o menos nomás cuando se trata de las matemáticas y la física, si me fue bien en la paes (Que me fue la raja, saqué 993 en la M1) siento que solo fue pq la prueba parecía un chiste, una prueba hecha perfectamente para cabros de octavo básico. Y en cuanto a programación, lo intenté un par de veces y soy un asco para eso, varias veces hasta hice que mi compu empezara a echar aire como loco y marearse porque ponía mal los códigos HWHWHWB.

Leí harto que para sacar una ingeniería basta más el ser constante en el estudio y disciplinado que ser el wn más seco en las matemáticas, pero aún así me dio susto porque yo metiéndole horas diarias de esfuerzo a esos ramos seguía siendo una wna bastante mediocre y tirando a penca xd, así que decidí irme por el lado más de química y biología que son cosas en las que soy buena y me gustan. 

Pero a veces me da un susto horrible de haber tomado una mala decisión, veo muchos de por acá que parten ganando buena plata y de ahí en re poco tiempo ascienden a sueldos de incluso 5 palos, y yo con mi carrera también partiría ganando buena plata pero me tomaría más tiempo y esfuerzo llegar a un sueldo así. Siento que debí haber tomado el riesgo y por último meterme a la usach y sacar la ingeniería, aún estoy a tiempo de retractarme de esta carrera y quizá convencer a mi mamá de cambiarme a informática en la usach (Dudo poder convencerla, pero se puede hacer el intento abbs). Sin embargo, no sé si valga la pena cambiarme a esa carrera que no tiene nada que ver con mis gustos y solo por la plata, ¿Alguien de aquí se metió a esta carrera por este motivo?, ¿Valdría la pena? Cualquier consejo que me puedan dar se los agradecería mucho.",neutral
"Opciones para estudiar informatica. Holaa, esta es la primera vez que posteo en reddit y la verdad es que este tema me tiene bastante acomplejado, pasa que entrando este año necesito estudiar si o si y me ire por la informatica, pero por temas de ptje no me da para una u top como la puc, usach, utfsm ni nada así, estuve revisando dentro de mis posibilidades y las u que mas se adaptan al perfil de egreso que busco, son la autonoma, la umayor, la udp, la uft y la ubo, ya que estas tocan mas los temas de desarrollo de software, ciberseguridad y analisis de datos en general.

¿alguien podria asesorarme sobre estas opciones, alguien que estudie o haya estudiado la carrera en una de estas instituciones o que solo sepa sobre ellas?

¿o que otras universidades recomiendan en las que se enseñen en su mayoría estos 3 temas?(desarrollo de software, ciberseguridad y analisis de datos) (y obviamente que no sea tan exigente en admisión, ya que en la mayoría de las universidades pondero entre 580-600 aprox), añado también que debe ser una u adscrita a gratuidad, ya que no puedo permitirme pagar una carrera, ni el cae.",negative
"Data Science viniendo de Astronomía Buen día gente, este es mi caso. Estudié Astronomía en la UDEC, estoy en las últimas, ya saqué la licenciatura y estoy a nada de terminar la tesis. Me gusta la programación a pesar de solo saber Python por ahora, y lo usé toda la tesis para analizar datos astronómicos. A pesar de que me gusta mucho mi carrera, sé que la realidad es 95% probable que nunca pueda ejercerla y sacar un sueldo decente (el camino de la academia es larguisimo y veo que muchos con ene titulos y postgrados no tienen pega), lo que no sería un problema si mi familia fuera acomodada pero no es el caso.

Por ello, me picó el bichito de la idea de irme por el Data Science como alternativa. Estaba viendo y vi que la utfsm tiene un técnico que por malla se ve re piola, además pregunté y me podrían convalidar uno que otro ramo. ¿Creen que sea buena idea o debería irme por alguna otra alternativa? Con esto no espero ser millonario instantáneamente, solo poder ejercer algo minimamente relacionado a lo que estudié y que me de algo para vivir, luego ir creciendo si se puede. Estoy abierto a cualquier sugerencia, y muchas gracias a quienes leyeron hasta acá. Adjunto la malla de la utfsm para ver que opinan.",neutral
"Consulta para Data Analyst/Engineer Estimados, les quería pedir sus aportes, ideas o experiencias acerca de cómo me puedo convertir en un Data Analyst o Engineer. Ahora mismo estoy cursando la práctica, estudie el técnico de analista programador computacional, en instituto, y mi idea es, trabajar para poder pagar mis estudios. La idea era completar la ingeniería, pero me di cuenta que me interesa mucho más la ciencia de datos, pero no tengo muy claro cómo poder estudiar. 

Se que las opciones reales son estudiar en una universidad o en un instituto. La primera no sé si sea muy viable para mi, porque por lo que vi, en las universidades (mayor, uc, uc de valpo, utfsm) aparte de tener un arancel muy alto, se estudia en modalidad diurna, por lo que creo se me complicaria trabajar para poder costearla. Por otro lado el insituto es más conveniente por lo mismo, poder estudiar de manera vespertina mientras trabajo. 

¿Son realmente esas las únicas opciones ? ¿Cómo se convirtieron ustedes en Data Analyst/Engineer? ¿Qué harían ustedes en mi lugar? 

Les agradezo de ante mano cualquier consejo, experiencia, aporte. ",neutral
"¿Vale la pena un magíster en ciencia de datos o mejor certificaciones y proyectos? Saludos a todos, les pido su opinión sobre mi situación:

Me licencié recientemente en Astrofísica en la UTFSM. Lo más útil que aprendí para lo que quiero hacer hoy fue matemáticas, estadística básica y Python. No quiero seguir en la investigación, sino que quiero hacer la transición al mundo de los datos, buscando roles como analista de datos, analista BI, cientista de datos junior, trainee o practicante.

Postulé y fui aceptado en el Magíster en Ciencia de Datos de la PUC, pero el precio me parece exorbitante, y no estoy convencido de que la calidad sea superior a lo que se puede encontrar gratis o a bajo costo en plataformas como Coursera, EdX o Udemy. Como sé inglés, he estado considerando programas en otros países, algunos online (como el OMSCS de Georgia Tech o el MCSO de Texas Austin) y otros presenciales en Europa, que resultan más baratos y en universidades mejor posicionadas que la PUC.

Sin embargo, he visto en Reddit muchas opiniones que dicen que un magíster es un malgasto de dinero y que es más conveniente invertir en certificaciones específicas según las habilidades que demanda el área en la que se quiere trabajar.

Por otro lado, sé que lo básico para postular a cargos como analista de datos o analista BI es dominar Excel, SQL, Tableau o Power BI, y Python o R, además de contar con un portafolio en GitHub u otros servicios en la nube.

¿Qué opinan? ¿Vale la pena un magíster en ciencia de datos o es mejor enfocarse en certificaciones y proyectos? Y en ese caso, ¿qué tipos de proyectos podrían llamar la atención de los reclutadores en estas áreas?",neutral
"Técnicas y técnologías para estudiar y aprender mejor? Ingresé a estudiar Técnico en Informática en la UTFSM de Concepción, comienzo en Marzo. Ya he intentado estudiar Informática antes, en la UdeC, con resultados desastrosos y mucho dinero perdido. Esa vez me sucedió con 18 - 19 años (por inmadurez y por lo que a mi parecer en ese entonces era una enseñanza un poco arcaica), ahora con 26 creo que estoy más preparado en términos de madurez, lo que hace que quiera sacarle el máximo provecho a esta segunda oportunidad. 

Me he estado preparando desde Diciembre del 2024, estoy estudiando Desarrollo Web porque es a lo que me gustaría apuntar en mi futuro laboral, pero entiendo que la carrera me va a brindar un espectro más amplio y sobre todo los fundamentos de la computación/programación, etc. No estoy estudiando tanto por el hecho de aprender HTML, CSS, JS u otra cosa, sino que para *Aprender a aprender*. No sólo la habilidad de programar si no de obtener un buen desempeño en mi currículo académico.

Mis conocimientos en Matemáticas no son mi fuerte, es algo que siempre me ha costado y que he tenido que reforzar constantemente, sumemos ahora que debo aprender a programar, es decir, solucionar problemas desde la abstracción y me tiembla la pera un poquito.

Recurro a uds. entonces, para consultarles:

¿Como puedo enfrentar estos próximos 2 añitos para estudiar de forma efectiva y aprender e integrar de mejor manera los conocimientos?

[Agradezco de antemano!](https://i.redd.it/afy2jbbbh0fe1.gif)",neutral
"Técnicas y tecnologías para estudiar y aprender mejor? Ingresé a estudiar Técnico en Informática en la UTFSM de Concepción, comienzo en Marzo. Ya he intentado estudiar Informática antes, en la UdeC, con resultados desastrosos y mucho dinero perdido. Esa vez me sucedió con 18 - 19 años (por inmadurez y por lo que a mi parecer en ese entonces era una enseñanza un poco arcaica), ahora con 26 creo que estoy más preparado en términos de madurez, lo que hace que quiera sacarle el máximo provecho a esta segunda oportunidad.

Me he estado preparando desde Diciembre del 2024, estoy estudiando Desarrollo Web porque es a lo que me gustaría apuntar en mi futuro laboral, pero entiendo que la carrera me va a brindar un espectro más amplio y sobre todo los fundamentos de la computación/programación, etc. No estoy estudiando tanto por el hecho de aprender HTML, CSS, JS u otra cosa, sino que para *Aprender a aprender*. No sólo la habilidad de programar si no de obtener un buen desempeño en mi currículo académico.

Mis conocimientos en Matemáticas no son mi fuerte, es algo que siempre me ha costado y que he tenido que reforzar constantemente, sumemos ahora que debo aprender a programar, es decir, solucionar problemas desde la abstracción y me tiembla la pera un poquito.

Recurro a uds. entonces, para consultarles:

¿Como puedo enfrentar estos próximos 2 añitos para estudiar de forma efectiva y aprender e integrar de mejor manera los conocimientos?

¿Me puedo apoyar de alguna tecnología sea software o hardware, más allá de The Odin Project, freeCodeCamp, udemy / iPad, Tablet, eReader u otro?

[Coming Soon - March 2025](https://i.redd.it/gnhzywtzh0fe1.gif)",neutral
"Dudas sobre Ciberseguridad y como entras Hola, soy egresado de ICI hace unos años y me motiva el tema de la Ciberseguridad solo que mi U no tenia tanto contenido al respecto en su malla ni en cursos electivos, tome si pese a todo un curso electivo de intro a la Ciberseguridad que explicaban cosas basicas sobre encriptacion, codificacion, keys y firmas digitales y algo se hablo de maquinas Kali pero no negare que por darle prioridad a otros ramos no pude meterme tanto al tema de las maquinas Kali.

  
Dado lo anterior estoy pensando en entrar mas al mundo por que me interesa harto y por que quiero expandir mis conocimientos laborales mas alla de lo que hago ahora que es software development pero no estoy muy seguro de donde empezar, he visto un Bootcamp en CodingDojo, un diplomado de Ciberseguridad en la UC y en la UTFSM o simplemente internet y youtube apañarian?

P.D:  Fui ayudante de redes de computadores y sistemas distribuidos y he leido q esos conocimientos igual apañarian en Ciberseguridad, que tan asi es?",neutral
"Licenciatura en Ingeniería en Ciencias de la Computación PUC o Ingeniería Civil Informática en la UTFSM?? Debo elegir entre hoy y mañana a las 13:00 que a que opción postular primero.  
  
Quiero ser capaz de usar motores gráficos en el caso de que me interese hacer simulaciones /juegos, ser capaz de trabajar en el extranjero desde chile o yendo fuera de chile, como también ser capaz de trabajar aquí, según he leído cuesta conseguir trabajo solo con la licenciatura aquí en Chile ¿es eso cierto?.  
  
Quiero ser capaz de entrenar una IA por mi cuenta o con un equipo reducido donde lidere yo, ser libre de viajar y trabajar al mismo tiempo, cosas de ese estilo, poder trabajar aquí en Chile de quererlo. Si yo quisiese sacar la Licenciatura, tendría que sacar un Magister para equivaler a un Ingeniero Civil?, después de tener ese magister podría trabajar tranquilo aquí en Chile y hacerme llamar ""ingeniero"" xd? ya que después de todo sería solo un licenciado y me da la impresión de que sería mirado en menos.

Me pregunto también si es que si estudio una Ingeniería tendría la ""mente de Ingeniero"" como he escuchado decir a gente mayor jaja.

Empezaré a estudiar desde 0 en alguna universidad y ya sé inglés, pero no inglés técnico así como para ingeniería.

Entiendo que la opción más sólida sería ir a ingeniería civil informática en la UTFSM por tener el título, ser una universidad bastante buena y con reconocimiento al menos dentro del país, tendría asegurado que no me voy a morir de hambre digamos.",neutral
"20 de Diciembre de 1907, un día antes de la matanza de la escuela Santa Maria de Iquique ",neutral
"Average house: Puente Alto vs Santa Maria Manquehue, Santiago, Chile. [deleted]",neutral
"Copypastas de frases chilenas Hola gente, creo que es necesario dejar un registro de copypastas para usarlos con sabiduría máxima. Si se me pasó alguno por alto haganme saber y veo que puedo hacer para conseguirmelo.

Aqui van:

Pd: hay un par del huevito rey, descubran de quienes son los otros! Y otra cosa más, no tengo bien claro a que flair podría aplicar este post ya que en verdad esto no es un shitpost y ese es el flair que creo que más encjaría este post.

1.-

Grande Mysterion, Mysterion lo más grande. Choche, chupa el pico maricon culiao. Toma conchetumare. Chancho culiao Chancho culiao Chancho culiao Chancho culiao Cerdo, muerete cerdo asqueroso. Cerdo culiao asqueroso me cago en vo' cerdo culiao y en los canales. Canales de televisión, vengan todos los reporteros a chuparme el pico igual que mega maricones culiaos comanme el moco. Maricones chupenme la raja con caca. Maricones culiaos. Me cago en todos los cerdos. Choche, muerte cerdo culiao amariconao. Ay, acusalo con tu mama, ""Acusalo con tu mama quico"". Acusame con tu mama conchetumare y con los reporterosme limpio el pico y la raja con todo el universo, maricones culiaos

2.-

viska spilli fudbar, vilus spille time...memey? vilus spille memey? yeah, viska spilli fudbar, ah? como reise ti Viña, obisnake vis-visnake herr

3.-

Así que Dross, soy una Amenaza para ti? Por Fin me reconoces como Enemigo digno. sabes Dross, te acabas de meter con el Gamer equivocado, mmhhjajajajajaja Tu crees que amenazandome de la forma que lo hiciste, Pequeño malvado, Me vas a intimidar a mi A VARDOC aquel que se ah terminado todos los i wanna be the guy Practicamente existentes! JajajJajajajaja ahaaaa, INSOLENTE. Dross déjame decirte que acepto el duelo, aquí ahora lo acepto con todas las condiciones y con todas sus reglas! sufrirás al ver el momento, de haberte metido conmigo, GAME OVER que está en mi espalda, me proteja de todos los peligros que vengan de aquí en adelante, dross ,te lo vuelvo a decir ,acepto el duelo y espero que seas bastante hombre, bastante macho, bastante gurerrero, bastante vikingo para aceptar las palabras que has dicho, así es, jugaré battletoads double dragon! y me lo terminaré solo en 7 días desde ahora, este día y el subsiguiente serán muy largos, por más difícil que sea el juego, por más complicado que sean las cosas, yo no me rindo, no como otros, que juegan i wanna be the guy, i wanna be the fangame, mueren y mueren y mueren y no logran avanzar, yo soy un ejemplo para la gente, tu no eres un ejemplo para la gente dross, no , no eres un ejemplo, mi ejemplo es, yo doy la perseverancia a la gente, les demuestro que con perseverancia las cosas se logran, tú que demuestras? mh jajajaja , perdedor, esta es una pelea de 1 a 1 de hombre a hombre así que subscriptores de dross y subscriptores mios, no spameen nuestros canales con comentarios o ni nos insulten a ambos, este es un duelo entre dross y yo, subscriban se a ambos canales, seguirán el duelo día y día, día por día, los 7 días completaré el duelo, llegaré al final y dross perderá, crees que battletoads vs doubledragon es dificil?, crees eso?, como se nota que no has jugado a los demás juegos dross, cuando dices te has terminado todos los i games, mhjajaja no te creo , para que veas que esto no es una broma, me tiraré a mi piscina, para que veas que este es mi verdadero compromiso y no estoy jugando contigo dross, esta agua me purificara de tu mal, del mal que tu emites, verás que saldré victorioso, AAAAAAAH, mha mha mha mha \*suspiros\*, vamos a jugar.4.-

SOPAIPILLAS CHILENAS

Para unas 30 sopaipillas medianas, 20 grandesIngredientes:

* 1 taza de puré de zapallo molido (yo uso en 1/2 lata de pumpkin puree en EEUU)
* 2 tazas de harina
* 2 cucharaditas de polvos de hornear
* 1 cucharadita de sal fina
* 3 cucharadas de manteca vegetal, margarina o mantequilla derretida

Preparación:

1. Colocar la harina, polvos de hornear y la sal en la procesadora de alimentos y pulsar un par de veces para mezclar, agregar el resto de los ingredientes y pulsar hasta obtener una masa suave.
2. O colocar la harina, los polvos de hornear y la sal en un bol amplio y revolver bien para mezclar. Agregar la manteca derretida y el puré de zapallo al centro y amasar hasta obtener una masa homogénea y suave.
3. Dejar reposar 20 minutos.
4. Uslerear sobre el mesón enharinado hasta dejarla del grosor deseado, a mi me gustan delgadas, de 1/2 cm. mas o menos.
5. Calentar el aceite a 180C o 350F.
6. Freír unos 2-3 minutos por lado. Deben quedar bien doradas
7. Sacar a un plato cubierto con toalla de papel para que absorba el aceite sobrante.

5.-

Sabes que tengo rimas muy Buenas Solamente lo viene sacando  Sabes que tengo estilo muy bueno solamente Pulento Sabes que tengo una rima tan buena que al toque te viene matando Raperos parece por eso no pueden hacerlo con todo el estilo en esto mira como tengo una rima tan buena que al toque te viene matando. Mira mi Pana no Puede como yo ya vengo con toda la rima Mas encima mi pana no puede meterlo mira como en el micro yo te gano mira como hablar de velocidad al frente de franchesco

6.-

Wena po barney!

Wena po viejo qlo

¿A cuanto la mano de falopa?

A 8 lukitas para usted mi rey

Wena po palezoico shushetumare ¿aer como está?

\- sonidos inentendibles-

7.-

\-- : Ahora en exclusiva tenemos en nuestro estudio, a un controvertido entrevistado, una  persona que la sociedad, ha ignorado por completo. Sr. Invisible Mudo, buenas tardes

\-- : Cuenteme Sr. Invisible Mudo ¿Por que se querelló?

\-- :¡Pero Sr. Invisible Mudo! ¡Usted esta acusando a una persona realmente famosa! ¡¿Se da cuenta de lo que está haciendo?

\-- : ¡No no no no no no no! No voy a aceptar insultos Sr. Invisible Mudo ¡Es mi programa! Lo siento, su tiempo se acabó, hasta aqui nomas llegó la entrevista

8.-

\+ Alo?

\- Soy yo el chupa

\+ Que pasa hermano

\- Aonde tay?

\+ oe

\- Que?

\+ oe hermano voy con el seba hueón va pegao hermano hueón!!!

\- Quien?

\+ El seba hueón!!

\+ Oe

\- Que?

\+ Oe

\- Este culiao esta pegao en la cara atraezao de un balazo se arranco de la comisaria lo taba esperando al frente.. ta pegao hermanooo! le pegaron en el mate hermano!!!

\+ EL OREJON?

\- Siii hermano vente pa la clinica davila urgente recoleta hermano,  me lo traje pa aca hermano, haga el aguante hermano

\+ Ya..ya ya.

\- Hacela corta oye oye, voh teni alguna persona que cubra pa no llearlo pá alla? improvise hermano no se que hacer conchetumare!!

\+ Aonde tan????

\- Voy pa la clinica davila recoleta hermanoo, vo teni una persona que le vea el mate hermano? le atravezo la cara hermano

\+ Noooo si esa wea es brigido po chuchetumare esa wea es brigidoo loco AONDE TAAAN LOCOO?

\- EN RECOLETA CHUCHETUMARE A ONDE QUERI QUE ME LO LLEVEE? SI EL MACHUCAO TA MAL PO HERMANO, QUE HAGO?

\+ LLEVATELO PAL HOSPITAL QUERI QUE SE MUERA BASTARDO CONCHETUMARE.....ja,ja,ja,ja,ja.

\-CHUCHETUMARE, OE PERKIN Y LA CONCHETUMARE, ME LO LLEVO PÁ LA CLINICA, GUSANO Y LA CONCHETUMARE TE OA SACARTE LA CONCHETUMARE TE IGO ALTIRO, GUSANO Y LA CONCHETUMARE MARICÓN Y LA CONCHETUMARE, VOY CON MI HERMANO HERIDO PÁ LA CAGÁ CHUCHETUMARE TE OA SACARTE LA CONCHETUMARE, JAIKRIL Y LA CONCHETUMARE, TE OA PITIARTE, TE OA CHUCHETUMARE, MI HERMANO SE VA MURIENDO QUE HABLAI WEAS BACAYO Y LA CONCHETUMARE.

\+ HERMANO, CHUCHETUMARE AONDE ESTAN LLEATELO PÁ LA CLINICA LOCO..QUE HUAAÁ...

\-VOY PÁ LA CLINICA DAVILA CHUCHETUMARE, SOY EL UNICO, VOY AQUI CHUCHETUMARE, TOY COMO LOCO, QUE ME HABLAI CHUCHETUMARE VOY LLORANDO SAPO Y LA CONCHETUMARE, VOY LLORANDO...

\+ AONDE..

\- CLÍNICA DAVILA RECOLETA, SAPO CONCHETUMARE...

\+ VAI ESPANTAMOIL LONGI CULIAO. Biiiip.

\- Alo?

\+ Oe hermano, hermano, él él loco es de kinesiologo hueón, no sirve el loco hueón, dice que él lo puee tenerlo, pero es de kinesiologo, eh otra wea na que ver. (Voces) Mira nosotros vamos pá lla pá tu casa ya?.

\+ Hermano, dice que es kinesiologo el loco y no sirve, dice el chupa, no sirve. (Voces) Pura Carne.

\- Oe pá onde lo llean?  Ahhh..pá que lao lo llean?

\+ Ibamos a tirar pa puente hermano.

\- Que yo ando con el taita aquí, porque no y allá en puente que..que.

\+ Oye...no te escucho bien hermanito, dime hablame tranquilo, que paso?

\- Pá que lao lo llevan? (Voces) Llevemolo!!!! Llevemolo!!!

\- Ando con el papá aqui.

\+ Hermano....dime hermano que no te escucho hueón!!!

\- Pa onde lo llean?

\+ Dice pa onde amo a llearlo a la finale poh...el chupa..el chupa.

\+ Pa puente.

\- Ya, ya.

\- Alo?

\+ Quien es?

\- Yo el chupa hermanoo.

\+ Chupa escuchame, escuchame, este culiao esta, esta este culiao esta reaccio reacciona me habla, sae too, sae too, esta atraesao de la cara, pero no del cerebro, este culiao lo lleamos pa la clinica davila. Escuchame!!! Lo lleamos a la clinica davila y ahora me dijo que lo lleve pá la Indisa, un poquito mah arria, asi que seguí por Santa Maria derecho, pá la Indisa (conchetumare!! Los pacos)

9.-

Dijiste tula? Tula la bebida energetica de todos los chilenos. Tomas podrias pasarme la tula ancha .. ahi va la tula. Dijiste Tula? Nueva tula boca ancha sabor pomelo suave que importa el nombre?. Tula la bebida energetica de todos los chilenos, que importa el nombre? .. Nanato Nanato bajame la tula?, Dijiste Tula?? .. por supuesto Tomas, ohh la tula chica ... nueva tula chica para gente grande ! . Tula la bebida energetica de todos los chilenos, que importa el nombre? ... Rodolfo tremenda tula !, dijiste tula? ... nueva bebida gigante tula de 3 litros para los que les gusta la tula y gozan de la tula, que importa el nombre? .. Tula la bebida energetica de todos los chilenos, que importa el nombre? ...Me encanta la tula, la tula si que me refrescaahh .. Tula, te dejara impresionado (OHHHH) .. se me antoja una tula, dijiste tula?, yo te tengo la de siempre .. la chica? SIII, Tula la bebida energetica de todos los chilenos, que importa el nombre? .. TUULAA, EMPIEZA CON TUUU, este si que tiene tula. Tula la bebida energética de todos lo chilenos, que importa el nombre?

10.-

Kung leo ya ha pasado a otro nivel, ahora juega sin mirar, ¡sólo de oído!, observen... ojos cerrados, no hay pillería, no hay trampa, solo instinto. Sonido de Mortal Kombat ¡Brigidoooo! Continúan los sonidos del juego ¡Ahhh, casi! Sonidos del juego ¡BRIIGIDOOOOO, AJAJAJAJAJAJAAAA, SOY EL MÁS BRIGIDO DEL MUNDOOO.

11.-

Mira feo sarnoso y la conchetumare, hijo de la maraca culiá más fea que nadie se quizo culiar por que tenía la zorra olor a reineta y la champa con tiña y unos piojos del porte de un guarén con hormonas por lo que nadie le quizo jamás meter la punta del pico en la mancha con bigotes por temor a contraer gonorrea y andar con la callampa como coliflor y los cocos más irritados que el culo de reo maraco, así que tuviste que mal nacer gracias a que el borracho de tu padre un dia llegó moto yla ramera buena pal ciclope de tu madre se lo violó con la choronga fétida hasta conseguir una gota miserable de eyaculación que cayó al suelo por lo cual se tuvo que resfregar hora y media con la zorra pegada al piso como pulpo para ver si algun espermatozoide rancio le entraba por la vulva leprosa con arestín para después de 9 meses dar a luz al hijo de puta más aweonao que este mundo pudo llegar a albergar al cual no le queda más opción que seguir su destino y prostituirse analmente como taxy boy hasta quedar con hemorroides con el culo tirando besos como boca con colágeno, chupa pico y la perra culia de tu hermana seca pa pintarse los labios menores con la pichula de su perro cachorro por que dice que parece rush la puta culia buena pa la cabeza de haba a la cual me he culiado en reiteradas veces hasta dejarle el choro humeando como volcán de chaiten, y la circcunferencia anal del chico julio como neumático de camión minero. Ese prospecto de mojón caminante culiao capaz de crear este tema imbécil digno de pendejo pokemon amariconado hueco como cuchiflí barquillo sin la mas mínima neurona culia en su microscópico cerebro.

12.-

 Dijiste Tula? Did you say Tula?  Het jy tula gesê? Hast du Tula gesagt? 툴라라고 했니? Tula dicitur? 你说图拉? あなたはTulaと言ったのですか？ Вы сказали, что? Λέξατε την Τούλα; Avez-vous dit Tula? Ar deir tú Tula? Sagde du Tula? Uthi iTula? Hai detto Tula?  Kas te ütlesite Tula? Na u itse Tula? Tula သနည်းဟုမေး Koj puas tau hais tias Tula? Você disse Tula? Hutt Dir gesot datt Tula? Bạn đã nói Tula chưa? -.. .. .--- .. ... - . / - ..- .-.. .- .-.-. 01000100 01101001 01101010 01101001 01110011 01110100 01100101 00100000 01010100 01110101 01101100 01100001 00111111  44 69 6a 69 73 74 65 20 54 75 6c 61 3f  RGlqaXN0ZSBUdWxhPw==  68 105 106 105 115 116 101 32 84 117 108 97 63  104 151 152 151 163 164 145 40 124 165 154 141 77 

13.-

\- Trae el bolso pa’cá pa que echemos choclo, por primera vez que ando robando choclos yo… - ¿Pero los llevamos pa’ Santiago? - Sí, los llevamos pa’ Santiago pa’ que hagamo’ humita’ - Mire, sonría… - Vamos a hacer humitas y pastel, ¿ya? - ¡Sonría! - Sonría, ya… ‘Tan lindos los choclos, primera vez- - Oh, graba bacán la cámara (¡¿Quién anda ahí mierda?!) - ¡Ah! Sht, sht, sht… (¡Oye María, sentí un ruido por allá!) - ¡Nos pillaron! Nos pillaron... - Nos pillaron con-pa… (¡Están robando los choclos estas mierdas!) - ¡Apaga la cámara conchetumare!, nos pillaron… Ahh… Apágala… (¡… mierda!) - ¿Qué pasa? (¡¿Quién ‘ta robando choclos ahí?!) - ¡Nosotros! ¡¿Por qué, conchetumare?! (María, ¡llama a los pacos, mierda!) - Qué te creí, culiao, que porque te roban un choclo vení a webiar, ¡huaso conchetumare! Y vo, vieja maraca culiá, qué te vení a meter vieja conchetumare, ¡te voy a entubar los choclos en la raja! ¡Aquí están tus weas, métetela’ en la raja conchetumare! - Tía… Tía Nana… - ¡Vieja maraca culiá! ¡Huaso culiao!  Corte - Ya Nana vámonos…  - …choclos vieja conchetumare, ¡métetela en la raja! ¡Entúbatelo conchetumare! Ahí están tus choclos, ¡vieja culiá! - Ya Nana, vamos… Arroja mazorca -¡arranca! - ¡Nana, arranca weona! ¡Arra-apreta cachete vieja culiá! - Mira los tomates conchetumar... conchetumare ¡oh! - ¡Weón apúrate, levántate! - ¡Deja pararme conchetumare! - Ya, oye si- - ¡Arranca! - ¡Ya po' Nana! ¡Ya dale weona! - ¡Arranca…! - Conchetu... ¡ah! ¡Puta, quedé todo entomata'o por la chucha…! Ya, apúrate weona, apúrate - ¡Apaga la cámara conchetumare!. 

14.-

&amp;#x200B",neutral
"Trabajé en diversas radios de noticias en regiones AMA Trabajé en diversas radios tanto de cadena (El Conquistador y Bio Bio) como en Radio Santa Maria en Coyhaique.

Mis roles fueron desfe Reportero en Calle, Productor, Locutor y Jefe de Prensa entre el 2008 y el 2014",neutral
"Una ayudita al recién egresado estudiante de 4to camino a la universidad porfa Ya cabros, llego esta época del año denuevo, y como siempre seguramente se llene de posts de esta wea. (Ojala hagan un ""megathread"" donde podamos preguntar weas vocacionales, pero si quieren nmas ph). Ya, la cosa es q igual tengo varias dudas q ojala alguien pueda guiarme. En general me llaman la atencion las ingenierias (nada de lado humanista por supuesto) me estoy decantando por civil informática porq hace unos años tome un mini curso de programación y estuvo entretenía la wea (trabajamos con java, pero mas q dedicarnos a aprender a programar algo, nos enseñaron q hacia cada comando). Siempre he sido medio computin pa mis weas, desde chico asi q creo q me puede llamar la atencion la carrera.

1. Ahora, cuando me puse a mirar las carreras de la u, me empezé a dar cuenta q habian caleta weas similares, pero lo q me llamo la atencion es q ""ing civil informatica"" es una carrera distinta que ""ingenieria civil en computacion"", pa mi siendo un estudiante recien salido de 4to medio las 2 weas suenan igual o q tratan temas muy similares, pero si alguien me puede explicar la diferencia le toy agradecido &lt;2
2. ¿A q universidad debería irme? Se q igual es super subjetiva la pregunta, onda tambn depende de como me vaya el la ptu y tal (igual me he preparado bn el año asi q espero un buen puntaje ph) pero asumiendo el mejor caso, q universidades son las mas prestigiadas en esta carrera? he recibido recomendaciones de:

* La u de chile (Clasica recomendación de la gente)
* La u católica de chile (No me la han nombrao na mucho pero tengo entendido q es buena)
* Universidad Federico Santa Maria (Nombre ql largo pa una u, pero me lo he terminado aprendiendo de memoria con tantas veces q me la han recomendado)
* Usach (Nada q decir, no cacho mucho de esta u)

Y esas son por ahora, si pueden recomendar alguna mas de pana. Tal vez no deberia estar preguntando este tipo de weas por aca, pero ya fue, hoy en dia donde chucha pregunto wn, no voy a ir a ig o facebook a publicar una wea asi de larga, medio testamento y no me pesca nadie ph. Igual puede ser q este no sea el mejor subreddit pa preguntar esta wea tambn, pero si me pueden linkear al correcto mejor. 

Un saludito y buena suerte a los q dan la ptu conmigo este año!",neutral
"Tablatura Cantata santa maria de iquique Ola, quería mostrar que estoy pasando la partitura de la Cantata ( [Partitura de Santa María de Iquique: cantata popular - Memoria Chilena, Biblioteca Nacional de Chile](http://www.memoriachilena.gob.cl/602/w3-article-54105.html) ) al Guitar Pro para tenerla interactiva y hacer una tablatura o lo que sea. No sé si ya exista algo así pero cualquier cosa me avisan. Si quieren me pueden cooperar

No soy profesional en esto y estoy haciendolo para probar y divertirme noma

https://preview.redd.it/q6ebcb0s24ib1.png?width=1920&amp;format=png&amp;auto=webp&amp;s=71f958ed1163af35b62c0bf30e806b798464f786",neutral
"¿Que recuerdan del 9/11 Gringo? Para quienes estaban vivos y concientes en la fecha.

Yo trabajaba en la Torre Santa maría en esos tiempos.

Recuerdo haber visto la primera foto de tal surreal noticia en un email en la oficina (no teniamos acceso libre a internet ni televisión)

Confieso que me estresé igual, porque estar en un edificio de altura similar a las torres gemelas durante ese evento, era pa frikearse sobre todo siendo un vil veinteañero ( y recordando el incendio de la torre santa maria).

Recuerdo el Internet post 911, y una cantidad de sitios conspiratorios gigante (la mayoria ya no existen)

y obviamente ese suceso adiciono un poco de miedo para la primera vez que me subi a un avión.

",negative
ahhh que bonito el sur de chile (foto tomada en santa maria de pua) ,positive
"Ingenieria civil en la Federico Santa Maria vs FEN en la U de Chile El martes se entregan los resultados de la PTU y aun no estoy seguro de que estudiar. 

Como dice el titulo, estaba pensando en entrar a ingenieria civil electrica en la Federico Santa Maria o alguna carrera de la FEN. 

Me han recomendado que es mejor estudiar una ingenieria civil, ya que pagan mejor, pero no estoy seguro de que haya mucha diferencia con la FEN. 

Anyways, me preguntaba que piensan ustedes, si alguna vez han tenido problemas con la empleabilidad viniendo de la Federico o de la FEN. Tambien me interesa tener un desk job y me dijeron que la Federico te prepara para ejercer y la Chile para administrar. Agradezco toda la info que me puedan aportar.

PD: En temas de cual me gusta mas, hace poco me empezaron a interesar el tema de inversiones, pero nada mas allá.",negative
"Duda sobre sector en San Joaquin Entonces, casi todos sabemos q en la zona sur de santiago es algo complicada. Pero sucede, que el próximo año entro a la Federico Santa Maria, y he estado buscando departamentos cerca de esta, y lo mejor que encontré, fue un depa en El Pinar. Mi duda, es de como es el sector, debido a que soy de sector, y no conozco perfectamente como es la zona cerca de la Avenida Vicuña Mackenna. Desde ya, gracias.",neutral
"ingeniería informática en la USM hola soy de conce y estoy pensando en estudiar ingeniería informática en la santa maria de concepción hay alguien que haya salido de ahí? si es asi me podria decir que tal es y si es verdad que la única intención que tienen los profesores es que te eches el ramo

p.d: al parecer la carrera es nueva en conce, pero la malla es igual a las otras :) gracias",neutral
"no se que universidad escoger El próximo año entro a la universidad y me gustaría estudiar ing informática o ing industrial, tengo algunas universidades en mente, La uc, la federico Santa Maria, la autónoma, la u de chile y la Andres bello, no se que tan buenas sean, alguien que estudie ingeniería en esas universidades me diga que tal son, no sé si sea de utilidad pero en un futuro me gustaría enfocarme en lo que es la ciencia de datos",neutral
"Best place/site to rent a room in Santiago? Hi!

Sorry in advance if this isn't the right place to post this. I'm going to Santiago to study at UC Chile and I'm currently lost about where to find a room (not a whole apartment) to rent during the stay (\~6 months). Would you say airbnb is a good place, or is it too overpriced? I've looked a bit and apparently I can find a room for about $300-450 USD per month there (including internet access etc). Is there any other commonly used sites for renting rooms specifically?

Could you recommend a specific neighborhood? From what I could see, apparently there's a subway station near UC Chile (Santa Maria), so I believe any neighborhood that is connected with subway would do the job, but I don't know much about the city. Any help (or tips in general) is very appreciated, and sorry again if this isn't the right subreddit to post this!",neutral
"No me siento bien conmigo mismo Hola, siento que reddit es más para hacer consultas pero queria conversar con gente anonima, solo por eso quiero explicar mi situacion durante este último año.
Los últimos años de colegio sali con buenos promedios y me fue bien en la paes y me decidi por entrar a una buena universidad para estudiar la carrera que me gusta (informatica). Y elegi la usachita pq siempre me ha gustado su malla, aunque la ubicación no sea muy buena, la considere mi primera opción y luego deje la chile y la santa maria.
Entre a la usach, quede en un puesto alto me senti feliz pq habia entrado a la universidad que me gustaba para estudiar. Le conté a mi familia y dijeron que pq no me fui por la chile y la cato que eran mejores que la usach, les dije que no me gustaba la malla y en la cato no me gustaba el ambiente (quiero recalcar que yo de meses antes de hacer la paes les dije que me gustaba la usach, asi que no deberia haber sido una sorpresa para ellos)y se termino la conversación, pero senti que estaban decepcionados de mi, no abrieron más la boca ni para felicitarme, con cuea me preguntan como me ha ido en la u y wn, mi prima estudia medicina en la chile y a ella le bombardean de preguntas sobre como le ha ido, no sé si estare haciendo mucho berrinche pero desde que empece la u he estado arrepintiendome de mi elección y hay veces que no me llegá la motivacion para seguir estudiando cuando realmente me gustan mis profes y mis amigos de la u, me gusta mi u. No sé que hacer pq hay varias veces que ese pensamiento me llegá y no me gusta hablar de mi universidad pq siento que la gente se va a decepcionar de mi por solo un nombre???? En mi familia siempre ha habido el tema de hablar de las notas y las universidades para sacar pica con los hijos de uno y otros y me da lata por mi papá pq siento que no hice la elección correcta, dice que esta bien q si me gustaba y yo era feliz, era lo mejor pero hrmno, me siento tan inseguro, realmente fue lo mejor? Siento que hay veces que me falta apoyo y tengo un amigo que se burla de mi por mi universidad tb, sé que es de broma pero de todas forma me llega afectar su comentario pq recuerdo a mi familia. Quisiera saber que piensan ustedes, que deberia hacer pq no siento que cambiarme a la chile lo solucione. Quiero mucho a la usachita pero este problema no me deja concentrarme en mis estudios.
Puedes decirme lo que quieran, acepto que me reten. Los leo",positive
"Canciones oscuras/Densas/Perturbadoras de autores Chilenos? Aprovechando que fue halloween hace 2 días jjjjaa.
Me interesan estas 2 cosas: el terror/lo oscuro y la música. He estado tratando de averiguar canciones con trasfondos densos u oscuros, o también su sonido. Como ejemplo puedo dar ""Confesiones de un psicópata en La Dehesa"" de Cevlade, hablando sobre el Tila. También la cantata de La matanza de la escuela de Santa Maria de iquique (siendo más, un ""álbum""). Las canciones de ""Neblinum"" también caben, estoy acostumbrado a la música que suena fuerte y densa, pero me impactó cuando se ponía a llorar en una de sus canciones... y bueno, ahí pueden mencionar algunas!",neutral
"Qué tan confiables son los resultados de exámenes de laboratorio en Chile? Hola gente, mi señora se ha estado haciendo exámenes rutinarios y nos entró la duda de que tan confiable son los resultados de laboratorio? Yo pensaría que las clínicas mandan a analizar a terceros y que básicamente todos tienen el mismo proveedor de análisis de resultados.  
Ustedes creen que por ejemplo tomarse un exámen en Integramedica versus una clínica más grande, onda Indisa/Santa Maria/Alemana arrojaría resultados distintos?",neutral
"Opinion Tecnico Telecomunicaciones y conectividad USM hola, tengo varias dudas respecto a la carrera ya mencionada, actualmente lo estoy cursando en la santa maria, considero que la universidad es solida en ámbitos académicos e internacionales pero fuera de eso.

¿creen que es una buena carrera? 

me gustaría especializarme en ciberseguridad, me gusta el código también pero desconozco el campo que puede existir en Chile como en el extranjero.

¿Qué opinan ustedes? los ven necesario?",neutral
"Estudiantes del Liceo Domingo Santa Maria de la ciudad de Arica, denuncian que sus profesores y carabineros entraron de forma violenta y a desmantar la toma de dicho liceo, golpeando a los estudiantes de por medio. [deleted]",negative
"Vale la pena estudiar un tecnico en energias renovables? (santa maria) me estoy volviendo viejo y me urge estudiar alguna wea, esta es de las pocas cosas que me han llamado la antencion. valdra la pena estudiar esta carrera? ta buena la malla o deberia buscar otras opciones?",neutral
alguien de la santa maria (usm) que me pueda ayudar [removed],neutral
alguien de la santa maria (usm) que me pueda ayudar [removed],neutral
"Estudiantes del Liceo Domingo Santa Maria de la ciudad de Arica, denuncian que sus profesores y carabineros entraron de forma violenta a desmantelar la toma de dicho liceo, golpeando a los estudiantes de por medio. ",negative
MBA en la universidad  santa maria [removed],neutral
"Hombres que se han hecho una lipo o procedimientos esteticos Buenas amigos redditores, quisiera saber si podrian compartir sus experiencias con este procedimiento.

Hago deporte y en general me cuido harto pero hay una grasa que definitivamente no baja, siempre que hago procesos de definicion bajo mucho de peso y gano masa muscular pero la zona del pecho y abdomen bajo no baja al punto de como quiero que se vea. Asi que fui por un hack y estoy cotizando una lipo en esas mismas zonas, el doc me ofreció lipo + retraction para la zona del pecho y abdomen en la Santa Maria.  
Lo has hecho o conoces a alguien que lo haya hecho? Me compartirias tu experiencia?

1. Cuanto pagaste.
2. Recomiendas algun lugar?
3. Valio la pena?

Muchas gracias!",neutral
"Canon literario Chileno? Que libros consideran ustedes que son obras fundamentales de la literatura de Chile? 

Quiero empezar a leer, hacerme mi librería y me di cuenta que fuera de los libros que leí en la escuela no tengo mucho conocimiento de autores nacionales ni tampoco de la literatura del país.

Mi idea es leer obras que capturen la identidad Chilena o sucesos que hayan ocurrido (como Santa Maria de las Flores Negras)

Cuales son algunos que consideran ustedes?",neutral
"Consultas de sector para comprar depto Hola! estoy viendo unos deptos en el sector de provi pero cruzando el puente entre salvador-manuel montt, literal quedan como a 1 cuadra de canal 13 y TVN.

  
Es buen sector para vivir? sé que es bellavista pero está harto alejado del webeo de baquedano-pio nono, de hecho están mas arriba que la clinica santa maria.

  
Eso, cualquier opinion ayuda, gracias!",neutral
Universidad Técnica Federico de Santa Maria duda semestre par o impar [removed],neutral
"Como es ing civil informatica en la UV (universidad de valpo)? Buenas kbros/as, queria saber como es estudiar ing civil informatica en la universidad de valparaíso. Queria la santa maria pero no me dio el puntaje, lo mismo con la cato de valpo XD. 
Segun me fije tiene la misma malla que la de la pucv, pero igual cache en un lado que al salir se gana mas en la cato y los profes enseñan bn.
Eso gente, disculpen las molestias.",neutral
Ingeniería en informática Hola este es mi primer post y quería preguntarles si hay alguno que haya estudiado en el duoc ing en informática ya que me gusta el ámbito de la informática y quiero estudiarla y si esta trabajando cuanto es lo que mas o menos gana ya que he visto que muchos dicen que es mejor estudiar ing en informática en una universidad como la universidad federico santa maria ya que ganarías mas,neutral
holaa alguien de la santa maria bueno/a pa fisica?? [removed],neutral
"¿Las carreras de Ingeniería y Ciencias en Chile son más díficiles en comparación a otros países? Sé que suena exagerado y que tal vez muchos no me vayan a creer, pero estuve en Studocu revisando pruebas de universidades de EE. UU y Europa comparandólas con las de universidades chilenas (USM, Beauchef, etc) y no hay punto de comparación, nuestras pruebas son mucho, mucho más díficiles.

Les doy un ejemplo random, comparemos dos Control 2 de Álgebra Lineal [uno de la Chile](https://drive.google.com/file/d/1L3nqhDVv7Coi35mlyGNkOKi54mDTeO6B/view?usp=sharing) y otro de [Purdue University](https://www.math.purdue.edu/~mdd/Teach/MA265_Spring_2021/Exam-2-solutions.pdf) (algo desconocida fuera de USA, pero es bien destacada, no es la Universidad los Tres Chanchitos xd). Si bien para esta segunda es más corta en tiempo, aún así la de la Chile es considerablemente más díficil, el desarrollo es mucho más complejo.

Otro ejemplo, comparen esta [prueba de Física 1 de la Santa Maria](https://www.studocu.com/cl/u/16808051?sid=319342601722143498) con esta otra de la [Universidad Técnica de Múnich](https://www.studocu.com/de/u/26470024?sid=319342601722144324), como ven, los contenidos son más o menos los mismos, pero los ejercicios de la prueba de Alemania son bastante más sencillos. Digo, en la de la USM te ponen 3 torques y 2 ángulos y en la alemana tienes una pura polea, o un ejercicio de cinemática con un solo ángulo.

Obviamente no voy a llenar el post con ejemplos, los pueden buscar ustedes mismos y se van a dar cuenta. Esto me llama mucho la atención, yo estuve dos años en ingeniería civil plan común y el nivel sí era bien alto la verdad, veo estas pruebas gringas y las veo fáciles honestamente. Entre eso y que las carreras afuera son más cortas y tienen menos ramos por semestre, no puedo evitar pensar que directamente son más fáciles. Abro debate.

Edit: pa los que quieran ver las pruebas de la Chile, [acá ](https://drive.google.com/drive/folders/1hFExo5JHLDpp__x50szPEAm8fjrQO6bF)les dejo la nube mechona de donde saqué el ejemplo",neutral
"Continuidad de estudios  Hola gente, quería saber si alguien ha hecho la continuidad de estudios al haber estudiado en un instituto profesional. Yo estudié en el duoc pero igualmente me gustaría sacar la carrera universitaria en la Federico santa maria que da esa opción. Si tienen consejos, experiencias, conocimientos( se puede pagar con cae?); todo me sirve ya que es algo que estoy barajando, actualmente tengo trabajo y es en un lugar en el cual quiero desarrollarme y creo que el tema del título universitario ayudaría bastante para seguir subiendo. Gracias ",neutral
"Santiago locals help me deciding in which barrio i should live! Locals of Santiago, I Need your help!
in one month i am beginning an internship in Santiago. the Company is based in providencia. Now i am looking for a place to live and due to the high costs for Apartments in providencia i plan to rent an Apartment in the centre of Santiago, which is way cheaper. but i have never been to Santiago and thats why i dont know how safe the area is.
the 2 most interesting Apartments are in Bellas Artes. one at santa Maria and recoleta and the other one at vicuna mackenna and virreinato.

can you tell me if ist safe to live there?",neutral
"hay estacionamiento en la clinica santa maria o alrededor?? tengo que ir en la mañana a la clinica y hace poco vivo cerca de ahí, pero no lo suficiente para ir caminando, pero tampoco tan lejos como para pedir un uber.

Puedo ir en auto, pero no sé si hay estacionamiento, no quiero ponerme a
dar vueltas por ahí buscando y perder la hora tampoco.",negative
"Acerca del incendio en la torre Santa María en chile
                                                                           

Este es un tema sensible, totalmente mis condolencias a la gente que murió ese día y a las familias afectadas.                                                     ¿.                                                                                   Dios como odio que está wea pase, hace poco viajando por el inmenso Youtube encontre un reportaje de hace sus 7 años sobre el incendio en la torre santa maria, y me dio lata un tema taaan poco hablado, esa wea sucedio en este pais, y da penca que los cabros de ahora ni sepan que es la santa María, según yo se le da más importancia a temas como el atentado a las gemelas en chile que en otras cosas, OBVIAMENTE esos dos incidentes fueron catastróficos y muy penosos, pero creo que en la educación tan mierda que tenemos de debería como mínimo memoriar la torre y en si, la arquitectura chilena, que opinan?.",negative
"Algunos consejos que me puedan dar de ingenieria en informatica? El tema es que voy en 4°medio y quiero estudiar ingenieria en informatica y no se si irme a la chile, a la federico santa maria o simplemente a los institutos duoc o inacap, tambien en que cosa debo prepararme o mentalizarme al empezar a estudiar, que debo considerar mas importante en la carrera, ese tipo de cosas, para los que hicieron la carrera que consejos me dan?",neutral
"¿Dónde estabas el 11 de septiembre de 2001? Yo estaba en la torre santa maria. Nuestra version local de las twin towers.

Cagado de miedo XD",negative
Estudiar técnico en la Santa Maria [removed],neutral
"Duda sueldo referencia Holaa, escribo esto por que me gustaría saber aprox cual es, en promedio, el sueldo recien egresado de un ingeniero civil informático de la Federico Santa Maria. Voy recién en segundo año de la carrera, y me han dicho q el sueldo recién egresado es bueno, pero me gustaría alguna referencia para hacerme la idea, y plantearme si quiero un futuro acá, o directamente irme a trabajar al extranjero.
Gracias",neutral
"Tengo casi 5 años de experiencia de dev y me metí a estudiar un Tecnico en programación computacional. ¿Qué sigue? Saludos cordiales a todos. Como dije, voy a cumplir 5 años trabajando de programador, mi primera chamba full time (años atrás trabajé pick time haciendo mejoritas a unos script de monitoreo en un server). Pero, no terminé la U, la dejé tirá (el peor cagazo de mi vida). Y ahora me matriculé pa un técnico, están piola los ramos. Mi duda es, conviene la ingeniería informática? Igual es mas carita que el técnico. Y puta, tendrá relevancia si la saco en la usach o federico santa maria vespertino u online? O la saco en cualquier U no más?",neutral
"Ingeniería Civil electrónica USM VS Ingeniería Major Robótica Minor Inteligencia computacional UC vs otros ¿Cuál recomiendan? Estoy viendo carreras, me interesan carreras en areas de tecnología y esas dos me llaman la atención, aunque no rechazo carreras afines. 

Alguien que se dedique a esas áreas o estudió en esas casas de estudio me podría hablar desde su experiencia, de como fue internamente su experiencia, a qué se dedican actualmente, qué herramientas les dio la U, los profesores y compañeros como son, como es la percepción lo que hacen frente a otros profesionales y mitos del perfil que no debo tomar en cuenta. También me sirve la experiencia de aquellos que se fueron a estudiar fuera de su region, para así tomar una decisión más completa. 

Datos a considerar:  
1. Soy de quinta región y la USM me queda a una micro de llegar al frontis, aunque no significa que no pueda ir a Santiago de ser necesario (Asumir que el área monetaria no es limitante, mas bien emocional de no tener la familia cerca).  
2. Si bien sus mallas se parecen harto, me gusta más que sea más abierta a cambios la UC (Dígase que al final tengo una percepción errónea y realmente me quiero ir por otra rama), dígase de paso que las menciones de Electrónica en la USM no me atraen tanto ¿Es posible algo así como solo hacer licenciatura de una carrera y hacer magister en otra (Me gusta mucho el area de IA y la UC, o la UAI si es que me quedo en la quinta región, tiene ese magister pero la USM no)?  
3. La USM se ubica en electronica entre las mejores (A nivel Latinoamérica), al menos eso me han contado ¿Cómo es posible verificarlo? ¿Implica los conocimiento que son capaces de generar dentro de la universidad o más bien la calidad de egresados?   
4. No soy fanático de irme a paro (Conocidos sansanos me dicen que debo estar mentalizado para estar en paros largos)  
5. Es más probable me den beneficios la USM que la UC por notas y también que me va bien en los ensayos de mate como para un año no tener que pagar  
6. He conocido ambos campus, no son determinantes, aunque me gusta el concepto de UC San Joaquin como una ciudadela.",neutral
"¿Porqué en Perú se endiosa la dificultad académica (UNI) en ingeniería mientras aquí se critica/repudia (USM)? Saludos, últimamente he estado viendo algunos videos de la educación superior peruana y lo que mas he visto es sobre la Universidad Nacional de Ingeniería (UNI), que es conocida por tener el examen de admisión mas difícil del Perú y unas matemáticas recomplicadas, y el tema es que el 90% de los comentarios terminan alabando la ""rigurosidad"" de la UNI, que ""forma el carácter"", que se sienten orgullosos de que porten ese sello, que por ello son tan buscados, etc..., incluso este video llega a mostrar un Síndrome de Estocolmo insólito al justificar un profe que rajaba al 100% DE SU CLASE: [https://www.youtube.com/watch?v=QLxrwAB7EgU](https://www.youtube.com/watch?v=QLxrwAB7EgU)

(aunque en los rankings casi ni aparecen, literal he visto a la UNAB mas arriba)

  
Mientras tanto aquí lo mas cercano es la Federico Santa María, y aquí es todo lo contrario, que hasta egresad@s de ahí odian como los profes se creen dioses por rajar porque sí (ni siquiera por la dificultad abstracta, solo por poner ejercicios artificialmente difíciles) y que futuros mechones prefieran o estudiar mas para ir a la UC/UCH o irse a la PUCV/USACH que si bien tambien exigen no es tan cortacabeza y hasta puede tener vida universitaria, aunque en perspectiva l@s alumnis sansanos sean mejor vistos.

Os leo people.",negative
"algún sansano que se haya ido a la uch Hola, voy en segundo año ya casi terminando me atrasé con algunos ramos pero no tanto, ahora me inscribí  a la paes por un tema de que no me gusta la especialidad en donde estoy, estoy pensando en cambiarme a la uch, alguien sabe qué convalidan o cómo es el proceso?",neutral
"¿Ing. civil mecánica (Federico Santa María) en la casa central o campus San Joaquín? Ahora con los resultados de la paes me aseguro un cupo en ambos campus, pero tengo la disyuntiva de estudiar en Sgto. o ir a Valpo para estudiar en la casa central. Algún estudiante Sansano que sepa cual sería la mejor opción para estudiar que me ayude por favor.",neutral
"Transferencia USM -&gt; UChile Eso, ahora con los resultados de las postulaciones ví que quedé fuera de la Chile (tanto de bachillerato como de ingeniería) pero quedé en mi siguiente opción que era Astrofísica en la USM. No tengo nada en contra de la USM, sino todo lo contrario, respeto mucho a los sansanos, pero específicamente para lo que me interesa (temas relacionados a la astronomía), creo que la Chile/Cato son mejores opciones.

Entonces, venía a preguntar si alguien tiene idea de si sería posible eventualmente cambiarme a la Chile/la Cato, incluso si dando la PAES de nuevo no me alcanzara el puntaje, y si es que sí, cómo afectaría esto a la gratuidad. Por ejemplo, si quisiese pasarme a Ingeniería UChile y en vez de hacer la licenciatura en Astronomia me pasase a alguna ingeniería que dura 6 años (vs 4 de las licenciaturas), ¿Cuántos años tendría que pagar por mi cuenta? ¿Sería posible aplicar alguna otra beca del estado entonces?",neutral
"Sansanos en IT Hola, experiencias de sansanos o con sansanos trabajando en IT? Estoy estudiando civil informática y me interesa saber lo siguiente:

Cuanto empezaré ganando
Como les va a los sansanos buscando pega o practica
Si debería cambiarme a ingeniería en informática nomas para hacerla mas corta xd

Se que dependerá el caso, pero es más o menos para tener una noción general.",neutral
